// GENERATED — DO NOT EDIT. Produced by tools/gen_recovery_db.py
#include "game/research/recovery_catalog.h"

namespace swordfare::research {

// SQLite3 database bytes — embedded_recovery.db (92 KB)
static const unsigned char kEmbeddedRecoveryDbBytes[] = {
    0x53, 0x51, 0x4c, 0x69, 0x74, 0x65, 0x20, 0x66, 0x6f, 0x72, 0x6d, 0x61, 0x74, 0x20, 0x33, 0x00,
    0x10, 0x00, 0x01, 0x01, 0x00, 0x40, 0x20, 0x20, 0x00, 0x00, 0x00, 0x03, 0x00, 0x00, 0x00, 0x17,
    0x00, 0x00, 0x00, 0x00, 0x00, 0x00, 0x00, 0x00, 0x00, 0x00, 0x00, 0x09, 0x00, 0x00, 0x00, 0x04,
    0x00, 0x00, 0x00, 0x00, 0x00, 0x00, 0x00, 0x00, 0x00, 0x00, 0x00, 0x01, 0x00, 0x00, 0x00, 0x00,
    0x00, 0x00, 0x00, 0x00, 0x00, 0x00, 0x00, 0x00, 0x00, 0x00, 0x00, 0x00, 0x00, 0x00, 0x00, 0x00,
    0x00, 0x00, 0x00, 0x00, 0x00, 0x00, 0x00, 0x00, 0x00, 0x00, 0x00, 0x00, 0x00, 0x00, 0x00, 0x03,
    0x00, 0x2e, 0x8d, 0xfa, 0x0d, 0x0f, 0xf8, 0x00, 0x12, 0x03, 0x24, 0x00, 0x0f, 0x0b, 0x0f, 0xcb,
    0x0d, 0xd0, 0x0e, 0xdc, 0x0c, 0x6a, 0x0d, 0xa1, 0x0a, 0x28, 0x0c, 0x2f, 0x09, 0x0e, 0x09, 0xf9,
    0x07, 0xb4, 0x08, 0xd5, 0x06, 0x67, 0x07, 0x7b, 0x04, 0x91, 0x06, 0x2c, 0x03, 0x24, 0x04, 0x50,
    0x00, 0x00, 0x00, 0x00, 0x00, 0x00, 0x00, 0x00, 0x00, 0x00, 0x00, 0x00, 0x00, 0x00, 0x00, 0x00,
    0x00, 0x00, 0x00, 0x00, 0x00, 0x00, 0x00, 0x00, 0x00, 0x00, 0x00, 0x00, 0x00, 0x00, 0x00, 0x00,
    0x00, 0x00, 0x00, 0x00, 0x00, 0x00, 0x00, 0x00, 0x00, 0x00, 0x00, 0x00, 0x00, 0x00, 0x00, 0x00,
    0x00, 0x00, 0x00, 0x00, 0x00, 0x00, 0x00, 0x00, 0x00, 0x00, 0x00, 0x00, 0x00, 0x00, 0x00, 0x00,
    0x00, 0x00, 0x00, 0x00, 0x00, 0x00, 0x00, 0x00, 0x00, 0x00, 0x00, 0x00, 0x00, 0x00, 0x00, 0x00,
    0x00, 0x00, 0x00, 0x00, 0x00, 0x00, 0x00, 0x00, 0x00, 0x00, 0x00, 0x00, 0x00, 0x00, 0x00, 0x00,
    0x00, 0x00, 0x00, 0x00, 0x00, 0x00, 0x00, 0x00, 0x00, 0x00, 0x00, 0x00, 0x00, 0x00, 0x00, 0x00,
    0x00, 0x00, 0x00, 0x00, 0x00, 0x00, 0x00, 0x00, 0x00, 0x00, 0x00, 0x00, 0x00, 0x00, 0x00, 0x00,
    0x00, 0x00, 0x00, 0x00, 0x00, 0x00, 0x00, 0x00, 0x00, 0x00, 0x00, 0x00, 0x00, 0x00, 0x00, 0x00,
    0x00, 0x00, 0x00, 0x00, 0x00, 0x00, 0x00, 0x00, 0x00, 0x00, 0x00, 0x00, 0x00, 0x00, 0x00, 0x00,
    0x00, 0x00, 0x00, 0x00, 0x00, 0x00, 0x00, 0x00, 0x00, 0x00, 0x00, 0x00, 0x00, 0x00, 0x00, 0x00,
    0x00, 0x00, 0x00, 0x00, 0x00, 0x00, 0x00, 0x00, 0x00, 0x00, 0x00, 0x00, 0x00, 0x00, 0x00, 0x00,
    0x00, 0x00, 0x00, 0x00, 0x00, 0x00, 0x00, 0x00, 0x00, 0x00, 0x00, 0x00, 0x00, 0x00, 0x00, 0x00,
    0x00, 0x00, 0x00, 0x00, 0x00, 0x00, 0x00, 0x00, 0x00, 0x00, 0x00, 0x00, 0x00, 0x00, 0x00, 0x00,
    0x00, 0x00, 0x00, 0x00, 0x00, 0x00, 0x00, 0x00, 0x00, 0x00, 0x00, 0x00, 0x00, 0x00, 0x00, 0x00,
    0x00, 0x00, 0x00, 0x00, 0x00, 0x00, 0x00, 0x00, 0x00, 0x00, 0x00, 0x00, 0x00, 0x00, 0x00, 0x00,
    0x00, 0x00, 0x00, 0x00, 0x00, 0x00, 0x00, 0x00, 0x00, 0x00, 0x00, 0x00, 0x00, 0x00, 0x00, 0x00,
    0x00, 0x00, 0x00, 0x00, 0x00, 0x00, 0x00, 0x00, 0x00, 0x00, 0x00, 0x00, 0x00, 0x00, 0x00, 0x00,
    0x00, 0x00, 0x00, 0x00, 0x00, 0x00, 0x00, 0x00, 0x00, 0x00, 0x00, 0x00, 0x00, 0x00, 0x00, 0x00,
    0x00, 0x00, 0x00, 0x00, 0x00, 0x00, 0x00, 0x00, 0x00, 0x00, 0x00, 0x00, 0x00, 0x00, 0x00, 0x00,
    0x00, 0x00, 0x00, 0x00, 0x00, 0x00, 0x00, 0x00, 0x00, 0x00, 0x00, 0x00, 0x00, 0x00, 0x00, 0x00,
    0x00, 0x00, 0x00, 0x00, 0x00, 0x00, 0x00, 0x00, 0x00, 0x00, 0x00, 0x00, 0x00, 0x00, 0x00, 0x00,
    0x00, 0x00, 0x00, 0x00, 0x00, 0x00, 0x00, 0x00, 0x00, 0x00, 0x00, 0x00, 0x00, 0x00, 0x00, 0x00,
    0x00, 0x00, 0x00, 0x00, 0x00, 0x00, 0x00, 0x00, 0x00, 0x00, 0x00, 0x00, 0x00, 0x00, 0x00, 0x00,
    0x00, 0x00, 0x00, 0x00, 0x00, 0x00, 0x00, 0x00, 0x00, 0x00, 0x00, 0x00, 0x00, 0x00, 0x00, 0x00,
    0x00, 0x00, 0x00, 0x00, 0x00, 0x00, 0x00, 0x00, 0x00, 0x00, 0x00, 0x00, 0x00, 0x00, 0x00, 0x00,
    0x00, 0x00, 0x00, 0x00, 0x00, 0x00, 0x00, 0x00, 0x00, 0x00, 0x00, 0x00, 0x00, 0x00, 0x00, 0x00,
    0x00, 0x00, 0x00, 0x00, 0x00, 0x00, 0x00, 0x00, 0x00, 0x00, 0x00, 0x00, 0x00, 0x00, 0x00, 0x00,
    0x00, 0x00, 0x00, 0x00, 0x00, 0x00, 0x00, 0x00, 0x00, 0x00, 0x00, 0x00, 0x00, 0x00, 0x00, 0x00,
    0x00, 0x00, 0x00, 0x00, 0x00, 0x00, 0x00, 0x00, 0x00, 0x00, 0x00, 0x00, 0x00, 0x00, 0x00, 0x00,
    0x00, 0x00, 0x00, 0x00, 0x00, 0x00, 0x00, 0x00, 0x00, 0x00, 0x00, 0x00, 0x00, 0x00, 0x00, 0x00,
    0x00, 0x00, 0x00, 0x00, 0x00, 0x00, 0x00, 0x00, 0x00, 0x00, 0x00, 0x00, 0x00, 0x00, 0x00, 0x00,
    0x00, 0x00, 0x00, 0x00, 0x00, 0x00, 0x00, 0x00, 0x00, 0x00, 0x00, 0x00, 0x00, 0x00, 0x00, 0x00,
    0x00, 0x00, 0x00, 0x00, 0x00, 0x00, 0x00, 0x00, 0x00, 0x00, 0x00, 0x00, 0x00, 0x00, 0x00, 0x00,
    0x00, 0x00, 0x00, 0x00, 0x00, 0x00, 0x00, 0x00, 0x00, 0x00, 0x00, 0x00, 0x00, 0x00, 0x00, 0x00,
    0x00, 0x00, 0x00, 0x00, 0x00, 0x00, 0x00, 0x00, 0x00, 0x00, 0x00, 0x00, 0x00, 0x00, 0x00, 0x00,
    0x00, 0x00, 0x00, 0x00, 0x00, 0x00, 0x00, 0x00, 0x00, 0x00, 0x00, 0x00, 0x00, 0x00, 0x00, 0x00,
    0x00, 0x00, 0x00, 0x00, 0x00, 0x00, 0x00, 0x00, 0x00, 0x00, 0x00, 0x00, 0x00, 0x00, 0x00, 0x00,
    0x00, 0x00, 0x00, 0x00, 0x00, 0x00, 0x00, 0x00, 0x00, 0x00, 0x00, 0x00, 0x00, 0x00, 0x00, 0x00,
    0x00, 0x00, 0x00, 0x00, 0x00, 0x00, 0x00, 0x00, 0x00, 0x00, 0x00, 0x00, 0x00, 0x00, 0x00, 0x00,
    0x00, 0x00, 0x00, 0x00, 0x00, 0x00, 0x00, 0x00, 0x00, 0x00, 0x00, 0x00, 0x00, 0x00, 0x00, 0x00,
    0x00, 0x00, 0x00, 0x00, 0x82, 0x29, 0x11, 0x07, 0x17, 0x2d, 0x2d, 0x01, 0x84, 0x05, 0x74, 0x61,
    0x62, 0x6c, 0x65, 0x72, 0x65, 0x63, 0x6f, 0x76, 0x65, 0x72, 0x79, 0x5f, 0x73, 0x6f, 0x75, 0x72,
    0x63, 0x65, 0x73, 0x72, 0x65, 0x63, 0x6f, 0x76, 0x65, 0x72, 0x79, 0x5f, 0x73, 0x6f, 0x75, 0x72,
    0x63, 0x65, 0x73, 0x12, 0x43, 0x52, 0x45, 0x41, 0x54, 0x45, 0x20, 0x54, 0x41, 0x42, 0x4c, 0x45,
    0x20, 0x72, 0x65, 0x63, 0x6f, 0x76, 0x65, 0x72, 0x79, 0x5f, 0x73, 0x6f, 0x75, 0x72, 0x63, 0x65,
    0x73, 0x20, 0x28, 0x0a, 0x20, 0x20, 0x20, 0x20, 0x73, 0x6f, 0x75, 0x72, 0x63, 0x65, 0x5f, 0x69,
    0x64, 0x20, 0x54, 0x45, 0x58, 0x54, 0x20, 0x50, 0x52, 0x49, 0x4d, 0x41, 0x52, 0x59, 0x20, 0x4b,
    0x45, 0x59, 0x2c, 0x0a, 0x20, 0x20, 0x20, 0x20, 0x74, 0x61, 0x72, 0x67, 0x65, 0x74, 0x5f, 0x69,
    0x64, 0x20, 0x54, 0x45, 0x58, 0x54, 0x20, 0x4e, 0x4f, 0x54, 0x20, 0x4e, 0x55, 0x4c, 0x4c, 0x2c,
    0x0a, 0x20, 0x20, 0x20, 0x20, 0x6f, 0x72, 0x69, 0x67, 0x69, 0x6e, 0x20, 0x54, 0x45, 0x58, 0x54,
    0x20, 0x4e, 0x4f, 0x54, 0x20, 0x4e, 0x55, 0x4c, 0x4c, 0x2c, 0x20, 0x2d, 0x2d, 0x20, 0x27, 0x6c,
    0x61, 0x77, 0x6e, 0x63, 0x68, 0x65, 0x72, 0x5f, 0x73, 0x79, 0x6e, 0x63, 0x27, 0x2c, 0x20, 0x27,
    0x69, 0x64, 0x61, 0x5f, 0x76, 0x65, 0x72, 0x69, 0x66, 0x69, 0x65, 0x64, 0x27, 0x2c, 0x20, 0x27,
    0x70, 0x72, 0x6f, 0x74, 0x6f, 0x5f, 0x76, 0x65, 0x72, 0x69, 0x66, 0x69, 0x65, 0x64, 0x27, 0x2c,
    0x20, 0x27, 0x68, 0x65, 0x61, 0x64, 0x65, 0x72, 0x5f, 0x63, 0x6f, 0x6e, 0x66, 0x6c, 0x69, 0x63,
    0x74, 0x27, 0x0a, 0x20, 0x20, 0x20, 0x20, 0x63, 0x69, 0x74, 0x61, 0x74, 0x69, 0x6f, 0x6e, 0x20,
    0x54, 0x45, 0x58, 0x54, 0x20, 0x4e, 0x4f, 0x54, 0x20, 0x4e, 0x55, 0x4c, 0x4c, 0x2c, 0x0a, 0x20,
    0x20, 0x20, 0x20, 0x76, 0x65, 0x72, 0x69, 0x66, 0x69, 0x65, 0x64, 0x5f, 0x64, 0x61, 0x74, 0x65,
    0x20, 0x54, 0x45, 0x58, 0x54, 0x20, 0x4e, 0x4f, 0x54, 0x20, 0x4e, 0x55, 0x4c, 0x4c, 0x0a, 0x29,
    0x3f, 0x12, 0x06, 0x17, 0x53, 0x2d, 0x01, 0x00, 0x69, 0x6e, 0x64, 0x65, 0x78, 0x73, 0x71, 0x6c,
    0x69, 0x74, 0x65, 0x5f, 0x61, 0x75, 0x74, 0x6f, 0x69, 0x6e, 0x64, 0x65, 0x78, 0x5f, 0x72, 0x65,
    0x63, 0x6f, 0x76, 0x65, 0x72, 0x79, 0x5f, 0x73, 0x6f, 0x75, 0x72, 0x63, 0x65, 0x73, 0x5f, 0x31,
    0x72, 0x65, 0x63, 0x6f, 0x76, 0x65, 0x72, 0x79, 0x5f, 0x73, 0x6f, 0x75, 0x72, 0x63, 0x65, 0x73,
    0x13, 0x83, 0x18, 0x0f, 0x07, 0x17, 0x27, 0x27, 0x01, 0x85, 0x6f, 0x74, 0x61, 0x62, 0x6c, 0x65,
    0x72, 0x65, 0x6c, 0x61, 0x74, 0x69, 0x6f, 0x6e, 0x73, 0x68, 0x69, 0x70, 0x73, 0x72, 0x65, 0x6c,
    0x61, 0x74, 0x69, 0x6f, 0x6e, 0x73, 0x68, 0x69, 0x70, 0x73, 0x10, 0x43, 0x52, 0x45, 0x41, 0x54,
    0x45, 0x20, 0x54, 0x41, 0x42, 0x4c, 0x45, 0x20, 0x72, 0x65, 0x6c, 0x61, 0x74, 0x69, 0x6f, 0x6e,
    0x73, 0x68, 0x69, 0x70, 0x73, 0x20, 0x28, 0x0a, 0x20, 0x20, 0x20, 0x20, 0x66, 0x72, 0x6f, 0x6d,
    0x5f, 0x73, 0x74, 0x72, 0x75, 0x63, 0x74, 0x5f, 0x69, 0x64, 0x20, 0x54, 0x45, 0x58, 0x54, 0x20,
    0x4e, 0x4f, 0x54, 0x20, 0x4e, 0x55, 0x4c, 0x4c, 0x20, 0x52, 0x45, 0x46, 0x45, 0x52, 0x45, 0x4e,
    0x43, 0x45, 0x53, 0x20, 0x73, 0x74, 0x72, 0x75, 0x63, 0x74, 0x73, 0x28, 0x73, 0x74, 0x72, 0x75,
    0x63, 0x74, 0x5f, 0x69, 0x64, 0x29, 0x2c, 0x0a, 0x20, 0x20, 0x20, 0x20, 0x6f, 0x66, 0x66, 0x73,
    0x65, 0x74, 0x5f, 0x61, 0x72, 0x6d, 0x36, 0x34, 0x20, 0x49, 0x4e, 0x54, 0x45, 0x47, 0x45, 0x52,
    0x20, 0x4e, 0x4f, 0x54, 0x20, 0x4e, 0x55, 0x4c, 0x4c, 0x2c, 0x0a, 0x20, 0x20, 0x20, 0x20, 0x74,
    0x6f, 0x5f, 0x73, 0x74, 0x72, 0x75, 0x63, 0x74, 0x5f, 0x69, 0x64, 0x20, 0x54, 0x45, 0x58, 0x54,
    0x20, 0x4e, 0x4f, 0x54, 0x20, 0x4e, 0x55, 0x4c, 0x4c, 0x20, 0x52, 0x45, 0x46, 0x45, 0x52, 0x45,
    0x4e, 0x43, 0x45, 0x53, 0x20, 0x73, 0x74, 0x72, 0x75, 0x63, 0x74, 0x73, 0x28, 0x73, 0x74, 0x72,
    0x75, 0x63, 0x74, 0x5f, 0x69, 0x64, 0x29, 0x2c, 0x0a, 0x20, 0x20, 0x20, 0x20, 0x72, 0x65, 0x6c,
    0x5f, 0x6b, 0x69, 0x6e, 0x64, 0x20, 0x54, 0x45, 0x58, 0x54, 0x20, 0x4e, 0x4f, 0x54, 0x20, 0x4e,
    0x55, 0x4c, 0x4c, 0x2c, 0x20, 0x2d, 0x2d, 0x20, 0x27, 0x45, 0x4d, 0x42, 0x45, 0x44, 0x44, 0x45,
    0x44, 0x27, 0x2c, 0x20, 0x27, 0x52, 0x41, 0x57, 0x5f, 0x50, 0x54, 0x52, 0x27, 0x2c, 0x20, 0x27,
    0x53, 0x48, 0x41, 0x52, 0x45, 0x44, 0x5f, 0x50, 0x54, 0x52, 0x27, 0x2c, 0x20, 0x27, 0x49, 0x4e,
    0x54, 0x52, 0x55, 0x53, 0x49, 0x56, 0x45, 0x5f, 0x50, 0x54, 0x52, 0x27, 0x2c, 0x20, 0x27, 0x56,
    0x45, 0x43, 0x54, 0x4f, 0x52, 0x27, 0x2c, 0x20, 0x27, 0x53, 0x45, 0x54, 0x27, 0x0a, 0x20, 0x20,
    0x20, 0x20, 0x63, 0x6f, 0x6e, 0x74, 0x61, 0x69, 0x6e, 0x65, 0x72, 0x5f, 0x65, 0x6c, 0x65, 0x6d,
    0x5f, 0x74, 0x79, 0x70, 0x65, 0x20, 0x54, 0x45, 0x58, 0x54, 0x2c, 0x0a, 0x20, 0x20, 0x20, 0x20,
    0x50, 0x52, 0x49, 0x4d, 0x41, 0x52, 0x59, 0x20, 0x4b, 0x45, 0x59, 0x20, 0x28, 0x66, 0x72, 0x6f,
    0x6d, 0x5f, 0x73, 0x74, 0x72, 0x75, 0x63, 0x74, 0x5f, 0x69, 0x64, 0x2c, 0x20, 0x6f, 0x66, 0x66,
    0x73, 0x65, 0x74, 0x5f, 0x61, 0x72, 0x6d, 0x36, 0x34, 0x29, 0x0a, 0x29, 0x39, 0x10, 0x06, 0x17,
    0x4d, 0x27, 0x01, 0x00, 0x69, 0x6e, 0x64, 0x65, 0x78, 0x73, 0x71, 0x6c, 0x69, 0x74, 0x65, 0x5f,
    0x61, 0x75, 0x74, 0x6f, 0x69, 0x6e, 0x64, 0x65, 0x78, 0x5f, 0x72, 0x65, 0x6c, 0x61, 0x74, 0x69,
    0x6f, 0x6e, 0x73, 0x68, 0x69, 0x70, 0x73, 0x5f, 0x31, 0x72, 0x65, 0x6c, 0x61, 0x74, 0x69, 0x6f,
    0x6e, 0x73, 0x68, 0x69, 0x70, 0x73, 0x11, 0x82, 0x11, 0x0d, 0x07, 0x17, 0x25, 0x25, 0x01, 0x83,
    0x65, 0x74, 0x61, 0x62, 0x6c, 0x65, 0x70, 0x72, 0x6f, 0x74, 0x6f, 0x5f, 0x66, 0x69, 0x65, 0x6c,
    0x64, 0x73, 0x70, 0x72, 0x6f, 0x74, 0x6f, 0x5f, 0x66, 0x69, 0x65, 0x6c, 0x64, 0x73, 0x0e, 0x43,
    0x52, 0x45, 0x41, 0x54, 0x45, 0x20, 0x54, 0x41, 0x42, 0x4c, 0x45, 0x20, 0x70, 0x72, 0x6f, 0x74,
    0x6f, 0x5f, 0x66, 0x69, 0x65, 0x6c, 0x64, 0x73, 0x20, 0x28, 0x0a, 0x20, 0x20, 0x20, 0x20, 0x73,
    0x74, 0x72, 0x75, 0x63, 0x74, 0x5f, 0x69, 0x64, 0x20, 0x54, 0x45, 0x58, 0x54, 0x20, 0x4e, 0x4f,
    0x54, 0x20, 0x4e, 0x55, 0x4c, 0x4c, 0x20, 0x52, 0x45, 0x46, 0x45, 0x52, 0x45, 0x4e, 0x43, 0x45,
    0x53, 0x20, 0x73, 0x74, 0x72, 0x75, 0x63, 0x74, 0x73, 0x28, 0x73, 0x74, 0x72, 0x75, 0x63, 0x74,
    0x5f, 0x69, 0x64, 0x29, 0x2c, 0x0a, 0x20, 0x20, 0x20, 0x20, 0x66, 0x69, 0x65, 0x6c, 0x64, 0x5f,
    0x6f, 0x66, 0x66, 0x73, 0x65, 0x74, 0x5f, 0x61, 0x72, 0x6d, 0x36, 0x34, 0x20, 0x49, 0x4e, 0x54,
    0x45, 0x47, 0x45, 0x52, 0x20, 0x4e, 0x4f, 0x54, 0x20, 0x4e, 0x55, 0x4c, 0x4c, 0x2c, 0x0a, 0x20,
    0x20, 0x20, 0x20, 0x70, 0x72, 0x6f, 0x74, 0x6f, 0x5f, 0x6e, 0x75, 0x6d, 0x62, 0x65, 0x72, 0x20,
    0x49, 0x4e, 0x54, 0x45, 0x47, 0x45, 0x52, 0x20, 0x4e, 0x4f, 0x54, 0x20, 0x4e, 0x55, 0x4c, 0x4c,
    0x2c, 0x0a, 0x20, 0x20, 0x20, 0x20, 0x70, 0x72, 0x6f, 0x74, 0x6f, 0x5f, 0x74, 0x79, 0x70, 0x65,
    0x20, 0x54, 0x45, 0x58, 0x54, 0x20, 0x4e, 0x4f, 0x54, 0x20, 0x4e, 0x55, 0x4c, 0x4c, 0x2c, 0x0a,
    0x20, 0x20, 0x20, 0x20, 0x50, 0x52, 0x49, 0x4d, 0x41, 0x52, 0x59, 0x20, 0x4b, 0x45, 0x59, 0x20,
    0x28, 0x73, 0x74, 0x72, 0x75, 0x63, 0x74, 0x5f, 0x69, 0x64, 0x2c, 0x20, 0x70, 0x72, 0x6f, 0x74,
    0x6f, 0x5f, 0x6e, 0x75, 0x6d, 0x62, 0x65, 0x72, 0x29, 0x0a, 0x29, 0x37, 0x0e, 0x06, 0x17, 0x4b,
    0x25, 0x01, 0x00, 0x69, 0x6e, 0x64, 0x65, 0x78, 0x73, 0x71, 0x6c, 0x69, 0x74, 0x65, 0x5f, 0x61,
    0x75, 0x74, 0x6f, 0x69, 0x6e, 0x64, 0x65, 0x78, 0x5f, 0x70, 0x72, 0x6f, 0x74, 0x6f, 0x5f, 0x66,
    0x69, 0x65, 0x6c, 0x64, 0x73, 0x5f, 0x31, 0x70, 0x72, 0x6f, 0x74, 0x6f, 0x5f, 0x66, 0x69, 0x65,
    0x6c, 0x64, 0x73, 0x0f, 0x82, 0x1e, 0x0b, 0x07, 0x17, 0x25, 0x25, 0x01, 0x83, 0x7f, 0x74, 0x61,
    0x62, 0x6c, 0x65, 0x76, 0x74, 0x61, 0x62, 0x6c, 0x65, 0x5f, 0x73, 0x6c, 0x6f, 0x74, 0x73, 0x76,
    0x74, 0x61, 0x62, 0x6c, 0x65, 0x5f, 0x73, 0x6c, 0x6f, 0x74, 0x73, 0x0c, 0x43, 0x52, 0x45, 0x41,
    0x54, 0x45, 0x20, 0x54, 0x41, 0x42, 0x4c, 0x45, 0x20, 0x76, 0x74, 0x61, 0x62, 0x6c, 0x65, 0x5f,
    0x73, 0x6c, 0x6f, 0x74, 0x73, 0x20, 0x28, 0x0a, 0x20, 0x20, 0x20, 0x20, 0x76, 0x74, 0x61, 0x62,
    0x6c, 0x65, 0x5f, 0x69, 0x64, 0x20, 0x54, 0x45, 0x58, 0x54, 0x20, 0x4e, 0x4f, 0x54, 0x20, 0x4e,
    0x55, 0x4c, 0x4c, 0x20, 0x52, 0x45, 0x46, 0x45, 0x52, 0x45, 0x4e, 0x43, 0x45, 0x53, 0x20, 0x76,
    0x74, 0x61, 0x62, 0x6c, 0x65, 0x73, 0x28, 0x76, 0x74, 0x61, 0x62, 0x6c, 0x65, 0x5f, 0x69, 0x64,
    0x29, 0x2c, 0x0a, 0x20, 0x20, 0x20, 0x20, 0x73, 0x6c, 0x6f, 0x74, 0x5f, 0x69, 0x6e, 0x64, 0x65,
    0x78, 0x20, 0x49, 0x4e, 0x54, 0x45, 0x47, 0x45, 0x52, 0x20, 0x4e, 0x4f, 0x54, 0x20, 0x4e, 0x55,
    0x4c, 0x4c, 0x2c, 0x0a, 0x20, 0x20, 0x20, 0x20, 0x73, 0x6c, 0x6f, 0x74, 0x5f, 0x6f, 0x66, 0x66,
    0x73, 0x65, 0x74, 0x20, 0x49, 0x4e, 0x54, 0x45, 0x47, 0x45, 0x52, 0x20, 0x4e, 0x4f, 0x54, 0x20,
    0x4e, 0x55, 0x4c, 0x4c, 0x2c, 0x0a, 0x20, 0x20, 0x20, 0x20, 0x74, 0x61, 0x72, 0x67, 0x65, 0x74,
    0x5f, 0x66, 0x75, 0x6e, 0x63, 0x5f, 0x72, 0x76, 0x61, 0x20, 0x49, 0x4e, 0x54, 0x45, 0x47, 0x45,
    0x52, 0x2c, 0x0a, 0x20, 0x20, 0x20, 0x20, 0x64, 0x65, 0x6d, 0x61, 0x6e, 0x67, 0x6c, 0x65, 0x64,
    0x5f, 0x6e, 0x61, 0x6d, 0x65, 0x20, 0x54, 0x45, 0x58, 0x54, 0x2c, 0x0a, 0x20, 0x20, 0x20, 0x20,
    0x50, 0x52, 0x49, 0x4d, 0x41, 0x52, 0x59, 0x20, 0x4b, 0x45, 0x59, 0x20, 0x28, 0x76, 0x74, 0x61,
    0x62, 0x6c, 0x65, 0x5f, 0x69, 0x64, 0x2c, 0x20, 0x73, 0x6c, 0x6f, 0x74, 0x5f, 0x69, 0x6e, 0x64,
    0x65, 0x78, 0x29, 0x0a, 0x29, 0x37, 0x0c, 0x06, 0x17, 0x4b, 0x25, 0x01, 0x00, 0x69, 0x6e, 0x64,
    0x65, 0x78, 0x73, 0x71, 0x6c, 0x69, 0x74, 0x65, 0x5f, 0x61, 0x75, 0x74, 0x6f, 0x69, 0x6e, 0x64,
    0x65, 0x78, 0x5f, 0x76, 0x74, 0x61, 0x62, 0x6c, 0x65, 0x5f, 0x73, 0x6c, 0x6f, 0x74, 0x73, 0x5f,
    0x31, 0x76, 0x74, 0x61, 0x62, 0x6c, 0x65, 0x5f, 0x73, 0x6c, 0x6f, 0x74, 0x73, 0x0d, 0x81, 0x68,
    0x09, 0x07, 0x17, 0x1b, 0x1b, 0x01, 0x83, 0x27, 0x74, 0x61, 0x62, 0x6c, 0x65, 0x76, 0x74, 0x61,
    0x62, 0x6c, 0x65, 0x73, 0x76, 0x74, 0x61, 0x62, 0x6c, 0x65, 0x73, 0x0a, 0x43, 0x52, 0x45, 0x41,
    0x54, 0x45, 0x20, 0x54, 0x41, 0x42, 0x4c, 0x45, 0x20, 0x76, 0x74, 0x61, 0x62, 0x6c, 0x65, 0x73,
    0x20, 0x28, 0x0a, 0x20, 0x20, 0x20, 0x20, 0x76, 0x74, 0x61, 0x62, 0x6c, 0x65, 0x5f, 0x69, 0x64,
    0x20, 0x54, 0x45, 0x58, 0x54, 0x20, 0x50, 0x52, 0x49, 0x4d, 0x41, 0x52, 0x59, 0x20, 0x4b, 0x45,
    0x59, 0x2c, 0x0a, 0x20, 0x20, 0x20, 0x20, 0x73, 0x74, 0x72, 0x75, 0x63, 0x74, 0x5f, 0x69, 0x64,
    0x20, 0x54, 0x45, 0x58, 0x54, 0x20, 0x4e, 0x4f, 0x54, 0x20, 0x4e, 0x55, 0x4c, 0x4c, 0x20, 0x52,
    0x45, 0x46, 0x45, 0x52, 0x45, 0x4e, 0x43, 0x45, 0x53, 0x20, 0x73, 0x74, 0x72, 0x75, 0x63, 0x74,
    0x73, 0x28, 0x73, 0x74, 0x72, 0x75, 0x63, 0x74, 0x5f, 0x69, 0x64, 0x29, 0x2c, 0x0a, 0x20, 0x20,
    0x20, 0x20, 0x76, 0x74, 0x61, 0x62, 0x6c, 0x65, 0x5f, 0x72, 0x76, 0x61, 0x20, 0x49, 0x4e, 0x54,
    0x45, 0x47, 0x45, 0x52, 0x20, 0x4e, 0x4f, 0x54, 0x20, 0x4e, 0x55, 0x4c, 0x4c, 0x2c, 0x0a, 0x20,
    0x20, 0x20, 0x20, 0x69, 0x6e, 0x74, 0x65, 0x72, 0x66, 0x61, 0x63, 0x65, 0x5f, 0x6e, 0x61, 0x6d,
    0x65, 0x20, 0x54, 0x45, 0x58, 0x54, 0x2c, 0x0a, 0x20, 0x20, 0x20, 0x20, 0x73, 0x6c, 0x6f, 0x74,
    0x5f, 0x63, 0x6f, 0x75, 0x6e, 0x74, 0x20, 0x49, 0x4e, 0x54, 0x45, 0x47, 0x45, 0x52, 0x20, 0x4e,
    0x4f, 0x54, 0x20, 0x4e, 0x55, 0x4c, 0x4c, 0x0a, 0x29, 0x2d, 0x0a, 0x06, 0x17, 0x41, 0x1b, 0x01,
    0x00, 0x69, 0x6e, 0x64, 0x65, 0x78, 0x73, 0x71, 0x6c, 0x69, 0x74, 0x65, 0x5f, 0x61, 0x75, 0x74,
    0x6f, 0x69, 0x6e, 0x64, 0x65, 0x78, 0x5f, 0x76, 0x74, 0x61, 0x62, 0x6c, 0x65, 0x73, 0x5f, 0x31,
    0x76, 0x74, 0x61, 0x62, 0x6c, 0x65, 0x73, 0x0b, 0x84, 0x04, 0x07, 0x07, 0x17, 0x27, 0x27, 0x01,
    0x87, 0x47, 0x74, 0x61, 0x62, 0x6c, 0x65, 0x73, 0x74, 0x72, 0x75, 0x63, 0x74, 0x5f, 0x66, 0x69,
    0x65, 0x6c, 0x64, 0x73, 0x73, 0x74, 0x72, 0x75, 0x63, 0x74, 0x5f, 0x66, 0x69, 0x65, 0x6c, 0x64,
    0x73, 0x08, 0x43, 0x52, 0x45, 0x41, 0x54, 0x45, 0x20, 0x54, 0x41, 0x42, 0x4c, 0x45, 0x20, 0x73,
    0x74, 0x72, 0x75, 0x63, 0x74, 0x5f, 0x66, 0x69, 0x65, 0x6c, 0x64, 0x73, 0x20, 0x28, 0x0a, 0x20,
    0x20, 0x20, 0x20, 0x66, 0x69, 0x65, 0x6c, 0x64, 0x5f, 0x69, 0x64, 0x20, 0x54, 0x45, 0x58, 0x54,
    0x20, 0x50, 0x52, 0x49, 0x4d, 0x41, 0x52, 0x59, 0x20, 0x4b, 0x45, 0x59, 0x2c, 0x0a, 0x20, 0x20,
    0x20, 0x20, 0x73, 0x74, 0x72, 0x75, 0x63, 0x74, 0x5f, 0x69, 0x64, 0x20, 0x54, 0x45, 0x58, 0x54,
    0x20, 0x4e, 0x4f, 0x54, 0x20, 0x4e, 0x55, 0x4c, 0x4c, 0x20, 0x52, 0x45, 0x46, 0x45, 0x52, 0x45,
    0x4e, 0x43, 0x45, 0x53, 0x20, 0x73, 0x74, 0x72, 0x75, 0x63, 0x74, 0x73, 0x28, 0x73, 0x74, 0x72,
    0x75, 0x63, 0x74, 0x5f, 0x69, 0x64, 0x29, 0x2c, 0x0a, 0x20, 0x20, 0x20, 0x20, 0x6f, 0x66, 0x66,
    0x73, 0x65, 0x74, 0x5f, 0x61, 0x72, 0x6d, 0x36, 0x34, 0x20, 0x49, 0x4e, 0x54, 0x45, 0x47, 0x45,
    0x52, 0x20, 0x4e, 0x4f, 0x54, 0x20, 0x4e, 0x55, 0x4c, 0x4c, 0x2c, 0x0a, 0x20, 0x20, 0x20, 0x20,
    0x6f, 0x66, 0x66, 0x73, 0x65, 0x74, 0x5f, 0x61, 0x72, 0x6d, 0x33, 0x32, 0x20, 0x49, 0x4e, 0x54,
    0x45, 0x47, 0x45, 0x52, 0x2c, 0x0a, 0x20, 0x20, 0x20, 0x20, 0x73, 0x69, 0x7a, 0x65, 0x20, 0x49,
    0x4e, 0x54, 0x45, 0x47, 0x45, 0x52, 0x20, 0x4e, 0x4f, 0x54, 0x20, 0x4e, 0x55, 0x4c, 0x4c, 0x2c,
    0x0a, 0x20, 0x20, 0x20, 0x20, 0x74, 0x79, 0x70, 0x65, 0x5f, 0x6e, 0x61, 0x6d, 0x65, 0x20, 0x54,
    0x45, 0x58, 0x54, 0x20, 0x4e, 0x4f, 0x54, 0x20, 0x4e, 0x55, 0x4c, 0x4c, 0x2c, 0x0a, 0x20, 0x20,
    0x20, 0x20, 0x63, 0x61, 0x6e, 0x6f, 0x6e, 0x69, 0x63, 0x61, 0x6c, 0x5f, 0x6e, 0x61, 0x6d, 0x65,
    0x20, 0x54, 0x45, 0x58, 0x54, 0x20, 0x4e, 0x4f, 0x54, 0x20, 0x4e, 0x55, 0x4c, 0x4c, 0x2c, 0x0a,
    0x20, 0x20, 0x20, 0x20, 0x69, 0x73, 0x5f, 0x65, 0x6d, 0x62, 0x65, 0x64, 0x64, 0x65, 0x64, 0x20,
    0x42, 0x4f, 0x4f, 0x4c, 0x45, 0x41, 0x4e, 0x20, 0x4e, 0x4f, 0x54, 0x20, 0x4e, 0x55, 0x4c, 0x4c,
    0x20, 0x44, 0x45, 0x46, 0x41, 0x55, 0x4c, 0x54, 0x20, 0x30, 0x2c, 0x0a, 0x20, 0x20, 0x20, 0x20,
    0x63, 0x6f, 0x6e, 0x66, 0x69, 0x64, 0x65, 0x6e, 0x63, 0x65, 0x20, 0x54, 0x45, 0x58, 0x54, 0x20,
    0x4e, 0x4f, 0x54, 0x20, 0x4e, 0x55, 0x4c, 0x4c, 0x2c, 0x20, 0x2d, 0x2d, 0x20, 0x27, 0x4b, 0x4e,
    0x4f, 0x57, 0x4e, 0x27, 0x2c, 0x20, 0x27, 0x49, 0x4e, 0x46, 0x45, 0x52, 0x52, 0x45, 0x44, 0x27,
    0x2c, 0x20, 0x27, 0x4f, 0x42, 0x53, 0x45, 0x52, 0x56, 0x45, 0x44, 0x27, 0x2c, 0x20, 0x27, 0x53,
    0x55, 0x53, 0x50, 0x45, 0x43, 0x54, 0x45, 0x44, 0x27, 0x2c, 0x20, 0x27, 0x41, 0x4d, 0x42, 0x49,
    0x47, 0x55, 0x4f, 0x55, 0x53, 0x27, 0x2c, 0x20, 0x27, 0x55, 0x4e, 0x52, 0x45, 0x53, 0x4f, 0x4c,
    0x56, 0x45, 0x44, 0x27, 0x0a, 0x20, 0x20, 0x20, 0x20, 0x75, 0x6e, 0x73, 0x61, 0x66, 0x65, 0x5f,
    0x72, 0x61, 0x77, 0x20, 0x42, 0x4f, 0x4f, 0x4c, 0x45, 0x41, 0x4e, 0x20, 0x4e, 0x4f, 0x54, 0x20,
    0x4e, 0x55, 0x4c, 0x4c, 0x20, 0x44, 0x45, 0x46, 0x41, 0x55, 0x4c, 0x54, 0x20, 0x30, 0x2c, 0x0a,
    0x20, 0x20, 0x20, 0x20, 0x6e, 0x6f, 0x74, 0x65, 0x20, 0x54, 0x45, 0x58, 0x54, 0x0a, 0x29, 0x39,
    0x08, 0x06, 0x17, 0x4d, 0x27, 0x01, 0x00, 0x69, 0x6e, 0x64, 0x65, 0x78, 0x73, 0x71, 0x6c, 0x69,
    0x74, 0x65, 0x5f, 0x61, 0x75, 0x74, 0x6f, 0x69, 0x6e, 0x64, 0x65, 0x78, 0x5f, 0x73, 0x74, 0x72,
    0x75, 0x63, 0x74, 0x5f, 0x66, 0x69, 0x65, 0x6c, 0x64, 0x73, 0x5f, 0x31, 0x73, 0x74, 0x72, 0x75,
    0x63, 0x74, 0x5f, 0x66, 0x69, 0x65, 0x6c, 0x64, 0x73, 0x09, 0x82, 0x34, 0x05, 0x07, 0x17, 0x1b,
    0x1b, 0x01, 0x84, 0x3f, 0x74, 0x61, 0x62, 0x6c, 0x65, 0x73, 0x74, 0x72, 0x75, 0x63, 0x74, 0x73,
    0x73, 0x74, 0x72, 0x75, 0x63, 0x74, 0x73, 0x06, 0x43, 0x52, 0x45, 0x41, 0x54, 0x45, 0x20, 0x54,
    0x41, 0x42, 0x4c, 0x45, 0x20, 0x73, 0x74, 0x72, 0x75, 0x63, 0x74, 0x73, 0x20, 0x28, 0x0a, 0x20,
    0x20, 0x20, 0x20, 0x73, 0x74, 0x72, 0x75, 0x63, 0x74, 0x5f, 0x69, 0x64, 0x20, 0x54, 0x45, 0x58,
    0x54, 0x20, 0x50, 0x52, 0x49, 0x4d, 0x41, 0x52, 0x59, 0x20, 0x4b, 0x45, 0x59, 0x2c, 0x0a, 0x20,
    0x20, 0x20, 0x20, 0x62, 0x75, 0x69, 0x6c, 0x64, 0x5f, 0x69, 0x64, 0x20, 0x54, 0x45, 0x58, 0x54,
    0x20, 0x4e, 0x4f, 0x54, 0x20, 0x4e, 0x55, 0x4c, 0x4c, 0x20, 0x52, 0x45, 0x46, 0x45, 0x52, 0x45,
    0x4e, 0x43, 0x45, 0x53, 0x20, 0x62, 0x75, 0x69, 0x6c, 0x64, 0x73, 0x28, 0x62, 0x75, 0x69, 0x6c,
    0x64, 0x5f, 0x69, 0x64, 0x29, 0x2c, 0x0a, 0x20, 0x20, 0x20, 0x20, 0x6e, 0x61, 0x6d, 0x65, 0x20,
    0x54, 0x45, 0x58, 0x54, 0x20, 0x4e, 0x4f, 0x54, 0x20, 0x4e, 0x55, 0x4c, 0x4c, 0x2c, 0x0a, 0x20,
    0x20, 0x20, 0x20, 0x73, 0x69, 0x7a, 0x65, 0x5f, 0x61, 0x72, 0x6d, 0x36, 0x34, 0x20, 0x49, 0x4e,
    0x54, 0x45, 0x47, 0x45, 0x52, 0x20, 0x4e, 0x4f, 0x54, 0x20, 0x4e, 0x55, 0x4c, 0x4c, 0x2c, 0x0a,
    0x20, 0x20, 0x20, 0x20, 0x73, 0x69, 0x7a, 0x65, 0x5f, 0x61, 0x72, 0x6d, 0x33, 0x32, 0x20, 0x49,
    0x4e, 0x54, 0x45, 0x47, 0x45, 0x52, 0x2c, 0x0a, 0x20, 0x20, 0x20, 0x20, 0x76, 0x74, 0x61, 0x62,
    0x6c, 0x65, 0x5f, 0x72, 0x76, 0x61, 0x20, 0x49, 0x4e, 0x54, 0x45, 0x47, 0x45, 0x52, 0x2c, 0x0a,
    0x20, 0x20, 0x20, 0x20, 0x69, 0x73, 0x5f, 0x70, 0x6f, 0x6c, 0x79, 0x6d, 0x6f, 0x72, 0x70, 0x68,
    0x69, 0x63, 0x20, 0x42, 0x4f, 0x4f, 0x4c, 0x45, 0x41, 0x4e, 0x20, 0x4e, 0x4f, 0x54, 0x20, 0x4e,
    0x55, 0x4c, 0x4c, 0x20, 0x44, 0x45, 0x46, 0x41, 0x55, 0x4c, 0x54, 0x20, 0x30, 0x2c, 0x0a, 0x20,
    0x20, 0x20, 0x20, 0x73, 0x75, 0x6d, 0x6d, 0x61, 0x72, 0x79, 0x20, 0x54, 0x45, 0x58, 0x54, 0x0a,
    0x29, 0x2d, 0x06, 0x06, 0x17, 0x41, 0x1b, 0x01, 0x00, 0x69, 0x6e, 0x64, 0x65, 0x78, 0x73, 0x71,
    0x6c, 0x69, 0x74, 0x65, 0x5f, 0x61, 0x75, 0x74, 0x6f, 0x69, 0x6e, 0x64, 0x65, 0x78, 0x5f, 0x73,
    0x74, 0x72, 0x75, 0x63, 0x74, 0x73, 0x5f, 0x31, 0x73, 0x74, 0x72, 0x75, 0x63, 0x74, 0x73, 0x07,
    0x82, 0x09, 0x03, 0x07, 0x17, 0x1b, 0x1b, 0x01, 0x83, 0x69, 0x74, 0x61, 0x62, 0x6c, 0x65, 0x6d,
    0x6f, 0x64, 0x75, 0x6c, 0x65, 0x73, 0x6d, 0x6f, 0x64, 0x75, 0x6c, 0x65, 0x73, 0x04, 0x43, 0x52,
    0x45, 0x41, 0x54, 0x45, 0x20, 0x54, 0x41, 0x42, 0x4c, 0x45, 0x20, 0x6d, 0x6f, 0x64, 0x75, 0x6c,
    0x65, 0x73, 0x20, 0x28, 0x0a, 0x20, 0x20, 0x20, 0x20, 0x6d, 0x6f, 0x64, 0x75, 0x6c, 0x65, 0x5f,
    0x69, 0x64, 0x20, 0x54, 0x45, 0x58, 0x54, 0x20, 0x50, 0x52, 0x49, 0x4d, 0x41, 0x52, 0x59, 0x20,
    0x4b, 0x45, 0x59, 0x2c, 0x0a, 0x20, 0x20, 0x20, 0x20, 0x62, 0x75, 0x69, 0x6c, 0x64, 0x5f, 0x69,
    0x64, 0x20, 0x54, 0x45, 0x58, 0x54, 0x20, 0x4e, 0x4f, 0x54, 0x20, 0x4e, 0x55, 0x4c, 0x4c, 0x20,
    0x52, 0x45, 0x46, 0x45, 0x52, 0x45, 0x4e, 0x43, 0x45, 0x53, 0x20, 0x62, 0x75, 0x69, 0x6c, 0x64,
    0x73, 0x28, 0x62, 0x75, 0x69, 0x6c, 0x64, 0x5f, 0x69, 0x64, 0x29, 0x2c, 0x0a, 0x20, 0x20, 0x20,
    0x20, 0x6e, 0x61, 0x6d, 0x65, 0x20, 0x54, 0x45, 0x58, 0x54, 0x20, 0x4e, 0x4f, 0x54, 0x20, 0x4e,
    0x55, 0x4c, 0x4c, 0x2c, 0x0a, 0x20, 0x20, 0x20, 0x20, 0x6c, 0x6f, 0x61, 0x64, 0x5f, 0x62, 0x61,
    0x73, 0x65, 0x5f, 0x64, 0x65, 0x66, 0x61, 0x75, 0x6c, 0x74, 0x20, 0x49, 0x4e, 0x54, 0x45, 0x47,
    0x45, 0x52, 0x20, 0x4e, 0x4f, 0x54, 0x20, 0x4e, 0x55, 0x4c, 0x4c, 0x2c, 0x0a, 0x20, 0x20, 0x20,
    0x20, 0x74, 0x65, 0x78, 0x74, 0x5f, 0x73, 0x69, 0x7a, 0x65, 0x20, 0x49, 0x4e, 0x54, 0x45, 0x47,
    0x45, 0x52, 0x20, 0x4e, 0x4f, 0x54, 0x20, 0x4e, 0x55, 0x4c, 0x4c, 0x2c, 0x0a, 0x20, 0x20, 0x20,
    0x20, 0x6d, 0x6f, 0x64, 0x75, 0x6c, 0x65, 0x5f, 0x68, 0x61, 0x73, 0x68, 0x20, 0x54, 0x45, 0x58,
    0x54, 0x20, 0x4e, 0x4f, 0x54, 0x20, 0x4e, 0x55, 0x4c, 0x4c, 0x0a, 0x29, 0x2d, 0x04, 0x06, 0x17,
    0x41, 0x1b, 0x01, 0x00, 0x69, 0x6e, 0x64, 0x65, 0x78, 0x73, 0x71, 0x6c, 0x69, 0x74, 0x65, 0x5f,
    0x61, 0x75, 0x74, 0x6f, 0x69, 0x6e, 0x64, 0x65, 0x78, 0x5f, 0x6d, 0x6f, 0x64, 0x75, 0x6c, 0x65,
    0x73, 0x5f, 0x31, 0x6d, 0x6f, 0x64, 0x75, 0x6c, 0x65, 0x73, 0x05, 0x81, 0x3d, 0x01, 0x07, 0x17,
    0x19, 0x19, 0x01, 0x82, 0x55, 0x74, 0x61, 0x62, 0x6c, 0x65, 0x62, 0x75, 0x69, 0x6c, 0x64, 0x73,
    0x62, 0x75, 0x69, 0x6c, 0x64, 0x73, 0x02, 0x43, 0x52, 0x45, 0x41, 0x54, 0x45, 0x20, 0x54, 0x41,
    0x42, 0x4c, 0x45, 0x20, 0x62, 0x75, 0x69, 0x6c, 0x64, 0x73, 0x20, 0x28, 0x0a, 0x20, 0x20, 0x20,
    0x20, 0x62, 0x75, 0x69, 0x6c, 0x64, 0x5f, 0x69, 0x64, 0x20, 0x54, 0x45, 0x58, 0x54, 0x20, 0x50,
    0x52, 0x49, 0x4d, 0x41, 0x52, 0x59, 0x20, 0x4b, 0x45, 0x59, 0x2c, 0x0a, 0x20, 0x20, 0x20, 0x20,
    0x67, 0x61, 0x6d, 0x65, 0x5f, 0x76, 0x65, 0x72, 0x73, 0x69, 0x6f, 0x6e, 0x20, 0x54, 0x45, 0x58,
    0x54, 0x20, 0x4e, 0x4f, 0x54, 0x20, 0x4e, 0x55, 0x4c, 0x4c, 0x2c, 0x0a, 0x20, 0x20, 0x20, 0x20,
    0x61, 0x72, 0x63, 0x68, 0x69, 0x74, 0x65, 0x63, 0x74, 0x75, 0x72, 0x65, 0x20, 0x54, 0x45, 0x58,
    0x54, 0x20, 0x4e, 0x4f, 0x54, 0x20, 0x4e, 0x55, 0x4c, 0x4c, 0x2c, 0x0a, 0x20, 0x20, 0x20, 0x20,
    0x6d, 0x6f, 0x64, 0x75, 0x6c, 0x65, 0x5f, 0x68, 0x61, 0x73, 0x68, 0x20, 0x54, 0x45, 0x58, 0x54,
    0x20, 0x4e, 0x4f, 0x54, 0x20, 0x4e, 0x55, 0x4c, 0x4c, 0x2c, 0x0a, 0x20, 0x20, 0x20, 0x20, 0x6e,
    0x6f, 0x74, 0x65, 0x73, 0x20, 0x54, 0x45, 0x58, 0x54, 0x0a, 0x29, 0x2b, 0x02, 0x06, 0x17, 0x3f,
    0x19, 0x01, 0x00, 0x69, 0x6e, 0x64, 0x65, 0x78, 0x73, 0x71, 0x6c, 0x69, 0x74, 0x65, 0x5f, 0x61,
    0x75, 0x74, 0x6f, 0x69, 0x6e, 0x64, 0x65, 0x78, 0x5f, 0x62, 0x75, 0x69, 0x6c, 0x64, 0x73, 0x5f,
    0x31, 0x62, 0x75, 0x69, 0x6c, 0x64, 0x73, 0x03, 0x00, 0x00, 0x00, 0x08, 0x00, 0x00, 0x00, 0x00,
    0x0d, 0x00, 0x00, 0x00, 0x01, 0x0f, 0x67, 0x00, 0x0f, 0x67, 0x00, 0x00, 0x00, 0x00, 0x00, 0x00,
    0x00, 0x00, 0x00, 0x00, 0x00, 0x00, 0x00, 0x00, 0x00, 0x00, 0x00, 0x00, 0x00, 0x00, 0x00, 0x00,
    0x00, 0x00, 0x00, 0x00, 0x00, 0x00, 0x00, 0x00, 0x00, 0x00, 0x00, 0x00, 0x00, 0x00, 0x00, 0x00,
    0x00, 0x00, 0x00, 0x00, 0x00, 0x00, 0x00, 0x00, 0x00, 0x00, 0x00, 0x00, 0x00, 0x00, 0x00, 0x00,
    0x00, 0x00, 0x00, 0x00, 0x00, 0x00, 0x00, 0x00, 0x00, 0x00, 0x00, 0x00, 0x00, 0x00, 0x00, 0x00,
    0x00, 0x00, 0x00, 0x00, 0x00, 0x00, 0x00, 0x00, 0x00, 0x00, 0x00, 0x00, 0x00, 0x00, 0x00, 0x00,
    0x00, 0x00, 0x00, 0x00, 0x00, 0x00, 0x00, 0x00, 0x00, 0x00, 0x00, 0x00, 0x00, 0x00, 0x00, 0x00,
    0x00, 0x00, 0x00, 0x00, 0x00, 0x00, 0x00, 0x00, 0x00, 0x00, 0x00, 0x00, 0x00, 0x00, 0x00, 0x00,
    0x00, 0x00, 0x00, 0x00, 0x00, 0x00, 0x00, 0x00, 0x00, 0x00, 0x00, 0x00, 0x00, 0x00, 0x00, 0x00,
    0x00, 0x00, 0x00, 0x00, 0x00, 0x00, 0x00, 0x00, 0x00, 0x00, 0x00, 0x00, 0x00, 0x00, 0x00, 0x00,
    0x00, 0x00, 0x00, 0x00, 0x00, 0x00, 0x00, 0x00, 0x00, 0x00, 0x00, 0x00, 0x00, 0x00, 0x00, 0x00,
    0x00, 0x00, 0x00, 0x00, 0x00, 0x00, 0x00, 0x00, 0x00, 0x00, 0x00, 0x00, 0x00, 0x00, 0x00, 0x00,
    0x00, 0x00, 0x00, 0x00, 0x00, 0x00, 0x00, 0x00, 0x00, 0x00, 0x00, 0x00, 0x00, 0x00, 0x00, 0x00,
    0x00, 0x00, 0x00, 0x00, 0x00, 0x00, 0x00, 0x00, 0x00, 0x00, 0x00, 0x00, 0x00, 0x00, 0x00, 0x00,
    0x00, 0x00, 0x00, 0x00, 0x00, 0x00, 0x00, 0x00, 0x00, 0x00, 0x00, 0x00, 0x00, 0x00, 0x00, 0x00,
    0x00, 0x00, 0x00, 0x00, 0x00, 0x00, 0x00, 0x00, 0x00, 0x00, 0x00, 0x00, 0x00, 0x00, 0x00, 0x00,
    0x00, 0x00, 0x00, 0x00, 0x00, 0x00, 0x00, 0x00, 0x00, 0x00, 0x00, 0x00, 0x00, 0x00, 0x00, 0x00,
    0x00, 0x00, 0x00, 0x00, 0x00, 0x00, 0x00, 0x00, 0x00, 0x00, 0x00, 0x00, 0x00, 0x00, 0x00, 0x00,
    0x00, 0x00, 0x00, 0x00, 0x00, 0x00, 0x00, 0x00, 0x00, 0x00, 0x00, 0x00, 0x00, 0x00, 0x00, 0x00,
    0x00, 0x00, 0x00, 0x00, 0x00, 0x00, 0x00, 0x00, 0x00, 0x00, 0x00, 0x00, 0x00, 0x00, 0x00, 0x00,
    0x00, 0x00, 0x00, 0x00, 0x00, 0x00, 0x00, 0x00, 0x00, 0x00, 0x00, 0x00, 0x00, 0x00, 0x00, 0x00,
    0x00, 0x00, 0x00, 0x00, 0x00, 0x00, 0x00, 0x00, 0x00, 0x00, 0x00, 0x00, 0x00, 0x00, 0x00, 0x00,
    0x00, 0x00, 0x00, 0x00, 0x00, 0x00, 0x00, 0x00, 0x00, 0x00, 0x00, 0x00, 0x00, 0x00, 0x00, 0x00,
    0x00, 0x00, 0x00, 0x00, 0x00, 0x00, 0x00, 0x00, 0x00, 0x00, 0x00, 0x00, 0x00, 0x00, 0x00, 0x00,
    0x00, 0x00, 0x00, 0x00, 0x00, 0x00, 0x00, 0x00, 0x00, 0x00, 0x00, 0x00, 0x00, 0x00, 0x00, 0x00,
    0x00, 0x00, 0x00, 0x00, 0x00, 0x00, 0x00, 0x00, 0x00, 0x00, 0x00, 0x00, 0x00, 0x00, 0x00, 0x00,
    0x00, 0x00, 0x00, 0x00, 0x00, 0x00, 0x00, 0x00, 0x00, 0x00, 0x00, 0x00, 0x00, 0x00, 0x00, 0x00,
    0x00, 0x00, 0x00, 0x00, 0x00, 0x00, 0x00, 0x00, 0x00, 0x00, 0x00, 0x00, 0x00, 0x00, 0x00, 0x00,
    0x00, 0x00, 0x00, 0x00, 0x00, 0x00, 0x00, 0x00, 0x00, 0x00, 0x00, 0x00, 0x00, 0x00, 0x00, 0x00,
    0x00, 0x00, 0x00, 0x00, 0x00, 0x00, 0x00, 0x00, 0x00, 0x00, 0x00, 0x00, 0x00, 0x00, 0x00, 0x00,
    0x00, 0x00, 0x00, 0x00, 0x00, 0x00, 0x00, 0x00, 0x00, 0x00, 0x00, 0x00, 0x00, 0x00, 0x00, 0x00,
    0x00, 0x00, 0x00, 0x00, 0x00, 0x00, 0x00, 0x00, 0x00, 0x00, 0x00, 0x00, 0x00, 0x00, 0x00, 0x00,
    0x00, 0x00, 0x00, 0x00, 0x00, 0x00, 0x00, 0x00, 0x00, 0x00, 0x00, 0x00, 0x00, 0x00, 0x00, 0x00,
    0x00, 0x00, 0x00, 0x00, 0x00, 0x00, 0x00, 0x00, 0x00, 0x00, 0x00, 0x00, 0x00, 0x00, 0x00, 0x00,
    0x00, 0x00, 0x00, 0x00, 0x00, 0x00, 0x00, 0x00, 0x00, 0x00, 0x00, 0x00, 0x00, 0x00, 0x00, 0x00,
    0x00, 0x00, 0x00, 0x00, 0x00, 0x00, 0x00, 0x00, 0x00, 0x00, 0x00, 0x00, 0x00, 0x00, 0x00, 0x00,
    0x00, 0x00, 0x00, 0x00, 0x00, 0x00, 0x00, 0x00, 0x00, 0x00, 0x00, 0x00, 0x00, 0x00, 0x00, 0x00,
    0x00, 0x00, 0x00, 0x00, 0x00, 0x00, 0x00, 0x00, 0x00, 0x00, 0x00, 0x00, 0x00, 0x00, 0x00, 0x00,
    0x00, 0x00, 0x00, 0x00, 0x00, 0x00, 0x00, 0x00, 0x00, 0x00, 0x00, 0x00, 0x00, 0x00, 0x00, 0x00,
    0x00, 0x00, 0x00, 0x00, 0x00, 0x00, 0x00, 0x00, 0x00, 0x00, 0x00, 0x00, 0x00, 0x00, 0x00, 0x00,
    0x00, 0x00, 0x00, 0x00, 0x00, 0x00, 0x00, 0x00, 0x00, 0x00, 0x00, 0x00, 0x00, 0x00, 0x00, 0x00,
    0x00, 0x00, 0x00, 0x00, 0x00, 0x00, 0x00, 0x00, 0x00, 0x00, 0x00, 0x00, 0x00, 0x00, 0x00, 0x00,
    0x00, 0x00, 0x00, 0x00, 0x00, 0x00, 0x00, 0x00, 0x00, 0x00, 0x00, 0x00, 0x00, 0x00, 0x00, 0x00,
    0x00, 0x00, 0x00, 0x00, 0x00, 0x00, 0x00, 0x00, 0x00, 0x00, 0x00, 0x00, 0x00, 0x00, 0x00, 0x00,
    0x00, 0x00, 0x00, 0x00, 0x00, 0x00, 0x00, 0x00, 0x00, 0x00, 0x00, 0x00, 0x00, 0x00, 0x00, 0x00,
    0x00, 0x00, 0x00, 0x00, 0x00, 0x00, 0x00, 0x00, 0x00, 0x00, 0x00, 0x00, 0x00, 0x00, 0x00, 0x00,
    0x00, 0x00, 0x00, 0x00, 0x00, 0x00, 0x00, 0x00, 0x00, 0x00, 0x00, 0x00, 0x00, 0x00, 0x00, 0x00,
    0x00, 0x00, 0x00, 0x00, 0x00, 0x00, 0x00, 0x00, 0x00, 0x00, 0x00, 0x00, 0x00, 0x00, 0x00, 0x00,
    0x00, 0x00, 0x00, 0x00, 0x00, 0x00, 0x00, 0x00, 0x00, 0x00, 0x00, 0x00, 0x00, 0x00, 0x00, 0x00,
    0x00, 0x00, 0x00, 0x00, 0x00, 0x00, 0x00, 0x00, 0x00, 0x00, 0x00, 0x00, 0x00, 0x00, 0x00, 0x00,
    0x00, 0x00, 0x00, 0x00, 0x00, 0x00, 0x00, 0x00, 0x00, 0x00, 0x00, 0x00, 0x00, 0x00, 0x00, 0x00,
    0x00, 0x00, 0x00, 0x00, 0x00, 0x00, 0x00, 0x00, 0x00, 0x00, 0x00, 0x00, 0x00, 0x00, 0x00, 0x00,
    0x00, 0x00, 0x00, 0x00, 0x00, 0x00, 0x00, 0x00, 0x00, 0x00, 0x00, 0x00, 0x00, 0x00, 0x00, 0x00,
    0x00, 0x00, 0x00, 0x00, 0x00, 0x00, 0x00, 0x00, 0x00, 0x00, 0x00, 0x00, 0x00, 0x00, 0x00, 0x00,
    0x00, 0x00, 0x00, 0x00, 0x00, 0x00, 0x00, 0x00, 0x00, 0x00, 0x00, 0x00, 0x00, 0x00, 0x00, 0x00,
    0x00, 0x00, 0x00, 0x00, 0x00, 0x00, 0x00, 0x00, 0x00, 0x00, 0x00, 0x00, 0x00, 0x00, 0x00, 0x00,
    0x00, 0x00, 0x00, 0x00, 0x00, 0x00, 0x00, 0x00, 0x00, 0x00, 0x00, 0x00, 0x00, 0x00, 0x00, 0x00,
    0x00, 0x00, 0x00, 0x00, 0x00, 0x00, 0x00, 0x00, 0x00, 0x00, 0x00, 0x00, 0x00, 0x00, 0x00, 0x00,
    0x00, 0x00, 0x00, 0x00, 0x00, 0x00, 0x00, 0x00, 0x00, 0x00, 0x00, 0x00, 0x00, 0x00, 0x00, 0x00,
    0x00, 0x00, 0x00, 0x00, 0x00, 0x00, 0x00, 0x00, 0x00, 0x00, 0x00, 0x00, 0x00, 0x00, 0x00, 0x00,
    0x00, 0x00, 0x00, 0x00, 0x00, 0x00, 0x00, 0x00, 0x00, 0x00, 0x00, 0x00, 0x00, 0x00, 0x00, 0x00,
    0x00, 0x00, 0x00, 0x00, 0x00, 0x00, 0x00, 0x00, 0x00, 0x00, 0x00, 0x00, 0x00, 0x00, 0x00, 0x00,
    0x00, 0x00, 0x00, 0x00, 0x00, 0x00, 0x00, 0x00, 0x00, 0x00, 0x00, 0x00, 0x00, 0x00, 0x00, 0x00,
    0x00, 0x00, 0x00, 0x00, 0x00, 0x00, 0x00, 0x00, 0x00, 0x00, 0x00, 0x00, 0x00, 0x00, 0x00, 0x00,
    0x00, 0x00, 0x00, 0x00, 0x00, 0x00, 0x00, 0x00, 0x00, 0x00, 0x00, 0x00, 0x00, 0x00, 0x00, 0x00,
    0x00, 0x00, 0x00, 0x00, 0x00, 0x00, 0x00, 0x00, 0x00, 0x00, 0x00, 0x00, 0x00, 0x00, 0x00, 0x00,
    0x00, 0x00, 0x00, 0x00, 0x00, 0x00, 0x00, 0x00, 0x00, 0x00, 0x00, 0x00, 0x00, 0x00, 0x00, 0x00,
    0x00, 0x00, 0x00, 0x00, 0x00, 0x00, 0x00, 0x00, 0x00, 0x00, 0x00, 0x00, 0x00, 0x00, 0x00, 0x00,
    0x00, 0x00, 0x00, 0x00, 0x00, 0x00, 0x00, 0x00, 0x00, 0x00, 0x00, 0x00, 0x00, 0x00, 0x00, 0x00,
    0x00, 0x00, 0x00, 0x00, 0x00, 0x00, 0x00, 0x00, 0x00, 0x00, 0x00, 0x00, 0x00, 0x00, 0x00, 0x00,
    0x00, 0x00, 0x00, 0x00, 0x00, 0x00, 0x00, 0x00, 0x00, 0x00, 0x00, 0x00, 0x00, 0x00, 0x00, 0x00,
    0x00, 0x00, 0x00, 0x00, 0x00, 0x00, 0x00, 0x00, 0x00, 0x00, 0x00, 0x00, 0x00, 0x00, 0x00, 0x00,
    0x00, 0x00, 0x00, 0x00, 0x00, 0x00, 0x00, 0x00, 0x00, 0x00, 0x00, 0x00, 0x00, 0x00, 0x00, 0x00,
    0x00, 0x00, 0x00, 0x00, 0x00, 0x00, 0x00, 0x00, 0x00, 0x00, 0x00, 0x00, 0x00, 0x00, 0x00, 0x00,
    0x00, 0x00, 0x00, 0x00, 0x00, 0x00, 0x00, 0x00, 0x00, 0x00, 0x00, 0x00, 0x00, 0x00, 0x00, 0x00,
    0x00, 0x00, 0x00, 0x00, 0x00, 0x00, 0x00, 0x00, 0x00, 0x00, 0x00, 0x00, 0x00, 0x00, 0x00, 0x00,
    0x00, 0x00, 0x00, 0x00, 0x00, 0x00, 0x00, 0x00, 0x00, 0x00, 0x00, 0x00, 0x00, 0x00, 0x00, 0x00,
    0x00, 0x00, 0x00, 0x00, 0x00, 0x00, 0x00, 0x00, 0x00, 0x00, 0x00, 0x00, 0x00, 0x00, 0x00, 0x00,
    0x00, 0x00, 0x00, 0x00, 0x00, 0x00, 0x00, 0x00, 0x00, 0x00, 0x00, 0x00, 0x00, 0x00, 0x00, 0x00,
    0x00, 0x00, 0x00, 0x00, 0x00, 0x00, 0x00, 0x00, 0x00, 0x00, 0x00, 0x00, 0x00, 0x00, 0x00, 0x00,
    0x00, 0x00, 0x00, 0x00, 0x00, 0x00, 0x00, 0x00, 0x00, 0x00, 0x00, 0x00, 0x00, 0x00, 0x00, 0x00,
    0x00, 0x00, 0x00, 0x00, 0x00, 0x00, 0x00, 0x00, 0x00, 0x00, 0x00, 0x00, 0x00, 0x00, 0x00, 0x00,
    0x00, 0x00, 0x00, 0x00, 0x00, 0x00, 0x00, 0x00, 0x00, 0x00, 0x00, 0x00, 0x00, 0x00, 0x00, 0x00,
    0x00, 0x00, 0x00, 0x00, 0x00, 0x00, 0x00, 0x00, 0x00, 0x00, 0x00, 0x00, 0x00, 0x00, 0x00, 0x00,
    0x00, 0x00, 0x00, 0x00, 0x00, 0x00, 0x00, 0x00, 0x00, 0x00, 0x00, 0x00, 0x00, 0x00, 0x00, 0x00,
    0x00, 0x00, 0x00, 0x00, 0x00, 0x00, 0x00, 0x00, 0x00, 0x00, 0x00, 0x00, 0x00, 0x00, 0x00, 0x00,
    0x00, 0x00, 0x00, 0x00, 0x00, 0x00, 0x00, 0x00, 0x00, 0x00, 0x00, 0x00, 0x00, 0x00, 0x00, 0x00,
    0x00, 0x00, 0x00, 0x00, 0x00, 0x00, 0x00, 0x00, 0x00, 0x00, 0x00, 0x00, 0x00, 0x00, 0x00, 0x00,
    0x00, 0x00, 0x00, 0x00, 0x00, 0x00, 0x00, 0x00, 0x00, 0x00, 0x00, 0x00, 0x00, 0x00, 0x00, 0x00,
    0x00, 0x00, 0x00, 0x00, 0x00, 0x00, 0x00, 0x00, 0x00, 0x00, 0x00, 0x00, 0x00, 0x00, 0x00, 0x00,
    0x00, 0x00, 0x00, 0x00, 0x00, 0x00, 0x00, 0x00, 0x00, 0x00, 0x00, 0x00, 0x00, 0x00, 0x00, 0x00,
    0x00, 0x00, 0x00, 0x00, 0x00, 0x00, 0x00, 0x00, 0x00, 0x00, 0x00, 0x00, 0x00, 0x00, 0x00, 0x00,
    0x00, 0x00, 0x00, 0x00, 0x00, 0x00, 0x00, 0x00, 0x00, 0x00, 0x00, 0x00, 0x00, 0x00, 0x00, 0x00,
    0x00, 0x00, 0x00, 0x00, 0x00, 0x00, 0x00, 0x00, 0x00, 0x00, 0x00, 0x00, 0x00, 0x00, 0x00, 0x00,
    0x00, 0x00, 0x00, 0x00, 0x00, 0x00, 0x00, 0x00, 0x00, 0x00, 0x00, 0x00, 0x00, 0x00, 0x00, 0x00,
    0x00, 0x00, 0x00, 0x00, 0x00, 0x00, 0x00, 0x00, 0x00, 0x00, 0x00, 0x00, 0x00, 0x00, 0x00, 0x00,
    0x00, 0x00, 0x00, 0x00, 0x00, 0x00, 0x00, 0x00, 0x00, 0x00, 0x00, 0x00, 0x00, 0x00, 0x00, 0x00,
    0x00, 0x00, 0x00, 0x00, 0x00, 0x00, 0x00, 0x00, 0x00, 0x00, 0x00, 0x00, 0x00, 0x00, 0x00, 0x00,
    0x00, 0x00, 0x00, 0x00, 0x00, 0x00, 0x00, 0x00, 0x00, 0x00, 0x00, 0x00, 0x00, 0x00, 0x00, 0x00,
    0x00, 0x00, 0x00, 0x00, 0x00, 0x00, 0x00, 0x00, 0x00, 0x00, 0x00, 0x00, 0x00, 0x00, 0x00, 0x00,
    0x00, 0x00, 0x00, 0x00, 0x00, 0x00, 0x00, 0x00, 0x00, 0x00, 0x00, 0x00, 0x00, 0x00, 0x00, 0x00,
    0x00, 0x00, 0x00, 0x00, 0x00, 0x00, 0x00, 0x00, 0x00, 0x00, 0x00, 0x00, 0x00, 0x00, 0x00, 0x00,
    0x00, 0x00, 0x00, 0x00, 0x00, 0x00, 0x00, 0x00, 0x00, 0x00, 0x00, 0x00, 0x00, 0x00, 0x00, 0x00,
    0x00, 0x00, 0x00, 0x00, 0x00, 0x00, 0x00, 0x00, 0x00, 0x00, 0x00, 0x00, 0x00, 0x00, 0x00, 0x00,
    0x00, 0x00, 0x00, 0x00, 0x00, 0x00, 0x00, 0x00, 0x00, 0x00, 0x00, 0x00, 0x00, 0x00, 0x00, 0x00,
    0x00, 0x00, 0x00, 0x00, 0x00, 0x00, 0x00, 0x00, 0x00, 0x00, 0x00, 0x00, 0x00, 0x00, 0x00, 0x00,
    0x00, 0x00, 0x00, 0x00, 0x00, 0x00, 0x00, 0x00, 0x00, 0x00, 0x00, 0x00, 0x00, 0x00, 0x00, 0x00,
    0x00, 0x00, 0x00, 0x00, 0x00, 0x00, 0x00, 0x00, 0x00, 0x00, 0x00, 0x00, 0x00, 0x00, 0x00, 0x00,
    0x00, 0x00, 0x00, 0x00, 0x00, 0x00, 0x00, 0x00, 0x00, 0x00, 0x00, 0x00, 0x00, 0x00, 0x00, 0x00,
    0x00, 0x00, 0x00, 0x00, 0x00, 0x00, 0x00, 0x00, 0x00, 0x00, 0x00, 0x00, 0x00, 0x00, 0x00, 0x00,
    0x00, 0x00, 0x00, 0x00, 0x00, 0x00, 0x00, 0x00, 0x00, 0x00, 0x00, 0x00, 0x00, 0x00, 0x00, 0x00,
    0x00, 0x00, 0x00, 0x00, 0x00, 0x00, 0x00, 0x00, 0x00, 0x00, 0x00, 0x00, 0x00, 0x00, 0x00, 0x00,
    0x00, 0x00, 0x00, 0x00, 0x00, 0x00, 0x00, 0x00, 0x00, 0x00, 0x00, 0x00, 0x00, 0x00, 0x00, 0x00,
    0x00, 0x00, 0x00, 0x00, 0x00, 0x00, 0x00, 0x00, 0x00, 0x00, 0x00, 0x00, 0x00, 0x00, 0x00, 0x00,
    0x00, 0x00, 0x00, 0x00, 0x00, 0x00, 0x00, 0x00, 0x00, 0x00, 0x00, 0x00, 0x00, 0x00, 0x00, 0x00,
    0x00, 0x00, 0x00, 0x00, 0x00, 0x00, 0x00, 0x00, 0x00, 0x00, 0x00, 0x00, 0x00, 0x00, 0x00, 0x00,
    0x00, 0x00, 0x00, 0x00, 0x00, 0x00, 0x00, 0x00, 0x00, 0x00, 0x00, 0x00, 0x00, 0x00, 0x00, 0x00,
    0x00, 0x00, 0x00, 0x00, 0x00, 0x00, 0x00, 0x00, 0x00, 0x00, 0x00, 0x00, 0x00, 0x00, 0x00, 0x00,
    0x00, 0x00, 0x00, 0x00, 0x00, 0x00, 0x00, 0x00, 0x00, 0x00, 0x00, 0x00, 0x00, 0x00, 0x00, 0x00,
    0x00, 0x00, 0x00, 0x00, 0x00, 0x00, 0x00, 0x00, 0x00, 0x00, 0x00, 0x00, 0x00, 0x00, 0x00, 0x00,
    0x00, 0x00, 0x00, 0x00, 0x00, 0x00, 0x00, 0x00, 0x00, 0x00, 0x00, 0x00, 0x00, 0x00, 0x00, 0x00,
    0x00, 0x00, 0x00, 0x00, 0x00, 0x00, 0x00, 0x00, 0x00, 0x00, 0x00, 0x00, 0x00, 0x00, 0x00, 0x00,
    0x00, 0x00, 0x00, 0x00, 0x00, 0x00, 0x00, 0x00, 0x00, 0x00, 0x00, 0x00, 0x00, 0x00, 0x00, 0x00,
    0x00, 0x00, 0x00, 0x00, 0x00, 0x00, 0x00, 0x00, 0x00, 0x00, 0x00, 0x00, 0x00, 0x00, 0x00, 0x00,
    0x00, 0x00, 0x00, 0x00, 0x00, 0x00, 0x00, 0x00, 0x00, 0x00, 0x00, 0x00, 0x00, 0x00, 0x00, 0x00,
    0x00, 0x00, 0x00, 0x00, 0x00, 0x00, 0x00, 0x00, 0x00, 0x00, 0x00, 0x00, 0x00, 0x00, 0x00, 0x00,
    0x00, 0x00, 0x00, 0x00, 0x00, 0x00, 0x00, 0x00, 0x00, 0x00, 0x00, 0x00, 0x00, 0x00, 0x00, 0x00,
    0x00, 0x00, 0x00, 0x00, 0x00, 0x00, 0x00, 0x00, 0x00, 0x00, 0x00, 0x00, 0x00, 0x00, 0x00, 0x00,
    0x00, 0x00, 0x00, 0x00, 0x00, 0x00, 0x00, 0x00, 0x00, 0x00, 0x00, 0x00, 0x00, 0x00, 0x00, 0x00,
    0x00, 0x00, 0x00, 0x00, 0x00, 0x00, 0x00, 0x00, 0x00, 0x00, 0x00, 0x00, 0x00, 0x00, 0x00, 0x00,
    0x00, 0x00, 0x00, 0x00, 0x00, 0x00, 0x00, 0x00, 0x00, 0x00, 0x00, 0x00, 0x00, 0x00, 0x00, 0x00,
    0x00, 0x00, 0x00, 0x00, 0x00, 0x00, 0x00, 0x00, 0x00, 0x00, 0x00, 0x00, 0x00, 0x00, 0x00, 0x00,
    0x00, 0x00, 0x00, 0x00, 0x00, 0x00, 0x00, 0x00, 0x00, 0x00, 0x00, 0x00, 0x00, 0x00, 0x00, 0x00,
    0x00, 0x00, 0x00, 0x00, 0x00, 0x00, 0x00, 0x00, 0x00, 0x00, 0x00, 0x00, 0x00, 0x00, 0x00, 0x00,
    0x00, 0x00, 0x00, 0x00, 0x00, 0x00, 0x00, 0x00, 0x00, 0x00, 0x00, 0x00, 0x00, 0x00, 0x00, 0x00,
    0x00, 0x00, 0x00, 0x00, 0x00, 0x00, 0x00, 0x00, 0x00, 0x00, 0x00, 0x00, 0x00, 0x00, 0x00, 0x00,
    0x00, 0x00, 0x00, 0x00, 0x00, 0x00, 0x00, 0x00, 0x00, 0x00, 0x00, 0x00, 0x00, 0x00, 0x00, 0x00,
    0x00, 0x00, 0x00, 0x00, 0x00, 0x00, 0x00, 0x00, 0x00, 0x00, 0x00, 0x00, 0x00, 0x00, 0x00, 0x00,
    0x00, 0x00, 0x00, 0x00, 0x00, 0x00, 0x00, 0x00, 0x00, 0x00, 0x00, 0x00, 0x00, 0x00, 0x00, 0x00,
    0x00, 0x00, 0x00, 0x00, 0x00, 0x00, 0x00, 0x00, 0x00, 0x00, 0x00, 0x00, 0x00, 0x00, 0x00, 0x00,
    0x00, 0x00, 0x00, 0x00, 0x00, 0x00, 0x00, 0x00, 0x00, 0x00, 0x00, 0x00, 0x00, 0x00, 0x00, 0x00,
    0x00, 0x00, 0x00, 0x00, 0x00, 0x00, 0x00, 0x00, 0x00, 0x00, 0x00, 0x00, 0x00, 0x00, 0x00, 0x00,
    0x00, 0x00, 0x00, 0x00, 0x00, 0x00, 0x00, 0x00, 0x00, 0x00, 0x00, 0x00, 0x00, 0x00, 0x00, 0x00,
    0x00, 0x00, 0x00, 0x00, 0x00, 0x00, 0x00, 0x00, 0x00, 0x00, 0x00, 0x00, 0x00, 0x00, 0x00, 0x00,
    0x00, 0x00, 0x00, 0x00, 0x00, 0x00, 0x00, 0x00, 0x00, 0x00, 0x00, 0x00, 0x00, 0x00, 0x00, 0x00,
    0x00, 0x00, 0x00, 0x00, 0x00, 0x00, 0x00, 0x00, 0x00, 0x00, 0x00, 0x00, 0x00, 0x00, 0x00, 0x00,
    0x00, 0x00, 0x00, 0x00, 0x00, 0x00, 0x00, 0x00, 0x00, 0x00, 0x00, 0x00, 0x00, 0x00, 0x00, 0x00,
    0x00, 0x00, 0x00, 0x00, 0x00, 0x00, 0x00, 0x00, 0x00, 0x00, 0x00, 0x00, 0x00, 0x00, 0x00, 0x00,
    0x00, 0x00, 0x00, 0x00, 0x00, 0x00, 0x00, 0x00, 0x00, 0x00, 0x00, 0x00, 0x00, 0x00, 0x00, 0x00,
    0x00, 0x00, 0x00, 0x00, 0x00, 0x00, 0x00, 0x00, 0x00, 0x00, 0x00, 0x00, 0x00, 0x00, 0x00, 0x00,
    0x00, 0x00, 0x00, 0x00, 0x00, 0x00, 0x00, 0x00, 0x00, 0x00, 0x00, 0x00, 0x00, 0x00, 0x00, 0x00,
    0x00, 0x00, 0x00, 0x00, 0x00, 0x00, 0x00, 0x00, 0x00, 0x00, 0x00, 0x00, 0x00, 0x00, 0x00, 0x00,
    0x00, 0x00, 0x00, 0x00, 0x00, 0x00, 0x00, 0x00, 0x00, 0x00, 0x00, 0x00, 0x00, 0x00, 0x00, 0x00,
    0x00, 0x00, 0x00, 0x00, 0x00, 0x00, 0x00, 0x00, 0x00, 0x00, 0x00, 0x00, 0x00, 0x00, 0x00, 0x00,
    0x00, 0x00, 0x00, 0x00, 0x00, 0x00, 0x00, 0x00, 0x00, 0x00, 0x00, 0x00, 0x00, 0x00, 0x00, 0x00,
    0x00, 0x00, 0x00, 0x00, 0x00, 0x00, 0x00, 0x00, 0x00, 0x00, 0x00, 0x00, 0x00, 0x00, 0x00, 0x00,
    0x00, 0x00, 0x00, 0x00, 0x00, 0x00, 0x00, 0x00, 0x00, 0x00, 0x00, 0x00, 0x00, 0x00, 0x00, 0x00,
    0x00, 0x00, 0x00, 0x00, 0x00, 0x00, 0x00, 0x00, 0x00, 0x00, 0x00, 0x00, 0x00, 0x00, 0x00, 0x00,
    0x00, 0x00, 0x00, 0x00, 0x00, 0x00, 0x00, 0x00, 0x00, 0x00, 0x00, 0x00, 0x00, 0x00, 0x00, 0x00,
    0x00, 0x00, 0x00, 0x00, 0x00, 0x00, 0x00, 0x00, 0x00, 0x00, 0x00, 0x00, 0x00, 0x00, 0x00, 0x00,
    0x00, 0x00, 0x00, 0x00, 0x00, 0x00, 0x00, 0x00, 0x00, 0x00, 0x00, 0x00, 0x00, 0x00, 0x00, 0x00,
    0x00, 0x00, 0x00, 0x00, 0x00, 0x00, 0x00, 0x00, 0x00, 0x00, 0x00, 0x00, 0x00, 0x00, 0x00, 0x00,
    0x00, 0x00, 0x00, 0x00, 0x00, 0x00, 0x00, 0x00, 0x00, 0x00, 0x00, 0x00, 0x00, 0x00, 0x00, 0x00,
    0x00, 0x00, 0x00, 0x00, 0x00, 0x00, 0x00, 0x00, 0x00, 0x00, 0x00, 0x00, 0x00, 0x00, 0x00, 0x00,
    0x00, 0x00, 0x00, 0x00, 0x00, 0x00, 0x00, 0x00, 0x00, 0x00, 0x00, 0x00, 0x00, 0x00, 0x00, 0x00,
    0x00, 0x00, 0x00, 0x00, 0x00, 0x00, 0x00, 0x00, 0x00, 0x00, 0x00, 0x00, 0x00, 0x00, 0x00, 0x00,
    0x00, 0x00, 0x00, 0x00, 0x00, 0x00, 0x00, 0x00, 0x00, 0x00, 0x00, 0x00, 0x00, 0x00, 0x00, 0x00,
    0x00, 0x00, 0x00, 0x00, 0x00, 0x00, 0x00, 0x00, 0x00, 0x00, 0x00, 0x00, 0x00, 0x00, 0x00, 0x00,
    0x00, 0x00, 0x00, 0x00, 0x00, 0x00, 0x00, 0x00, 0x00, 0x00, 0x00, 0x00, 0x00, 0x00, 0x00, 0x00,
    0x00, 0x00, 0x00, 0x00, 0x00, 0x00, 0x00, 0x00, 0x00, 0x00, 0x00, 0x00, 0x00, 0x00, 0x00, 0x00,
    0x00, 0x00, 0x00, 0x00, 0x00, 0x00, 0x00, 0x00, 0x00, 0x00, 0x00, 0x00, 0x00, 0x00, 0x00, 0x00,
    0x00, 0x00, 0x00, 0x00, 0x00, 0x00, 0x00, 0x00, 0x00, 0x00, 0x00, 0x00, 0x00, 0x00, 0x00, 0x00,
    0x00, 0x00, 0x00, 0x00, 0x00, 0x00, 0x00, 0x00, 0x00, 0x00, 0x00, 0x00, 0x00, 0x00, 0x00, 0x00,
    0x00, 0x00, 0x00, 0x00, 0x00, 0x00, 0x00, 0x00, 0x00, 0x00, 0x00, 0x00, 0x00, 0x00, 0x00, 0x00,
    0x00, 0x00, 0x00, 0x00, 0x00, 0x00, 0x00, 0x00, 0x00, 0x00, 0x00, 0x00, 0x00, 0x00, 0x00, 0x00,
    0x00, 0x00, 0x00, 0x00, 0x00, 0x00, 0x00, 0x00, 0x00, 0x00, 0x00, 0x00, 0x00, 0x00, 0x00, 0x00,
    0x00, 0x00, 0x00, 0x00, 0x00, 0x00, 0x00, 0x00, 0x00, 0x00, 0x00, 0x00, 0x00, 0x00, 0x00, 0x00,
    0x00, 0x00, 0x00, 0x00, 0x00, 0x00, 0x00, 0x00, 0x00, 0x00, 0x00, 0x00, 0x00, 0x00, 0x00, 0x00,
    0x00, 0x00, 0x00, 0x00, 0x00, 0x00, 0x00, 0x00, 0x00, 0x00, 0x00, 0x00, 0x00, 0x00, 0x00, 0x00,
    0x00, 0x00, 0x00, 0x00, 0x00, 0x00, 0x00, 0x00, 0x00, 0x00, 0x00, 0x00, 0x00, 0x00, 0x00, 0x00,
    0x00, 0x00, 0x00, 0x00, 0x00, 0x00, 0x00, 0x00, 0x00, 0x00, 0x00, 0x00, 0x00, 0x00, 0x00, 0x00,
    0x00, 0x00, 0x00, 0x00, 0x00, 0x00, 0x00, 0x00, 0x00, 0x00, 0x00, 0x00, 0x00, 0x00, 0x00, 0x00,
    0x00, 0x00, 0x00, 0x00, 0x00, 0x00, 0x00, 0x00, 0x00, 0x00, 0x00, 0x00, 0x00, 0x00, 0x00, 0x00,
    0x00, 0x00, 0x00, 0x00, 0x00, 0x00, 0x00, 0x00, 0x00, 0x00, 0x00, 0x00, 0x00, 0x00, 0x00, 0x00,
    0x00, 0x00, 0x00, 0x00, 0x00, 0x00, 0x00, 0x00, 0x00, 0x00, 0x00, 0x00, 0x00, 0x00, 0x00, 0x00,
    0x00, 0x00, 0x00, 0x00, 0x00, 0x00, 0x00, 0x00, 0x00, 0x00, 0x00, 0x00, 0x00, 0x00, 0x00, 0x00,
    0x00, 0x00, 0x00, 0x00, 0x00, 0x00, 0x00, 0x00, 0x00, 0x00, 0x00, 0x00, 0x00, 0x00, 0x00, 0x00,
    0x00, 0x00, 0x00, 0x00, 0x00, 0x00, 0x00, 0x00, 0x00, 0x00, 0x00, 0x00, 0x00, 0x00, 0x00, 0x00,
    0x00, 0x00, 0x00, 0x00, 0x00, 0x00, 0x00, 0x00, 0x00, 0x00, 0x00, 0x00, 0x00, 0x00, 0x00, 0x00,
    0x00, 0x00, 0x00, 0x00, 0x00, 0x00, 0x00, 0x00, 0x00, 0x00, 0x00, 0x00, 0x00, 0x00, 0x00, 0x00,
    0x00, 0x00, 0x00, 0x00, 0x00, 0x00, 0x00, 0x00, 0x00, 0x00, 0x00, 0x00, 0x00, 0x00, 0x00, 0x00,
    0x00, 0x00, 0x00, 0x00, 0x00, 0x00, 0x00, 0x00, 0x00, 0x00, 0x00, 0x00, 0x00, 0x00, 0x00, 0x00,
    0x00, 0x00, 0x00, 0x00, 0x00, 0x00, 0x00, 0x00, 0x00, 0x00, 0x00, 0x00, 0x00, 0x00, 0x00, 0x00,
    0x00, 0x00, 0x00, 0x00, 0x00, 0x00, 0x00, 0x00, 0x00, 0x00, 0x00, 0x00, 0x00, 0x00, 0x00, 0x00,
    0x00, 0x00, 0x00, 0x00, 0x00, 0x00, 0x00, 0x00, 0x00, 0x00, 0x00, 0x00, 0x00, 0x00, 0x00, 0x00,
    0x00, 0x00, 0x00, 0x00, 0x00, 0x00, 0x00, 0x00, 0x00, 0x00, 0x00, 0x00, 0x00, 0x00, 0x00, 0x00,
    0x00, 0x00, 0x00, 0x00, 0x00, 0x00, 0x00, 0x00, 0x00, 0x00, 0x00, 0x00, 0x00, 0x00, 0x00, 0x00,
    0x00, 0x00, 0x00, 0x00, 0x00, 0x00, 0x00, 0x00, 0x00, 0x00, 0x00, 0x00, 0x00, 0x00, 0x00, 0x00,
    0x00, 0x00, 0x00, 0x00, 0x00, 0x00, 0x00, 0x00, 0x00, 0x00, 0x00, 0x00, 0x00, 0x00, 0x00, 0x00,
    0x00, 0x00, 0x00, 0x00, 0x00, 0x00, 0x00, 0x00, 0x00, 0x00, 0x00, 0x00, 0x00, 0x00, 0x00, 0x00,
    0x00, 0x00, 0x00, 0x00, 0x00, 0x00, 0x00, 0x00, 0x00, 0x00, 0x00, 0x00, 0x00, 0x00, 0x00, 0x00,
    0x00, 0x00, 0x00, 0x00, 0x00, 0x00, 0x00, 0x00, 0x00, 0x00, 0x00, 0x00, 0x00, 0x00, 0x00, 0x00,
    0x00, 0x00, 0x00, 0x00, 0x00, 0x00, 0x00, 0x00, 0x00, 0x00, 0x00, 0x00, 0x00, 0x00, 0x00, 0x00,
    0x00, 0x00, 0x00, 0x00, 0x00, 0x00, 0x00, 0x00, 0x00, 0x00, 0x00, 0x00, 0x00, 0x00, 0x00, 0x00,
    0x00, 0x00, 0x00, 0x00, 0x00, 0x00, 0x00, 0x00, 0x00, 0x00, 0x00, 0x00, 0x00, 0x00, 0x00, 0x00,
    0x00, 0x00, 0x00, 0x00, 0x00, 0x00, 0x00, 0x00, 0x00, 0x00, 0x00, 0x00, 0x00, 0x00, 0x00, 0x00,
    0x00, 0x00, 0x00, 0x00, 0x00, 0x00, 0x00, 0x00, 0x00, 0x00, 0x00, 0x00, 0x00, 0x00, 0x00, 0x00,
    0x00, 0x00, 0x00, 0x00, 0x00, 0x00, 0x00, 0x00, 0x00, 0x00, 0x00, 0x00, 0x00, 0x00, 0x00, 0x00,
    0x00, 0x00, 0x00, 0x00, 0x00, 0x00, 0x00, 0x00, 0x00, 0x00, 0x00, 0x00, 0x00, 0x00, 0x00, 0x00,
    0x00, 0x00, 0x00, 0x00, 0x00, 0x00, 0x00, 0x00, 0x00, 0x00, 0x00, 0x00, 0x00, 0x00, 0x00, 0x00,
    0x00, 0x00, 0x00, 0x00, 0x00, 0x00, 0x00, 0x00, 0x00, 0x00, 0x00, 0x00, 0x00, 0x00, 0x00, 0x00,
    0x00, 0x00, 0x00, 0x00, 0x00, 0x00, 0x00, 0x00, 0x00, 0x00, 0x00, 0x00, 0x00, 0x00, 0x00, 0x00,
    0x00, 0x00, 0x00, 0x00, 0x00, 0x00, 0x00, 0x00, 0x00, 0x00, 0x00, 0x00, 0x00, 0x00, 0x00, 0x00,
    0x00, 0x00, 0x00, 0x00, 0x00, 0x00, 0x00, 0x00, 0x00, 0x00, 0x00, 0x00, 0x00, 0x00, 0x00, 0x00,
    0x00, 0x00, 0x00, 0x00, 0x00, 0x00, 0x00, 0x00, 0x00, 0x00, 0x00, 0x00, 0x00, 0x00, 0x00, 0x00,
    0x00, 0x00, 0x00, 0x00, 0x00, 0x00, 0x00, 0x00, 0x00, 0x00, 0x00, 0x00, 0x00, 0x00, 0x00, 0x00,
    0x00, 0x00, 0x00, 0x00, 0x00, 0x00, 0x00, 0x00, 0x00, 0x00, 0x00, 0x00, 0x00, 0x00, 0x00, 0x00,
    0x00, 0x00, 0x00, 0x00, 0x00, 0x00, 0x00, 0x00, 0x00, 0x00, 0x00, 0x00, 0x00, 0x00, 0x00, 0x00,
    0x00, 0x00, 0x00, 0x00, 0x00, 0x00, 0x00, 0x00, 0x00, 0x00, 0x00, 0x00, 0x00, 0x00, 0x00, 0x00,
    0x00, 0x00, 0x00, 0x00, 0x00, 0x00, 0x00, 0x00, 0x00, 0x00, 0x00, 0x00, 0x00, 0x00, 0x00, 0x00,
    0x00, 0x00, 0x00, 0x00, 0x00, 0x00, 0x00, 0x00, 0x00, 0x00, 0x00, 0x00, 0x00, 0x00, 0x00, 0x00,
    0x00, 0x00, 0x00, 0x00, 0x00, 0x00, 0x00, 0x00, 0x00, 0x00, 0x00, 0x00, 0x00, 0x00, 0x00, 0x00,
    0x00, 0x00, 0x00, 0x00, 0x00, 0x00, 0x00, 0x00, 0x00, 0x00, 0x00, 0x00, 0x00, 0x00, 0x00, 0x00,
    0x00, 0x00, 0x00, 0x00, 0x00, 0x00, 0x00, 0x00, 0x00, 0x00, 0x00, 0x00, 0x00, 0x00, 0x00, 0x00,
    0x00, 0x00, 0x00, 0x00, 0x00, 0x00, 0x00, 0x00, 0x00, 0x00, 0x00, 0x00, 0x00, 0x00, 0x00, 0x00,
    0x00, 0x00, 0x00, 0x00, 0x00, 0x00, 0x00, 0x00, 0x00, 0x00, 0x00, 0x00, 0x00, 0x00, 0x00, 0x00,
    0x00, 0x00, 0x00, 0x00, 0x00, 0x00, 0x00, 0x00, 0x00, 0x00, 0x00, 0x00, 0x00, 0x00, 0x00, 0x00,
    0x00, 0x00, 0x00, 0x00, 0x00, 0x00, 0x00, 0x00, 0x00, 0x00, 0x00, 0x00, 0x00, 0x00, 0x00, 0x00,
    0x00, 0x00, 0x00, 0x00, 0x00, 0x00, 0x00, 0x00, 0x00, 0x00, 0x00, 0x00, 0x00, 0x00, 0x00, 0x00,
    0x00, 0x00, 0x00, 0x00, 0x00, 0x00, 0x00, 0x00, 0x00, 0x00, 0x00, 0x00, 0x00, 0x00, 0x00, 0x00,
    0x00, 0x00, 0x00, 0x00, 0x00, 0x00, 0x00, 0x00, 0x00, 0x00, 0x00, 0x00, 0x00, 0x00, 0x00, 0x00,
    0x00, 0x00, 0x00, 0x00, 0x00, 0x00, 0x00, 0x00, 0x00, 0x00, 0x00, 0x00, 0x00, 0x00, 0x00, 0x00,
    0x00, 0x00, 0x00, 0x00, 0x00, 0x00, 0x00, 0x00, 0x00, 0x00, 0x00, 0x00, 0x00, 0x00, 0x00, 0x00,
    0x00, 0x00, 0x00, 0x00, 0x00, 0x00, 0x00, 0x00, 0x00, 0x00, 0x00, 0x00, 0x00, 0x00, 0x00, 0x00,
    0x00, 0x00, 0x00, 0x00, 0x00, 0x00, 0x00, 0x00, 0x00, 0x00, 0x00, 0x00, 0x00, 0x00, 0x00, 0x00,
    0x00, 0x00, 0x00, 0x00, 0x00, 0x00, 0x00, 0x00, 0x00, 0x00, 0x00, 0x00, 0x00, 0x00, 0x00, 0x00,
    0x00, 0x00, 0x00, 0x00, 0x00, 0x00, 0x00, 0x00, 0x00, 0x00, 0x00, 0x00, 0x00, 0x00, 0x00, 0x00,
    0x00, 0x00, 0x00, 0x00, 0x00, 0x00, 0x00, 0x00, 0x00, 0x00, 0x00, 0x00, 0x00, 0x00, 0x00, 0x00,
    0x00, 0x00, 0x00, 0x00, 0x00, 0x00, 0x00, 0x00, 0x00, 0x00, 0x00, 0x00, 0x00, 0x00, 0x00, 0x00,
    0x00, 0x00, 0x00, 0x00, 0x00, 0x00, 0x00, 0x00, 0x00, 0x00, 0x00, 0x00, 0x00, 0x00, 0x00, 0x00,
    0x00, 0x00, 0x00, 0x00, 0x00, 0x00, 0x00, 0x00, 0x00, 0x00, 0x00, 0x00, 0x00, 0x00, 0x00, 0x00,
    0x00, 0x00, 0x00, 0x00, 0x00, 0x00, 0x00, 0x00, 0x00, 0x00, 0x00, 0x00, 0x00, 0x00, 0x00, 0x00,
    0x00, 0x00, 0x00, 0x00, 0x00, 0x00, 0x00, 0x00, 0x00, 0x00, 0x00, 0x00, 0x00, 0x00, 0x00, 0x00,
    0x00, 0x00, 0x00, 0x00, 0x00, 0x00, 0x00, 0x00, 0x00, 0x00, 0x00, 0x00, 0x00, 0x00, 0x00, 0x00,
    0x00, 0x00, 0x00, 0x00, 0x00, 0x00, 0x00, 0x00, 0x00, 0x00, 0x00, 0x00, 0x00, 0x00, 0x00, 0x00,
    0x00, 0x00, 0x00, 0x00, 0x00, 0x00, 0x00, 0x00, 0x00, 0x00, 0x00, 0x00, 0x00, 0x00, 0x00, 0x00,
    0x00, 0x00, 0x00, 0x00, 0x00, 0x00, 0x00, 0x81, 0x16, 0x01, 0x07, 0x31, 0x19, 0x1f, 0x81, 0x0d,
    0x69, 0x73, 0x72, 0x65, 0x31, 0x33, 0x2d, 0x31, 0x2e, 0x34, 0x2e, 0x31, 0x33, 0x2d, 0x61, 0x72,
    0x6d, 0x36, 0x34, 0x31, 0x2e, 0x34, 0x2e, 0x31, 0x33, 0x61, 0x72, 0x6d, 0x36, 0x34, 0x2d, 0x76,
    0x38, 0x61, 0x61, 0x32, 0x66, 0x39, 0x63, 0x35, 0x64, 0x31, 0x38, 0x65, 0x37, 0x62, 0x33, 0x61,
    0x34, 0x66, 0x36, 0x63, 0x30, 0x64, 0x38, 0x65, 0x32, 0x61, 0x31, 0x62, 0x39, 0x63, 0x37, 0x65,
    0x35, 0x66, 0x33, 0x61, 0x31, 0x64, 0x39, 0x62, 0x37, 0x63, 0x35, 0x65, 0x33, 0x61, 0x31, 0x66,
    0x39, 0x64, 0x37, 0x62, 0x35, 0x63, 0x33, 0x61, 0x31, 0x65, 0x39, 0x66, 0x37, 0x62, 0x35, 0x64,
    0x33, 0x61, 0x53, 0x77, 0x6f, 0x72, 0x64, 0x69, 0x67, 0x6f, 0x20, 0x31, 0x2e, 0x34, 0x2e, 0x31,
    0x33, 0x20, 0x41, 0x52, 0x4d, 0x36, 0x34, 0x20, 0x53, 0x52, 0x45, 0x31, 0x33, 0x20, 0x50, 0x72,
    0x6f, 0x64, 0x75, 0x63, 0x74, 0x69, 0x6f, 0x6e, 0x20, 0x50, 0x72, 0x6f, 0x66, 0x69, 0x6c, 0x65,
    0x0a, 0x00, 0x00, 0x00, 0x01, 0x0f, 0xea, 0x00, 0x0f, 0xea, 0x00, 0x00, 0x00, 0x00, 0x00, 0x00,
    0x00, 0x00, 0x00, 0x00, 0x00, 0x00, 0x00, 0x00, 0x00, 0x00, 0x00, 0x00, 0x00, 0x00, 0x00, 0x00,
    0x00, 0x00, 0x00, 0x00, 0x00, 0x00, 0x00, 0x00, 0x00, 0x00, 0x00, 0x00, 0x00, 0x00, 0x00, 0x00,
    0x00, 0x00, 0x00, 0x00, 0x00, 0x00, 0x00, 0x00, 0x00, 0x00, 0x00, 0x00, 0x00, 0x00, 0x00, 0x00,
    0x00, 0x00, 0x00, 0x00, 0x00, 0x00, 0x00, 0x00, 0x00, 0x00, 0x00, 0x00, 0x00, 0x00, 0x00, 0x00,
    0x00, 0x00, 0x00, 0x00, 0x00, 0x00, 0x00, 0x00, 0x00, 0x00, 0x00, 0x00, 0x00, 0x00, 0x00, 0x00,
    0x00, 0x00, 0x00, 0x00, 0x00, 0x00, 0x00, 0x00, 0x00, 0x00, 0x00, 0x00, 0x00, 0x00, 0x00, 0x00,
    0x00, 0x00, 0x00, 0x00, 0x00, 0x00, 0x00, 0x00, 0x00, 0x00, 0x00, 0x00, 0x00, 0x00, 0x00, 0x00,
    0x00, 0x00, 0x00, 0x00, 0x00, 0x00, 0x00, 0x00, 0x00, 0x00, 0x00, 0x00, 0x00, 0x00, 0x00, 0x00,
    0x00, 0x00, 0x00, 0x00, 0x00, 0x00, 0x00, 0x00, 0x00, 0x00, 0x00, 0x00, 0x00, 0x00, 0x00, 0x00,
    0x00, 0x00, 0x00, 0x00, 0x00, 0x00, 0x00, 0x00, 0x00, 0x00, 0x00, 0x00, 0x00, 0x00, 0x00, 0x00,
    0x00, 0x00, 0x00, 0x00, 0x00, 0x00, 0x00, 0x00, 0x00, 0x00, 0x00, 0x00, 0x00, 0x00, 0x00, 0x00,
    0x00, 0x00, 0x00, 0x00, 0x00, 0x00, 0x00, 0x00, 0x00, 0x00, 0x00, 0x00, 0x00, 0x00, 0x00, 0x00,
    0x00, 0x00, 0x00, 0x00, 0x00, 0x00, 0x00, 0x00, 0x00, 0x00, 0x00, 0x00, 0x00, 0x00, 0x00, 0x00,
    0x00, 0x00, 0x00, 0x00, 0x00, 0x00, 0x00, 0x00, 0x00, 0x00, 0x00, 0x00, 0x00, 0x00, 0x00, 0x00,
    0x00, 0x00, 0x00, 0x00, 0x00, 0x00, 0x00, 0x00, 0x00, 0x00, 0x00, 0x00, 0x00, 0x00, 0x00, 0x00,
    0x00, 0x00, 0x00, 0x00, 0x00, 0x00, 0x00, 0x00, 0x00, 0x00, 0x00, 0x00, 0x00, 0x00, 0x00, 0x00,
    0x00, 0x00, 0x00, 0x00, 0x00, 0x00, 0x00, 0x00, 0x00, 0x00, 0x00, 0x00, 0x00, 0x00, 0x00, 0x00,
    0x00, 0x00, 0x00, 0x00, 0x00, 0x00, 0x00, 0x00, 0x00, 0x00, 0x00, 0x00, 0x00, 0x00, 0x00, 0x00,
    0x00, 0x00, 0x00, 0x00, 0x00, 0x00, 0x00, 0x00, 0x00, 0x00, 0x00, 0x00, 0x00, 0x00, 0x00, 0x00,
    0x00, 0x00, 0x00, 0x00, 0x00, 0x00, 0x00, 0x00, 0x00, 0x00, 0x00, 0x00, 0x00, 0x00, 0x00, 0x00,
    0x00, 0x00, 0x00, 0x00, 0x00, 0x00, 0x00, 0x00, 0x00, 0x00, 0x00, 0x00, 0x00, 0x00, 0x00, 0x00,
    0x00, 0x00, 0x00, 0x00, 0x00, 0x00, 0x00, 0x00, 0x00, 0x00, 0x00, 0x00, 0x00, 0x00, 0x00, 0x00,
    0x00, 0x00, 0x00, 0x00, 0x00, 0x00, 0x00, 0x00, 0x00, 0x00, 0x00, 0x00, 0x00, 0x00, 0x00, 0x00,
    0x00, 0x00, 0x00, 0x00, 0x00, 0x00, 0x00, 0x00, 0x00, 0x00, 0x00, 0x00, 0x00, 0x00, 0x00, 0x00,
    0x00, 0x00, 0x00, 0x00, 0x00, 0x00, 0x00, 0x00, 0x00, 0x00, 0x00, 0x00, 0x00, 0x00, 0x00, 0x00,
    0x00, 0x00, 0x00, 0x00, 0x00, 0x00, 0x00, 0x00, 0x00, 0x00, 0x00, 0x00, 0x00, 0x00, 0x00, 0x00,
    0x00, 0x00, 0x00, 0x00, 0x00, 0x00, 0x00, 0x00, 0x00, 0x00, 0x00, 0x00, 0x00, 0x00, 0x00, 0x00,
    0x00, 0x00, 0x00, 0x00, 0x00, 0x00, 0x00, 0x00, 0x00, 0x00, 0x00, 0x00, 0x00, 0x00, 0x00, 0x00,
    0x00, 0x00, 0x00, 0x00, 0x00, 0x00, 0x00, 0x00, 0x00, 0x00, 0x00, 0x00, 0x00, 0x00, 0x00, 0x00,
    0x00, 0x00, 0x00, 0x00, 0x00, 0x00, 0x00, 0x00, 0x00, 0x00, 0x00, 0x00, 0x00, 0x00, 0x00, 0x00,
    0x00, 0x00, 0x00, 0x00, 0x00, 0x00, 0x00, 0x00, 0x00, 0x00, 0x00, 0x00, 0x00, 0x00, 0x00, 0x00,
    0x00, 0x00, 0x00, 0x00, 0x00, 0x00, 0x00, 0x00, 0x00, 0x00, 0x00, 0x00, 0x00, 0x00, 0x00, 0x00,
    0x00, 0x00, 0x00, 0x00, 0x00, 0x00, 0x00, 0x00, 0x00, 0x00, 0x00, 0x00, 0x00, 0x00, 0x00, 0x00,
    0x00, 0x00, 0x00, 0x00, 0x00, 0x00, 0x00, 0x00, 0x00, 0x00, 0x00, 0x00, 0x00, 0x00, 0x00, 0x00,
    0x00, 0x00, 0x00, 0x00, 0x00, 0x00, 0x00, 0x00, 0x00, 0x00, 0x00, 0x00, 0x00, 0x00, 0x00, 0x00,
    0x00, 0x00, 0x00, 0x00, 0x00, 0x00, 0x00, 0x00, 0x00, 0x00, 0x00, 0x00, 0x00, 0x00, 0x00, 0x00,
    0x00, 0x00, 0x00, 0x00, 0x00, 0x00, 0x00, 0x00, 0x00, 0x00, 0x00, 0x00, 0x00, 0x00, 0x00, 0x00,
    0x00, 0x00, 0x00, 0x00, 0x00, 0x00, 0x00, 0x00, 0x00, 0x00, 0x00, 0x00, 0x00, 0x00, 0x00, 0x00,
    0x00, 0x00, 0x00, 0x00, 0x00, 0x00, 0x00, 0x00, 0x00, 0x00, 0x00, 0x00, 0x00, 0x00, 0x00, 0x00,
    0x00, 0x00, 0x00, 0x00, 0x00, 0x00, 0x00, 0x00, 0x00, 0x00, 0x00, 0x00, 0x00, 0x00, 0x00, 0x00,
    0x00, 0x00, 0x00, 0x00, 0x00, 0x00, 0x00, 0x00, 0x00, 0x00, 0x00, 0x00, 0x00, 0x00, 0x00, 0x00,
    0x00, 0x00, 0x00, 0x00, 0x00, 0x00, 0x00, 0x00, 0x00, 0x00, 0x00, 0x00, 0x00, 0x00, 0x00, 0x00,
    0x00, 0x00, 0x00, 0x00, 0x00, 0x00, 0x00, 0x00, 0x00, 0x00, 0x00, 0x00, 0x00, 0x00, 0x00, 0x00,
    0x00, 0x00, 0x00, 0x00, 0x00, 0x00, 0x00, 0x00, 0x00, 0x00, 0x00, 0x00, 0x00, 0x00, 0x00, 0x00,
    0x00, 0x00, 0x00, 0x00, 0x00, 0x00, 0x00, 0x00, 0x00, 0x00, 0x00, 0x00, 0x00, 0x00, 0x00, 0x00,
    0x00, 0x00, 0x00, 0x00, 0x00, 0x00, 0x00, 0x00, 0x00, 0x00, 0x00, 0x00, 0x00, 0x00, 0x00, 0x00,
    0x00, 0x00, 0x00, 0x00, 0x00, 0x00, 0x00, 0x00, 0x00, 0x00, 0x00, 0x00, 0x00, 0x00, 0x00, 0x00,
    0x00, 0x00, 0x00, 0x00, 0x00, 0x00, 0x00, 0x00, 0x00, 0x00, 0x00, 0x00, 0x00, 0x00, 0x00, 0x00,
    0x00, 0x00, 0x00, 0x00, 0x00, 0x00, 0x00, 0x00, 0x00, 0x00, 0x00, 0x00, 0x00, 0x00, 0x00, 0x00,
    0x00, 0x00, 0x00, 0x00, 0x00, 0x00, 0x00, 0x00, 0x00, 0x00, 0x00, 0x00, 0x00, 0x00, 0x00, 0x00,
    0x00, 0x00, 0x00, 0x00, 0x00, 0x00, 0x00, 0x00, 0x00, 0x00, 0x00, 0x00, 0x00, 0x00, 0x00, 0x00,
    0x00, 0x00, 0x00, 0x00, 0x00, 0x00, 0x00, 0x00, 0x00, 0x00, 0x00, 0x00, 0x00, 0x00, 0x00, 0x00,
    0x00, 0x00, 0x00, 0x00, 0x00, 0x00, 0x00, 0x00, 0x00, 0x00, 0x00, 0x00, 0x00, 0x00, 0x00, 0x00,
    0x00, 0x00, 0x00, 0x00, 0x00, 0x00, 0x00, 0x00, 0x00, 0x00, 0x00, 0x00, 0x00, 0x00, 0x00, 0x00,
    0x00, 0x00, 0x00, 0x00, 0x00, 0x00, 0x00, 0x00, 0x00, 0x00, 0x00, 0x00, 0x00, 0x00, 0x00, 0x00,
    0x00, 0x00, 0x00, 0x00, 0x00, 0x00, 0x00, 0x00, 0x00, 0x00, 0x00, 0x00, 0x00, 0x00, 0x00, 0x00,
    0x00, 0x00, 0x00, 0x00, 0x00, 0x00, 0x00, 0x00, 0x00, 0x00, 0x00, 0x00, 0x00, 0x00, 0x00, 0x00,
    0x00, 0x00, 0x00, 0x00, 0x00, 0x00, 0x00, 0x00, 0x00, 0x00, 0x00, 0x00, 0x00, 0x00, 0x00, 0x00,
    0x00, 0x00, 0x00, 0x00, 0x00, 0x00, 0x00, 0x00, 0x00, 0x00, 0x00, 0x00, 0x00, 0x00, 0x00, 0x00,
    0x00, 0x00, 0x00, 0x00, 0x00, 0x00, 0x00, 0x00, 0x00, 0x00, 0x00, 0x00, 0x00, 0x00, 0x00, 0x00,
    0x00, 0x00, 0x00, 0x00, 0x00, 0x00, 0x00, 0x00, 0x00, 0x00, 0x00, 0x00, 0x00, 0x00, 0x00, 0x00,
    0x00, 0x00, 0x00, 0x00, 0x00, 0x00, 0x00, 0x00, 0x00, 0x00, 0x00, 0x00, 0x00, 0x00, 0x00, 0x00,
    0x00, 0x00, 0x00, 0x00, 0x00, 0x00, 0x00, 0x00, 0x00, 0x00, 0x00, 0x00, 0x00, 0x00, 0x00, 0x00,
    0x00, 0x00, 0x00, 0x00, 0x00, 0x00, 0x00, 0x00, 0x00, 0x00, 0x00, 0x00, 0x00, 0x00, 0x00, 0x00,
    0x00, 0x00, 0x00, 0x00, 0x00, 0x00, 0x00, 0x00, 0x00, 0x00, 0x00, 0x00, 0x00, 0x00, 0x00, 0x00,
    0x00, 0x00, 0x00, 0x00, 0x00, 0x00, 0x00, 0x00, 0x00, 0x00, 0x00, 0x00, 0x00, 0x00, 0x00, 0x00,
    0x00, 0x00, 0x00, 0x00, 0x00, 0x00, 0x00, 0x00, 0x00, 0x00, 0x00, 0x00, 0x00, 0x00, 0x00, 0x00,
    0x00, 0x00, 0x00, 0x00, 0x00, 0x00, 0x00, 0x00, 0x00, 0x00, 0x00, 0x00, 0x00, 0x00, 0x00, 0x00,
    0x00, 0x00, 0x00, 0x00, 0x00, 0x00, 0x00, 0x00, 0x00, 0x00, 0x00, 0x00, 0x00, 0x00, 0x00, 0x00,
    0x00, 0x00, 0x00, 0x00, 0x00, 0x00, 0x00, 0x00, 0x00, 0x00, 0x00, 0x00, 0x00, 0x00, 0x00, 0x00,
    0x00, 0x00, 0x00, 0x00, 0x00, 0x00, 0x00, 0x00, 0x00, 0x00, 0x00, 0x00, 0x00, 0x00, 0x00, 0x00,
    0x00, 0x00, 0x00, 0x00, 0x00, 0x00, 0x00, 0x00, 0x00, 0x00, 0x00, 0x00, 0x00, 0x00, 0x00, 0x00,
    0x00, 0x00, 0x00, 0x00, 0x00, 0x00, 0x00, 0x00, 0x00, 0x00, 0x00, 0x00, 0x00, 0x00, 0x00, 0x00,
    0x00, 0x00, 0x00, 0x00, 0x00, 0x00, 0x00, 0x00, 0x00, 0x00, 0x00, 0x00, 0x00, 0x00, 0x00, 0x00,
    0x00, 0x00, 0x00, 0x00, 0x00, 0x00, 0x00, 0x00, 0x00, 0x00, 0x00, 0x00, 0x00, 0x00, 0x00, 0x00,
    0x00, 0x00, 0x00, 0x00, 0x00, 0x00, 0x00, 0x00, 0x00, 0x00, 0x00, 0x00, 0x00, 0x00, 0x00, 0x00,
    0x00, 0x00, 0x00, 0x00, 0x00, 0x00, 0x00, 0x00, 0x00, 0x00, 0x00, 0x00, 0x00, 0x00, 0x00, 0x00,
    0x00, 0x00, 0x00, 0x00, 0x00, 0x00, 0x00, 0x00, 0x00, 0x00, 0x00, 0x00, 0x00, 0x00, 0x00, 0x00,
    0x00, 0x00, 0x00, 0x00, 0x00, 0x00, 0x00, 0x00, 0x00, 0x00, 0x00, 0x00, 0x00, 0x00, 0x00, 0x00,
    0x00, 0x00, 0x00, 0x00, 0x00, 0x00, 0x00, 0x00, 0x00, 0x00, 0x00, 0x00, 0x00, 0x00, 0x00, 0x00,
    0x00, 0x00, 0x00, 0x00, 0x00, 0x00, 0x00, 0x00, 0x00, 0x00, 0x00, 0x00, 0x00, 0x00, 0x00, 0x00,
    0x00, 0x00, 0x00, 0x00, 0x00, 0x00, 0x00, 0x00, 0x00, 0x00, 0x00, 0x00, 0x00, 0x00, 0x00, 0x00,
    0x00, 0x00, 0x00, 0x00, 0x00, 0x00, 0x00, 0x00, 0x00, 0x00, 0x00, 0x00, 0x00, 0x00, 0x00, 0x00,
    0x00, 0x00, 0x00, 0x00, 0x00, 0x00, 0x00, 0x00, 0x00, 0x00, 0x00, 0x00, 0x00, 0x00, 0x00, 0x00,
    0x00, 0x00, 0x00, 0x00, 0x00, 0x00, 0x00, 0x00, 0x00, 0x00, 0x00, 0x00, 0x00, 0x00, 0x00, 0x00,
    0x00, 0x00, 0x00, 0x00, 0x00, 0x00, 0x00, 0x00, 0x00, 0x00, 0x00, 0x00, 0x00, 0x00, 0x00, 0x00,
    0x00, 0x00, 0x00, 0x00, 0x00, 0x00, 0x00, 0x00, 0x00, 0x00, 0x00, 0x00, 0x00, 0x00, 0x00, 0x00,
    0x00, 0x00, 0x00, 0x00, 0x00, 0x00, 0x00, 0x00, 0x00, 0x00, 0x00, 0x00, 0x00, 0x00, 0x00, 0x00,
    0x00, 0x00, 0x00, 0x00, 0x00, 0x00, 0x00, 0x00, 0x00, 0x00, 0x00, 0x00, 0x00, 0x00, 0x00, 0x00,
    0x00, 0x00, 0x00, 0x00, 0x00, 0x00, 0x00, 0x00, 0x00, 0x00, 0x00, 0x00, 0x00, 0x00, 0x00, 0x00,
    0x00, 0x00, 0x00, 0x00, 0x00, 0x00, 0x00, 0x00, 0x00, 0x00, 0x00, 0x00, 0x00, 0x00, 0x00, 0x00,
    0x00, 0x00, 0x00, 0x00, 0x00, 0x00, 0x00, 0x00, 0x00, 0x00, 0x00, 0x00, 0x00, 0x00, 0x00, 0x00,
    0x00, 0x00, 0x00, 0x00, 0x00, 0x00, 0x00, 0x00, 0x00, 0x00, 0x00, 0x00, 0x00, 0x00, 0x00, 0x00,
    0x00, 0x00, 0x00, 0x00, 0x00, 0x00, 0x00, 0x00, 0x00, 0x00, 0x00, 0x00, 0x00, 0x00, 0x00, 0x00,
    0x00, 0x00, 0x00, 0x00, 0x00, 0x00, 0x00, 0x00, 0x00, 0x00, 0x00, 0x00, 0x00, 0x00, 0x00, 0x00,
    0x00, 0x00, 0x00, 0x00, 0x00, 0x00, 0x00, 0x00, 0x00, 0x00, 0x00, 0x00, 0x00, 0x00, 0x00, 0x00,
    0x00, 0x00, 0x00, 0x00, 0x00, 0x00, 0x00, 0x00, 0x00, 0x00, 0x00, 0x00, 0x00, 0x00, 0x00, 0x00,
    0x00, 0x00, 0x00, 0x00, 0x00, 0x00, 0x00, 0x00, 0x00, 0x00, 0x00, 0x00, 0x00, 0x00, 0x00, 0x00,
    0x00, 0x00, 0x00, 0x00, 0x00, 0x00, 0x00, 0x00, 0x00, 0x00, 0x00, 0x00, 0x00, 0x00, 0x00, 0x00,
    0x00, 0x00, 0x00, 0x00, 0x00, 0x00, 0x00, 0x00, 0x00, 0x00, 0x00, 0x00, 0x00, 0x00, 0x00, 0x00,
    0x00, 0x00, 0x00, 0x00, 0x00, 0x00, 0x00, 0x00, 0x00, 0x00, 0x00, 0x00, 0x00, 0x00, 0x00, 0x00,
    0x00, 0x00, 0x00, 0x00, 0x00, 0x00, 0x00, 0x00, 0x00, 0x00, 0x00, 0x00, 0x00, 0x00, 0x00, 0x00,
    0x00, 0x00, 0x00, 0x00, 0x00, 0x00, 0x00, 0x00, 0x00, 0x00, 0x00, 0x00, 0x00, 0x00, 0x00, 0x00,
    0x00, 0x00, 0x00, 0x00, 0x00, 0x00, 0x00, 0x00, 0x00, 0x00, 0x00, 0x00, 0x00, 0x00, 0x00, 0x00,
    0x00, 0x00, 0x00, 0x00, 0x00, 0x00, 0x00, 0x00, 0x00, 0x00, 0x00, 0x00, 0x00, 0x00, 0x00, 0x00,
    0x00, 0x00, 0x00, 0x00, 0x00, 0x00, 0x00, 0x00, 0x00, 0x00, 0x00, 0x00, 0x00, 0x00, 0x00, 0x00,
    0x00, 0x00, 0x00, 0x00, 0x00, 0x00, 0x00, 0x00, 0x00, 0x00, 0x00, 0x00, 0x00, 0x00, 0x00, 0x00,
    0x00, 0x00, 0x00, 0x00, 0x00, 0x00, 0x00, 0x00, 0x00, 0x00, 0x00, 0x00, 0x00, 0x00, 0x00, 0x00,
    0x00, 0x00, 0x00, 0x00, 0x00, 0x00, 0x00, 0x00, 0x00, 0x00, 0x00, 0x00, 0x00, 0x00, 0x00, 0x00,
    0x00, 0x00, 0x00, 0x00, 0x00, 0x00, 0x00, 0x00, 0x00, 0x00, 0x00, 0x00, 0x00, 0x00, 0x00, 0x00,
    0x00, 0x00, 0x00, 0x00, 0x00, 0x00, 0x00, 0x00, 0x00, 0x00, 0x00, 0x00, 0x00, 0x00, 0x00, 0x00,
    0x00, 0x00, 0x00, 0x00, 0x00, 0x00, 0x00, 0x00, 0x00, 0x00, 0x00, 0x00, 0x00, 0x00, 0x00, 0x00,
    0x00, 0x00, 0x00, 0x00, 0x00, 0x00, 0x00, 0x00, 0x00, 0x00, 0x00, 0x00, 0x00, 0x00, 0x00, 0x00,
    0x00, 0x00, 0x00, 0x00, 0x00, 0x00, 0x00, 0x00, 0x00, 0x00, 0x00, 0x00, 0x00, 0x00, 0x00, 0x00,
    0x00, 0x00, 0x00, 0x00, 0x00, 0x00, 0x00, 0x00, 0x00, 0x00, 0x00, 0x00, 0x00, 0x00, 0x00, 0x00,
    0x00, 0x00, 0x00, 0x00, 0x00, 0x00, 0x00, 0x00, 0x00, 0x00, 0x00, 0x00, 0x00, 0x00, 0x00, 0x00,
    0x00, 0x00, 0x00, 0x00, 0x00, 0x00, 0x00, 0x00, 0x00, 0x00, 0x00, 0x00, 0x00, 0x00, 0x00, 0x00,
    0x00, 0x00, 0x00, 0x00, 0x00, 0x00, 0x00, 0x00, 0x00, 0x00, 0x00, 0x00, 0x00, 0x00, 0x00, 0x00,
    0x00, 0x00, 0x00, 0x00, 0x00, 0x00, 0x00, 0x00, 0x00, 0x00, 0x00, 0x00, 0x00, 0x00, 0x00, 0x00,
    0x00, 0x00, 0x00, 0x00, 0x00, 0x00, 0x00, 0x00, 0x00, 0x00, 0x00, 0x00, 0x00, 0x00, 0x00, 0x00,
    0x00, 0x00, 0x00, 0x00, 0x00, 0x00, 0x00, 0x00, 0x00, 0x00, 0x00, 0x00, 0x00, 0x00, 0x00, 0x00,
    0x00, 0x00, 0x00, 0x00, 0x00, 0x00, 0x00, 0x00, 0x00, 0x00, 0x00, 0x00, 0x00, 0x00, 0x00, 0x00,
    0x00, 0x00, 0x00, 0x00, 0x00, 0x00, 0x00, 0x00, 0x00, 0x00, 0x00, 0x00, 0x00, 0x00, 0x00, 0x00,
    0x00, 0x00, 0x00, 0x00, 0x00, 0x00, 0x00, 0x00, 0x00, 0x00, 0x00, 0x00, 0x00, 0x00, 0x00, 0x00,
    0x00, 0x00, 0x00, 0x00, 0x00, 0x00, 0x00, 0x00, 0x00, 0x00, 0x00, 0x00, 0x00, 0x00, 0x00, 0x00,
    0x00, 0x00, 0x00, 0x00, 0x00, 0x00, 0x00, 0x00, 0x00, 0x00, 0x00, 0x00, 0x00, 0x00, 0x00, 0x00,
    0x00, 0x00, 0x00, 0x00, 0x00, 0x00, 0x00, 0x00, 0x00, 0x00, 0x00, 0x00, 0x00, 0x00, 0x00, 0x00,
    0x00, 0x00, 0x00, 0x00, 0x00, 0x00, 0x00, 0x00, 0x00, 0x00, 0x00, 0x00, 0x00, 0x00, 0x00, 0x00,
    0x00, 0x00, 0x00, 0x00, 0x00, 0x00, 0x00, 0x00, 0x00, 0x00, 0x00, 0x00, 0x00, 0x00, 0x00, 0x00,
    0x00, 0x00, 0x00, 0x00, 0x00, 0x00, 0x00, 0x00, 0x00, 0x00, 0x00, 0x00, 0x00, 0x00, 0x00, 0x00,
    0x00, 0x00, 0x00, 0x00, 0x00, 0x00, 0x00, 0x00, 0x00, 0x00, 0x00, 0x00, 0x00, 0x00, 0x00, 0x00,
    0x00, 0x00, 0x00, 0x00, 0x00, 0x00, 0x00, 0x00, 0x00, 0x00, 0x00, 0x00, 0x00, 0x00, 0x00, 0x00,
    0x00, 0x00, 0x00, 0x00, 0x00, 0x00, 0x00, 0x00, 0x00, 0x00, 0x00, 0x00, 0x00, 0x00, 0x00, 0x00,
    0x00, 0x00, 0x00, 0x00, 0x00, 0x00, 0x00, 0x00, 0x00, 0x00, 0x00, 0x00, 0x00, 0x00, 0x00, 0x00,
    0x00, 0x00, 0x00, 0x00, 0x00, 0x00, 0x00, 0x00, 0x00, 0x00, 0x00, 0x00, 0x00, 0x00, 0x00, 0x00,
    0x00, 0x00, 0x00, 0x00, 0x00, 0x00, 0x00, 0x00, 0x00, 0x00, 0x00, 0x00, 0x00, 0x00, 0x00, 0x00,
    0x00, 0x00, 0x00, 0x00, 0x00, 0x00, 0x00, 0x00, 0x00, 0x00, 0x00, 0x00, 0x00, 0x00, 0x00, 0x00,
    0x00, 0x00, 0x00, 0x00, 0x00, 0x00, 0x00, 0x00, 0x00, 0x00, 0x00, 0x00, 0x00, 0x00, 0x00, 0x00,
    0x00, 0x00, 0x00, 0x00, 0x00, 0x00, 0x00, 0x00, 0x00, 0x00, 0x00, 0x00, 0x00, 0x00, 0x00, 0x00,
    0x00, 0x00, 0x00, 0x00, 0x00, 0x00, 0x00, 0x00, 0x00, 0x00, 0x00, 0x00, 0x00, 0x00, 0x00, 0x00,
    0x00, 0x00, 0x00, 0x00, 0x00, 0x00, 0x00, 0x00, 0x00, 0x00, 0x00, 0x00, 0x00, 0x00, 0x00, 0x00,
    0x00, 0x00, 0x00, 0x00, 0x00, 0x00, 0x00, 0x00, 0x00, 0x00, 0x00, 0x00, 0x00, 0x00, 0x00, 0x00,
    0x00, 0x00, 0x00, 0x00, 0x00, 0x00, 0x00, 0x00, 0x00, 0x00, 0x00, 0x00, 0x00, 0x00, 0x00, 0x00,
    0x00, 0x00, 0x00, 0x00, 0x00, 0x00, 0x00, 0x00, 0x00, 0x00, 0x00, 0x00, 0x00, 0x00, 0x00, 0x00,
    0x00, 0x00, 0x00, 0x00, 0x00, 0x00, 0x00, 0x00, 0x00, 0x00, 0x00, 0x00, 0x00, 0x00, 0x00, 0x00,
    0x00, 0x00, 0x00, 0x00, 0x00, 0x00, 0x00, 0x00, 0x00, 0x00, 0x00, 0x00, 0x00, 0x00, 0x00, 0x00,
    0x00, 0x00, 0x00, 0x00, 0x00, 0x00, 0x00, 0x00, 0x00, 0x00, 0x00, 0x00, 0x00, 0x00, 0x00, 0x00,
    0x00, 0x00, 0x00, 0x00, 0x00, 0x00, 0x00, 0x00, 0x00, 0x00, 0x00, 0x00, 0x00, 0x00, 0x00, 0x00,
    0x00, 0x00, 0x00, 0x00, 0x00, 0x00, 0x00, 0x00, 0x00, 0x00, 0x00, 0x00, 0x00, 0x00, 0x00, 0x00,
    0x00, 0x00, 0x00, 0x00, 0x00, 0x00, 0x00, 0x00, 0x00, 0x00, 0x00, 0x00, 0x00, 0x00, 0x00, 0x00,
    0x00, 0x00, 0x00, 0x00, 0x00, 0x00, 0x00, 0x00, 0x00, 0x00, 0x00, 0x00, 0x00, 0x00, 0x00, 0x00,
    0x00, 0x00, 0x00, 0x00, 0x00, 0x00, 0x00, 0x00, 0x00, 0x00, 0x00, 0x00, 0x00, 0x00, 0x00, 0x00,
    0x00, 0x00, 0x00, 0x00, 0x00, 0x00, 0x00, 0x00, 0x00, 0x00, 0x00, 0x00, 0x00, 0x00, 0x00, 0x00,
    0x00, 0x00, 0x00, 0x00, 0x00, 0x00, 0x00, 0x00, 0x00, 0x00, 0x00, 0x00, 0x00, 0x00, 0x00, 0x00,
    0x00, 0x00, 0x00, 0x00, 0x00, 0x00, 0x00, 0x00, 0x00, 0x00, 0x00, 0x00, 0x00, 0x00, 0x00, 0x00,
    0x00, 0x00, 0x00, 0x00, 0x00, 0x00, 0x00, 0x00, 0x00, 0x00, 0x00, 0x00, 0x00, 0x00, 0x00, 0x00,
    0x00, 0x00, 0x00, 0x00, 0x00, 0x00, 0x00, 0x00, 0x00, 0x00, 0x00, 0x00, 0x00, 0x00, 0x00, 0x00,
    0x00, 0x00, 0x00, 0x00, 0x00, 0x00, 0x00, 0x00, 0x00, 0x00, 0x00, 0x00, 0x00, 0x00, 0x00, 0x00,
    0x00, 0x00, 0x00, 0x00, 0x00, 0x00, 0x00, 0x00, 0x00, 0x00, 0x00, 0x00, 0x00, 0x00, 0x00, 0x00,
    0x00, 0x00, 0x00, 0x00, 0x00, 0x00, 0x00, 0x00, 0x00, 0x00, 0x00, 0x00, 0x00, 0x00, 0x00, 0x00,
    0x00, 0x00, 0x00, 0x00, 0x00, 0x00, 0x00, 0x00, 0x00, 0x00, 0x00, 0x00, 0x00, 0x00, 0x00, 0x00,
    0x00, 0x00, 0x00, 0x00, 0x00, 0x00, 0x00, 0x00, 0x00, 0x00, 0x00, 0x00, 0x00, 0x00, 0x00, 0x00,
    0x00, 0x00, 0x00, 0x00, 0x00, 0x00, 0x00, 0x00, 0x00, 0x00, 0x00, 0x00, 0x00, 0x00, 0x00, 0x00,
    0x00, 0x00, 0x00, 0x00, 0x00, 0x00, 0x00, 0x00, 0x00, 0x00, 0x00, 0x00, 0x00, 0x00, 0x00, 0x00,
    0x00, 0x00, 0x00, 0x00, 0x00, 0x00, 0x00, 0x00, 0x00, 0x00, 0x00, 0x00, 0x00, 0x00, 0x00, 0x00,
    0x00, 0x00, 0x00, 0x00, 0x00, 0x00, 0x00, 0x00, 0x00, 0x00, 0x00, 0x00, 0x00, 0x00, 0x00, 0x00,
    0x00, 0x00, 0x00, 0x00, 0x00, 0x00, 0x00, 0x00, 0x00, 0x00, 0x00, 0x00, 0x00, 0x00, 0x00, 0x00,
    0x00, 0x00, 0x00, 0x00, 0x00, 0x00, 0x00, 0x00, 0x00, 0x00, 0x00, 0x00, 0x00, 0x00, 0x00, 0x00,
    0x00, 0x00, 0x00, 0x00, 0x00, 0x00, 0x00, 0x00, 0x00, 0x00, 0x00, 0x00, 0x00, 0x00, 0x00, 0x00,
    0x00, 0x00, 0x00, 0x00, 0x00, 0x00, 0x00, 0x00, 0x00, 0x00, 0x00, 0x00, 0x00, 0x00, 0x00, 0x00,
    0x00, 0x00, 0x00, 0x00, 0x00, 0x00, 0x00, 0x00, 0x00, 0x00, 0x00, 0x00, 0x00, 0x00, 0x00, 0x00,
    0x00, 0x00, 0x00, 0x00, 0x00, 0x00, 0x00, 0x00, 0x00, 0x00, 0x00, 0x00, 0x00, 0x00, 0x00, 0x00,
    0x00, 0x00, 0x00, 0x00, 0x00, 0x00, 0x00, 0x00, 0x00, 0x00, 0x00, 0x00, 0x00, 0x00, 0x00, 0x00,
    0x00, 0x00, 0x00, 0x00, 0x00, 0x00, 0x00, 0x00, 0x00, 0x00, 0x00, 0x00, 0x00, 0x00, 0x00, 0x00,
    0x00, 0x00, 0x00, 0x00, 0x00, 0x00, 0x00, 0x00, 0x00, 0x00, 0x00, 0x00, 0x00, 0x00, 0x00, 0x00,
    0x00, 0x00, 0x00, 0x00, 0x00, 0x00, 0x00, 0x00, 0x00, 0x00, 0x00, 0x00, 0x00, 0x00, 0x00, 0x00,
    0x00, 0x00, 0x00, 0x00, 0x00, 0x00, 0x00, 0x00, 0x00, 0x00, 0x00, 0x00, 0x00, 0x00, 0x00, 0x00,
    0x00, 0x00, 0x00, 0x00, 0x00, 0x00, 0x00, 0x00, 0x00, 0x00, 0x00, 0x00, 0x00, 0x00, 0x00, 0x00,
    0x00, 0x00, 0x00, 0x00, 0x00, 0x00, 0x00, 0x00, 0x00, 0x00, 0x00, 0x00, 0x00, 0x00, 0x00, 0x00,
    0x00, 0x00, 0x00, 0x00, 0x00, 0x00, 0x00, 0x00, 0x00, 0x00, 0x00, 0x00, 0x00, 0x00, 0x00, 0x00,
    0x00, 0x00, 0x00, 0x00, 0x00, 0x00, 0x00, 0x00, 0x00, 0x00, 0x00, 0x00, 0x00, 0x00, 0x00, 0x00,
    0x00, 0x00, 0x00, 0x00, 0x00, 0x00, 0x00, 0x00, 0x00, 0x00, 0x00, 0x00, 0x00, 0x00, 0x00, 0x00,
    0x00, 0x00, 0x00, 0x00, 0x00, 0x00, 0x00, 0x00, 0x00, 0x00, 0x00, 0x00, 0x00, 0x00, 0x00, 0x00,
    0x00, 0x00, 0x00, 0x00, 0x00, 0x00, 0x00, 0x00, 0x00, 0x00, 0x00, 0x00, 0x00, 0x00, 0x00, 0x00,
    0x00, 0x00, 0x00, 0x00, 0x00, 0x00, 0x00, 0x00, 0x00, 0x00, 0x00, 0x00, 0x00, 0x00, 0x00, 0x00,
    0x00, 0x00, 0x00, 0x00, 0x00, 0x00, 0x00, 0x00, 0x00, 0x00, 0x00, 0x00, 0x00, 0x00, 0x00, 0x00,
    0x00, 0x00, 0x00, 0x00, 0x00, 0x00, 0x00, 0x00, 0x00, 0x00, 0x00, 0x00, 0x00, 0x00, 0x00, 0x00,
    0x00, 0x00, 0x00, 0x00, 0x00, 0x00, 0x00, 0x00, 0x00, 0x00, 0x00, 0x00, 0x00, 0x00, 0x00, 0x00,
    0x00, 0x00, 0x00, 0x00, 0x00, 0x00, 0x00, 0x00, 0x00, 0x00, 0x00, 0x00, 0x00, 0x00, 0x00, 0x00,
    0x00, 0x00, 0x00, 0x00, 0x00, 0x00, 0x00, 0x00, 0x00, 0x00, 0x00, 0x00, 0x00, 0x00, 0x00, 0x00,
    0x00, 0x00, 0x00, 0x00, 0x00, 0x00, 0x00, 0x00, 0x00, 0x00, 0x00, 0x00, 0x00, 0x00, 0x00, 0x00,
    0x00, 0x00, 0x00, 0x00, 0x00, 0x00, 0x00, 0x00, 0x00, 0x00, 0x00, 0x00, 0x00, 0x00, 0x00, 0x00,
    0x00, 0x00, 0x00, 0x00, 0x00, 0x00, 0x00, 0x00, 0x00, 0x00, 0x00, 0x00, 0x00, 0x00, 0x00, 0x00,
    0x00, 0x00, 0x00, 0x00, 0x00, 0x00, 0x00, 0x00, 0x00, 0x00, 0x00, 0x00, 0x00, 0x00, 0x00, 0x00,
    0x00, 0x00, 0x00, 0x00, 0x00, 0x00, 0x00, 0x00, 0x00, 0x00, 0x00, 0x00, 0x00, 0x00, 0x00, 0x00,
    0x00, 0x00, 0x00, 0x00, 0x00, 0x00, 0x00, 0x00, 0x00, 0x00, 0x00, 0x00, 0x00, 0x00, 0x00, 0x00,
    0x00, 0x00, 0x00, 0x00, 0x00, 0x00, 0x00, 0x00, 0x00, 0x00, 0x00, 0x00, 0x00, 0x00, 0x00, 0x00,
    0x00, 0x00, 0x00, 0x00, 0x00, 0x00, 0x00, 0x00, 0x00, 0x00, 0x00, 0x00, 0x00, 0x00, 0x00, 0x00,
    0x00, 0x00, 0x00, 0x00, 0x00, 0x00, 0x00, 0x00, 0x00, 0x00, 0x00, 0x00, 0x00, 0x00, 0x00, 0x00,
    0x00, 0x00, 0x00, 0x00, 0x00, 0x00, 0x00, 0x00, 0x00, 0x00, 0x00, 0x00, 0x00, 0x00, 0x00, 0x00,
    0x00, 0x00, 0x00, 0x00, 0x00, 0x00, 0x00, 0x00, 0x00, 0x00, 0x00, 0x00, 0x00, 0x00, 0x00, 0x00,
    0x00, 0x00, 0x00, 0x00, 0x00, 0x00, 0x00, 0x00, 0x00, 0x00, 0x00, 0x00, 0x00, 0x00, 0x00, 0x00,
    0x00, 0x00, 0x00, 0x00, 0x00, 0x00, 0x00, 0x00, 0x00, 0x00, 0x00, 0x00, 0x00, 0x00, 0x00, 0x00,
    0x00, 0x00, 0x00, 0x00, 0x00, 0x00, 0x00, 0x00, 0x00, 0x00, 0x00, 0x00, 0x00, 0x00, 0x00, 0x00,
    0x00, 0x00, 0x00, 0x00, 0x00, 0x00, 0x00, 0x00, 0x00, 0x00, 0x00, 0x00, 0x00, 0x00, 0x00, 0x00,
    0x00, 0x00, 0x00, 0x00, 0x00, 0x00, 0x00, 0x00, 0x00, 0x00, 0x00, 0x00, 0x00, 0x00, 0x00, 0x00,
    0x00, 0x00, 0x00, 0x00, 0x00, 0x00, 0x00, 0x00, 0x00, 0x00, 0x00, 0x00, 0x00, 0x00, 0x00, 0x00,
    0x00, 0x00, 0x00, 0x00, 0x00, 0x00, 0x00, 0x00, 0x00, 0x00, 0x00, 0x00, 0x00, 0x00, 0x00, 0x00,
    0x00, 0x00, 0x00, 0x00, 0x00, 0x00, 0x00, 0x00, 0x00, 0x00, 0x00, 0x00, 0x00, 0x00, 0x00, 0x00,
    0x00, 0x00, 0x00, 0x00, 0x00, 0x00, 0x00, 0x00, 0x00, 0x00, 0x00, 0x00, 0x00, 0x00, 0x00, 0x00,
    0x00, 0x00, 0x00, 0x00, 0x00, 0x00, 0x00, 0x00, 0x00, 0x00, 0x00, 0x00, 0x00, 0x00, 0x00, 0x00,
    0x00, 0x00, 0x00, 0x00, 0x00, 0x00, 0x00, 0x00, 0x00, 0x00, 0x00, 0x00, 0x00, 0x00, 0x00, 0x00,
    0x00, 0x00, 0x00, 0x00, 0x00, 0x00, 0x00, 0x00, 0x00, 0x00, 0x00, 0x00, 0x00, 0x00, 0x00, 0x00,
    0x00, 0x00, 0x00, 0x00, 0x00, 0x00, 0x00, 0x00, 0x00, 0x00, 0x00, 0x00, 0x00, 0x00, 0x00, 0x00,
    0x00, 0x00, 0x00, 0x00, 0x00, 0x00, 0x00, 0x00, 0x00, 0x00, 0x00, 0x00, 0x00, 0x00, 0x00, 0x00,
    0x00, 0x00, 0x00, 0x00, 0x00, 0x00, 0x00, 0x00, 0x00, 0x00, 0x00, 0x00, 0x00, 0x00, 0x00, 0x00,
    0x00, 0x00, 0x00, 0x00, 0x00, 0x00, 0x00, 0x00, 0x00, 0x00, 0x00, 0x00, 0x00, 0x00, 0x00, 0x00,
    0x00, 0x00, 0x00, 0x00, 0x00, 0x00, 0x00, 0x00, 0x00, 0x00, 0x00, 0x00, 0x00, 0x00, 0x00, 0x00,
    0x00, 0x00, 0x00, 0x00, 0x00, 0x00, 0x00, 0x00, 0x00, 0x00, 0x00, 0x00, 0x00, 0x00, 0x00, 0x00,
    0x00, 0x00, 0x00, 0x00, 0x00, 0x00, 0x00, 0x00, 0x00, 0x00, 0x00, 0x00, 0x00, 0x00, 0x00, 0x00,
    0x00, 0x00, 0x00, 0x00, 0x00, 0x00, 0x00, 0x00, 0x00, 0x00, 0x00, 0x00, 0x00, 0x00, 0x00, 0x00,
    0x00, 0x00, 0x00, 0x00, 0x00, 0x00, 0x00, 0x00, 0x00, 0x00, 0x00, 0x00, 0x00, 0x00, 0x00, 0x00,
    0x00, 0x00, 0x00, 0x00, 0x00, 0x00, 0x00, 0x00, 0x00, 0x00, 0x00, 0x00, 0x00, 0x00, 0x00, 0x00,
    0x00, 0x00, 0x00, 0x00, 0x00, 0x00, 0x00, 0x00, 0x00, 0x00, 0x00, 0x00, 0x00, 0x00, 0x00, 0x00,
    0x00, 0x00, 0x00, 0x00, 0x00, 0x00, 0x00, 0x00, 0x00, 0x00, 0x00, 0x00, 0x00, 0x00, 0x00, 0x00,
    0x00, 0x00, 0x00, 0x00, 0x00, 0x00, 0x00, 0x00, 0x00, 0x00, 0x00, 0x00, 0x00, 0x00, 0x00, 0x00,
    0x00, 0x00, 0x00, 0x00, 0x00, 0x00, 0x00, 0x00, 0x00, 0x00, 0x00, 0x00, 0x00, 0x00, 0x00, 0x00,
    0x00, 0x00, 0x00, 0x00, 0x00, 0x00, 0x00, 0x00, 0x00, 0x00, 0x00, 0x00, 0x00, 0x00, 0x00, 0x00,
    0x00, 0x00, 0x00, 0x00, 0x00, 0x00, 0x00, 0x00, 0x00, 0x00, 0x00, 0x00, 0x00, 0x00, 0x00, 0x00,
    0x00, 0x00, 0x00, 0x00, 0x00, 0x00, 0x00, 0x00, 0x00, 0x00, 0x00, 0x00, 0x00, 0x00, 0x00, 0x00,
    0x00, 0x00, 0x00, 0x00, 0x00, 0x00, 0x00, 0x00, 0x00, 0x00, 0x00, 0x00, 0x00, 0x00, 0x00, 0x00,
    0x00, 0x00, 0x00, 0x00, 0x00, 0x00, 0x00, 0x00, 0x00, 0x00, 0x00, 0x00, 0x00, 0x00, 0x00, 0x00,
    0x00, 0x00, 0x00, 0x00, 0x00, 0x00, 0x00, 0x00, 0x00, 0x00, 0x00, 0x00, 0x00, 0x00, 0x00, 0x00,
    0x00, 0x00, 0x00, 0x00, 0x00, 0x00, 0x00, 0x00, 0x00, 0x00, 0x00, 0x00, 0x00, 0x00, 0x00, 0x00,
    0x00, 0x00, 0x00, 0x00, 0x00, 0x00, 0x00, 0x00, 0x00, 0x00, 0x00, 0x00, 0x00, 0x00, 0x00, 0x00,
    0x00, 0x00, 0x00, 0x00, 0x00, 0x00, 0x00, 0x00, 0x00, 0x00, 0x00, 0x00, 0x00, 0x00, 0x00, 0x00,
    0x00, 0x00, 0x00, 0x00, 0x00, 0x00, 0x00, 0x00, 0x00, 0x00, 0x00, 0x00, 0x00, 0x00, 0x00, 0x00,
    0x00, 0x00, 0x00, 0x00, 0x00, 0x00, 0x00, 0x00, 0x00, 0x00, 0x00, 0x00, 0x00, 0x00, 0x00, 0x00,
    0x00, 0x00, 0x00, 0x00, 0x00, 0x00, 0x00, 0x00, 0x00, 0x00, 0x00, 0x00, 0x00, 0x00, 0x00, 0x00,
    0x00, 0x00, 0x00, 0x00, 0x00, 0x00, 0x00, 0x00, 0x00, 0x00, 0x00, 0x00, 0x00, 0x00, 0x00, 0x00,
    0x00, 0x00, 0x00, 0x00, 0x00, 0x00, 0x00, 0x00, 0x00, 0x00, 0x00, 0x00, 0x00, 0x00, 0x00, 0x00,
    0x00, 0x00, 0x00, 0x00, 0x00, 0x00, 0x00, 0x00, 0x00, 0x00, 0x00, 0x00, 0x00, 0x00, 0x00, 0x00,
    0x00, 0x00, 0x00, 0x00, 0x00, 0x00, 0x00, 0x00, 0x00, 0x00, 0x00, 0x00, 0x00, 0x00, 0x00, 0x00,
    0x00, 0x00, 0x00, 0x00, 0x00, 0x00, 0x00, 0x00, 0x00, 0x00, 0x00, 0x00, 0x00, 0x00, 0x00, 0x00,
    0x00, 0x00, 0x00, 0x00, 0x00, 0x00, 0x00, 0x00, 0x00, 0x00, 0x00, 0x00, 0x00, 0x00, 0x00, 0x00,
    0x00, 0x00, 0x00, 0x00, 0x00, 0x00, 0x00, 0x00, 0x00, 0x00, 0x00, 0x00, 0x00, 0x00, 0x00, 0x00,
    0x00, 0x00, 0x00, 0x00, 0x00, 0x00, 0x00, 0x00, 0x00, 0x00, 0x00, 0x00, 0x00, 0x00, 0x00, 0x00,
    0x00, 0x00, 0x00, 0x00, 0x00, 0x00, 0x00, 0x00, 0x00, 0x00, 0x00, 0x00, 0x00, 0x00, 0x00, 0x00,
    0x00, 0x00, 0x00, 0x00, 0x00, 0x00, 0x00, 0x00, 0x00, 0x00, 0x00, 0x00, 0x00, 0x00, 0x00, 0x00,
    0x00, 0x00, 0x00, 0x00, 0x00, 0x00, 0x00, 0x00, 0x00, 0x00, 0x00, 0x00, 0x00, 0x00, 0x00, 0x00,
    0x00, 0x00, 0x00, 0x00, 0x00, 0x00, 0x00, 0x00, 0x00, 0x00, 0x00, 0x00, 0x00, 0x00, 0x00, 0x00,
    0x00, 0x00, 0x00, 0x00, 0x00, 0x00, 0x00, 0x00, 0x00, 0x00, 0x00, 0x00, 0x00, 0x00, 0x00, 0x00,
    0x00, 0x00, 0x00, 0x00, 0x00, 0x00, 0x00, 0x00, 0x00, 0x00, 0x00, 0x00, 0x00, 0x00, 0x00, 0x00,
    0x00, 0x00, 0x00, 0x00, 0x00, 0x00, 0x00, 0x00, 0x00, 0x00, 0x15, 0x03, 0x31, 0x09, 0x73, 0x72,
    0x65, 0x31, 0x33, 0x2d, 0x31, 0x2e, 0x34, 0x2e, 0x31, 0x33, 0x2d, 0x61, 0x72, 0x6d, 0x36, 0x34,
    0x0d, 0x00, 0x00, 0x00, 0x01, 0x0f, 0x80, 0x00, 0x0f, 0x80, 0x00, 0x00, 0x00, 0x00, 0x00, 0x00,
    0x00, 0x00, 0x00, 0x00, 0x00, 0x00, 0x00, 0x00, 0x00, 0x00, 0x00, 0x00, 0x00, 0x00, 0x00, 0x00,
    0x00, 0x00, 0x00, 0x00, 0x00, 0x00, 0x00, 0x00, 0x00, 0x00, 0x00, 0x00, 0x00, 0x00, 0x00, 0x00,
    0x00, 0x00, 0x00, 0x00, 0x00, 0x00, 0x00, 0x00, 0x00, 0x00, 0x00, 0x00, 0x00, 0x00, 0x00, 0x00,
    0x00, 0x00, 0x00, 0x00, 0x00, 0x00, 0x00, 0x00, 0x00, 0x00, 0x00, 0x00, 0x00, 0x00, 0x00, 0x00,
    0x00, 0x00, 0x00, 0x00, 0x00, 0x00, 0x00, 0x00, 0x00, 0x00, 0x00, 0x00, 0x00, 0x00, 0x00, 0x00,
    0x00, 0x00, 0x00, 0x00, 0x00, 0x00, 0x00, 0x00, 0x00, 0x00, 0x00, 0x00, 0x00, 0x00, 0x00, 0x00,
    0x00, 0x00, 0x00, 0x00, 0x00, 0x00, 0x00, 0x00, 0x00, 0x00, 0x00, 0x00, 0x00, 0x00, 0x00, 0x00,
    0x00, 0x00, 0x00, 0x00, 0x00, 0x00, 0x00, 0x00, 0x00, 0x00, 0x00, 0x00, 0x00, 0x00, 0x00, 0x00,
    0x00, 0x00, 0x00, 0x00, 0x00, 0x00, 0x00, 0x00, 0x00, 0x00, 0x00, 0x00, 0x00, 0x00, 0x00, 0x00,
    0x00, 0x00, 0x00, 0x00, 0x00, 0x00, 0x00, 0x00, 0x00, 0x00, 0x00, 0x00, 0x00, 0x00, 0x00, 0x00,
    0x00, 0x00, 0x00, 0x00, 0x00, 0x00, 0x00, 0x00, 0x00, 0x00, 0x00, 0x00, 0x00, 0x00, 0x00, 0x00,
    0x00, 0x00, 0x00, 0x00, 0x00, 0x00, 0x00, 0x00, 0x00, 0x00, 0x00, 0x00, 0x00, 0x00, 0x00, 0x00,
    0x00, 0x00, 0x00, 0x00, 0x00, 0x00, 0x00, 0x00, 0x00, 0x00, 0x00, 0x00, 0x00, 0x00, 0x00, 0x00,
    0x00, 0x00, 0x00, 0x00, 0x00, 0x00, 0x00, 0x00, 0x00, 0x00, 0x00, 0x00, 0x00, 0x00, 0x00, 0x00,
    0x00, 0x00, 0x00, 0x00, 0x00, 0x00, 0x00, 0x00, 0x00, 0x00, 0x00, 0x00, 0x00, 0x00, 0x00, 0x00,
    0x00, 0x00, 0x00, 0x00, 0x00, 0x00, 0x00, 0x00, 0x00, 0x00, 0x00, 0x00, 0x00, 0x00, 0x00, 0x00,
    0x00, 0x00, 0x00, 0x00, 0x00, 0x00, 0x00, 0x00, 0x00, 0x00, 0x00, 0x00, 0x00, 0x00, 0x00, 0x00,
    0x00, 0x00, 0x00, 0x00, 0x00, 0x00, 0x00, 0x00, 0x00, 0x00, 0x00, 0x00, 0x00, 0x00, 0x00, 0x00,
    0x00, 0x00, 0x00, 0x00, 0x00, 0x00, 0x00, 0x00, 0x00, 0x00, 0x00, 0x00, 0x00, 0x00, 0x00, 0x00,
    0x00, 0x00, 0x00, 0x00, 0x00, 0x00, 0x00, 0x00, 0x00, 0x00, 0x00, 0x00, 0x00, 0x00, 0x00, 0x00,
    0x00, 0x00, 0x00, 0x00, 0x00, 0x00, 0x00, 0x00, 0x00, 0x00, 0x00, 0x00, 0x00, 0x00, 0x00, 0x00,
    0x00, 0x00, 0x00, 0x00, 0x00, 0x00, 0x00, 0x00, 0x00, 0x00, 0x00, 0x00, 0x00, 0x00, 0x00, 0x00,
    0x00, 0x00, 0x00, 0x00, 0x00, 0x00, 0x00, 0x00, 0x00, 0x00, 0x00, 0x00, 0x00, 0x00, 0x00, 0x00,
    0x00, 0x00, 0x00, 0x00, 0x00, 0x00, 0x00, 0x00, 0x00, 0x00, 0x00, 0x00, 0x00, 0x00, 0x00, 0x00,
    0x00, 0x00, 0x00, 0x00, 0x00, 0x00, 0x00, 0x00, 0x00, 0x00, 0x00, 0x00, 0x00, 0x00, 0x00, 0x00,
    0x00, 0x00, 0x00, 0x00, 0x00, 0x00, 0x00, 0x00, 0x00, 0x00, 0x00, 0x00, 0x00, 0x00, 0x00, 0x00,
    0x00, 0x00, 0x00, 0x00, 0x00, 0x00, 0x00, 0x00, 0x00, 0x00, 0x00, 0x00, 0x00, 0x00, 0x00, 0x00,
    0x00, 0x00, 0x00, 0x00, 0x00, 0x00, 0x00, 0x00, 0x00, 0x00, 0x00, 0x00, 0x00, 0x00, 0x00, 0x00,
    0x00, 0x00, 0x00, 0x00, 0x00, 0x00, 0x00, 0x00, 0x00, 0x00, 0x00, 0x00, 0x00, 0x00, 0x00, 0x00,
    0x00, 0x00, 0x00, 0x00, 0x00, 0x00, 0x00, 0x00, 0x00, 0x00, 0x00, 0x00, 0x00, 0x00, 0x00, 0x00,
    0x00, 0x00, 0x00, 0x00, 0x00, 0x00, 0x00, 0x00, 0x00, 0x00, 0x00, 0x00, 0x00, 0x00, 0x00, 0x00,
    0x00, 0x00, 0x00, 0x00, 0x00, 0x00, 0x00, 0x00, 0x00, 0x00, 0x00, 0x00, 0x00, 0x00, 0x00, 0x00,
    0x00, 0x00, 0x00, 0x00, 0x00, 0x00, 0x00, 0x00, 0x00, 0x00, 0x00, 0x00, 0x00, 0x00, 0x00, 0x00,
    0x00, 0x00, 0x00, 0x00, 0x00, 0x00, 0x00, 0x00, 0x00, 0x00, 0x00, 0x00, 0x00, 0x00, 0x00, 0x00,
    0x00, 0x00, 0x00, 0x00, 0x00, 0x00, 0x00, 0x00, 0x00, 0x00, 0x00, 0x00, 0x00, 0x00, 0x00, 0x00,
    0x00, 0x00, 0x00, 0x00, 0x00, 0x00, 0x00, 0x00, 0x00, 0x00, 0x00, 0x00, 0x00, 0x00, 0x00, 0x00,
    0x00, 0x00, 0x00, 0x00, 0x00, 0x00, 0x00, 0x00, 0x00, 0x00, 0x00, 0x00, 0x00, 0x00, 0x00, 0x00,
    0x00, 0x00, 0x00, 0x00, 0x00, 0x00, 0x00, 0x00, 0x00, 0x00, 0x00, 0x00, 0x00, 0x00, 0x00, 0x00,
    0x00, 0x00, 0x00, 0x00, 0x00, 0x00, 0x00, 0x00, 0x00, 0x00, 0x00, 0x00, 0x00, 0x00, 0x00, 0x00,
    0x00, 0x00, 0x00, 0x00, 0x00, 0x00, 0x00, 0x00, 0x00, 0x00, 0x00, 0x00, 0x00, 0x00, 0x00, 0x00,
    0x00, 0x00, 0x00, 0x00, 0x00, 0x00, 0x00, 0x00, 0x00, 0x00, 0x00, 0x00, 0x00, 0x00, 0x00, 0x00,
    0x00, 0x00, 0x00, 0x00, 0x00, 0x00, 0x00, 0x00, 0x00, 0x00, 0x00, 0x00, 0x00, 0x00, 0x00, 0x00,
    0x00, 0x00, 0x00, 0x00, 0x00, 0x00, 0x00, 0x00, 0x00, 0x00, 0x00, 0x00, 0x00, 0x00, 0x00, 0x00,
    0x00, 0x00, 0x00, 0x00, 0x00, 0x00, 0x00, 0x00, 0x00, 0x00, 0x00, 0x00, 0x00, 0x00, 0x00, 0x00,
    0x00, 0x00, 0x00, 0x00, 0x00, 0x00, 0x00, 0x00, 0x00, 0x00, 0x00, 0x00, 0x00, 0x00, 0x00, 0x00,
    0x00, 0x00, 0x00, 0x00, 0x00, 0x00, 0x00, 0x00, 0x00, 0x00, 0x00, 0x00, 0x00, 0x00, 0x00, 0x00,
    0x00, 0x00, 0x00, 0x00, 0x00, 0x00, 0x00, 0x00, 0x00, 0x00, 0x00, 0x00, 0x00, 0x00, 0x00, 0x00,
    0x00, 0x00, 0x00, 0x00, 0x00, 0x00, 0x00, 0x00, 0x00, 0x00, 0x00, 0x00, 0x00, 0x00, 0x00, 0x00,
    0x00, 0x00, 0x00, 0x00, 0x00, 0x00, 0x00, 0x00, 0x00, 0x00, 0x00, 0x00, 0x00, 0x00, 0x00, 0x00,
    0x00, 0x00, 0x00, 0x00, 0x00, 0x00, 0x00, 0x00, 0x00, 0x00, 0x00, 0x00, 0x00, 0x00, 0x00, 0x00,
    0x00, 0x00, 0x00, 0x00, 0x00, 0x00, 0x00, 0x00, 0x00, 0x00, 0x00, 0x00, 0x00, 0x00, 0x00, 0x00,
    0x00, 0x00, 0x00, 0x00, 0x00, 0x00, 0x00, 0x00, 0x00, 0x00, 0x00, 0x00, 0x00, 0x00, 0x00, 0x00,
    0x00, 0x00, 0x00, 0x00, 0x00, 0x00, 0x00, 0x00, 0x00, 0x00, 0x00, 0x00, 0x00, 0x00, 0x00, 0x00,
    0x00, 0x00, 0x00, 0x00, 0x00, 0x00, 0x00, 0x00, 0x00, 0x00, 0x00, 0x00, 0x00, 0x00, 0x00, 0x00,
    0x00, 0x00, 0x00, 0x00, 0x00, 0x00, 0x00, 0x00, 0x00, 0x00, 0x00, 0x00, 0x00, 0x00, 0x00, 0x00,
    0x00, 0x00, 0x00, 0x00, 0x00, 0x00, 0x00, 0x00, 0x00, 0x00, 0x00, 0x00, 0x00, 0x00, 0x00, 0x00,
    0x00, 0x00, 0x00, 0x00, 0x00, 0x00, 0x00, 0x00, 0x00, 0x00, 0x00, 0x00, 0x00, 0x00, 0x00, 0x00,
    0x00, 0x00, 0x00, 0x00, 0x00, 0x00, 0x00, 0x00, 0x00, 0x00, 0x00, 0x00, 0x00, 0x00, 0x00, 0x00,
    0x00, 0x00, 0x00, 0x00, 0x00, 0x00, 0x00, 0x00, 0x00, 0x00, 0x00, 0x00, 0x00, 0x00, 0x00, 0x00,
    0x00, 0x00, 0x00, 0x00, 0x00, 0x00, 0x00, 0x00, 0x00, 0x00, 0x00, 0x00, 0x00, 0x00, 0x00, 0x00,
    0x00, 0x00, 0x00, 0x00, 0x00, 0x00, 0x00, 0x00, 0x00, 0x00, 0x00, 0x00, 0x00, 0x00, 0x00, 0x00,
    0x00, 0x00, 0x00, 0x00, 0x00, 0x00, 0x00, 0x00, 0x00, 0x00, 0x00, 0x00, 0x00, 0x00, 0x00, 0x00,
    0x00, 0x00, 0x00, 0x00, 0x00, 0x00, 0x00, 0x00, 0x00, 0x00, 0x00, 0x00, 0x00, 0x00, 0x00, 0x00,
    0x00, 0x00, 0x00, 0x00, 0x00, 0x00, 0x00, 0x00, 0x00, 0x00, 0x00, 0x00, 0x00, 0x00, 0x00, 0x00,
    0x00, 0x00, 0x00, 0x00, 0x00, 0x00, 0x00, 0x00, 0x00, 0x00, 0x00, 0x00, 0x00, 0x00, 0x00, 0x00,
    0x00, 0x00, 0x00, 0x00, 0x00, 0x00, 0x00, 0x00, 0x00, 0x00, 0x00, 0x00, 0x00, 0x00, 0x00, 0x00,
    0x00, 0x00, 0x00, 0x00, 0x00, 0x00, 0x00, 0x00, 0x00, 0x00, 0x00, 0x00, 0x00, 0x00, 0x00, 0x00,
    0x00, 0x00, 0x00, 0x00, 0x00, 0x00, 0x00, 0x00, 0x00, 0x00, 0x00, 0x00, 0x00, 0x00, 0x00, 0x00,
    0x00, 0x00, 0x00, 0x00, 0x00, 0x00, 0x00, 0x00, 0x00, 0x00, 0x00, 0x00, 0x00, 0x00, 0x00, 0x00,
    0x00, 0x00, 0x00, 0x00, 0x00, 0x00, 0x00, 0x00, 0x00, 0x00, 0x00, 0x00, 0x00, 0x00, 0x00, 0x00,
    0x00, 0x00, 0x00, 0x00, 0x00, 0x00, 0x00, 0x00, 0x00, 0x00, 0x00, 0x00, 0x00, 0x00, 0x00, 0x00,
    0x00, 0x00, 0x00, 0x00, 0x00, 0x00, 0x00, 0x00, 0x00, 0x00, 0x00, 0x00, 0x00, 0x00, 0x00, 0x00,
    0x00, 0x00, 0x00, 0x00, 0x00, 0x00, 0x00, 0x00, 0x00, 0x00, 0x00, 0x00, 0x00, 0x00, 0x00, 0x00,
    0x00, 0x00, 0x00, 0x00, 0x00, 0x00, 0x00, 0x00, 0x00, 0x00, 0x00, 0x00, 0x00, 0x00, 0x00, 0x00,
    0x00, 0x00, 0x00, 0x00, 0x00, 0x00, 0x00, 0x00, 0x00, 0x00, 0x00, 0x00, 0x00, 0x00, 0x00, 0x00,
    0x00, 0x00, 0x00, 0x00, 0x00, 0x00, 0x00, 0x00, 0x00, 0x00, 0x00, 0x00, 0x00, 0x00, 0x00, 0x00,
    0x00, 0x00, 0x00, 0x00, 0x00, 0x00, 0x00, 0x00, 0x00, 0x00, 0x00, 0x00, 0x00, 0x00, 0x00, 0x00,
    0x00, 0x00, 0x00, 0x00, 0x00, 0x00, 0x00, 0x00, 0x00, 0x00, 0x00, 0x00, 0x00, 0x00, 0x00, 0x00,
    0x00, 0x00, 0x00, 0x00, 0x00, 0x00, 0x00, 0x00, 0x00, 0x00, 0x00, 0x00, 0x00, 0x00, 0x00, 0x00,
    0x00, 0x00, 0x00, 0x00, 0x00, 0x00, 0x00, 0x00, 0x00, 0x00, 0x00, 0x00, 0x00, 0x00, 0x00, 0x00,
    0x00, 0x00, 0x00, 0x00, 0x00, 0x00, 0x00, 0x00, 0x00, 0x00, 0x00, 0x00, 0x00, 0x00, 0x00, 0x00,
    0x00, 0x00, 0x00, 0x00, 0x00, 0x00, 0x00, 0x00, 0x00, 0x00, 0x00, 0x00, 0x00, 0x00, 0x00, 0x00,
    0x00, 0x00, 0x00, 0x00, 0x00, 0x00, 0x00, 0x00, 0x00, 0x00, 0x00, 0x00, 0x00, 0x00, 0x00, 0x00,
    0x00, 0x00, 0x00, 0x00, 0x00, 0x00, 0x00, 0x00, 0x00, 0x00, 0x00, 0x00, 0x00, 0x00, 0x00, 0x00,
    0x00, 0x00, 0x00, 0x00, 0x00, 0x00, 0x00, 0x00, 0x00, 0x00, 0x00, 0x00, 0x00, 0x00, 0x00, 0x00,
    0x00, 0x00, 0x00, 0x00, 0x00, 0x00, 0x00, 0x00, 0x00, 0x00, 0x00, 0x00, 0x00, 0x00, 0x00, 0x00,
    0x00, 0x00, 0x00, 0x00, 0x00, 0x00, 0x00, 0x00, 0x00, 0x00, 0x00, 0x00, 0x00, 0x00, 0x00, 0x00,
    0x00, 0x00, 0x00, 0x00, 0x00, 0x00, 0x00, 0x00, 0x00, 0x00, 0x00, 0x00, 0x00, 0x00, 0x00, 0x00,
    0x00, 0x00, 0x00, 0x00, 0x00, 0x00, 0x00, 0x00, 0x00, 0x00, 0x00, 0x00, 0x00, 0x00, 0x00, 0x00,
    0x00, 0x00, 0x00, 0x00, 0x00, 0x00, 0x00, 0x00, 0x00, 0x00, 0x00, 0x00, 0x00, 0x00, 0x00, 0x00,
    0x00, 0x00, 0x00, 0x00, 0x00, 0x00, 0x00, 0x00, 0x00, 0x00, 0x00, 0x00, 0x00, 0x00, 0x00, 0x00,
    0x00, 0x00, 0x00, 0x00, 0x00, 0x00, 0x00, 0x00, 0x00, 0x00, 0x00, 0x00, 0x00, 0x00, 0x00, 0x00,
    0x00, 0x00, 0x00, 0x00, 0x00, 0x00, 0x00, 0x00, 0x00, 0x00, 0x00, 0x00, 0x00, 0x00, 0x00, 0x00,
    0x00, 0x00, 0x00, 0x00, 0x00, 0x00, 0x00, 0x00, 0x00, 0x00, 0x00, 0x00, 0x00, 0x00, 0x00, 0x00,
    0x00, 0x00, 0x00, 0x00, 0x00, 0x00, 0x00, 0x00, 0x00, 0x00, 0x00, 0x00, 0x00, 0x00, 0x00, 0x00,
    0x00, 0x00, 0x00, 0x00, 0x00, 0x00, 0x00, 0x00, 0x00, 0x00, 0x00, 0x00, 0x00, 0x00, 0x00, 0x00,
    0x00, 0x00, 0x00, 0x00, 0x00, 0x00, 0x00, 0x00, 0x00, 0x00, 0x00, 0x00, 0x00, 0x00, 0x00, 0x00,
    0x00, 0x00, 0x00, 0x00, 0x00, 0x00, 0x00, 0x00, 0x00, 0x00, 0x00, 0x00, 0x00, 0x00, 0x00, 0x00,
    0x00, 0x00, 0x00, 0x00, 0x00, 0x00, 0x00, 0x00, 0x00, 0x00, 0x00, 0x00, 0x00, 0x00, 0x00, 0x00,
    0x00, 0x00, 0x00, 0x00, 0x00, 0x00, 0x00, 0x00, 0x00, 0x00, 0x00, 0x00, 0x00, 0x00, 0x00, 0x00,
    0x00, 0x00, 0x00, 0x00, 0x00, 0x00, 0x00, 0x00, 0x00, 0x00, 0x00, 0x00, 0x00, 0x00, 0x00, 0x00,
    0x00, 0x00, 0x00, 0x00, 0x00, 0x00, 0x00, 0x00, 0x00, 0x00, 0x00, 0x00, 0x00, 0x00, 0x00, 0x00,
    0x00, 0x00, 0x00, 0x00, 0x00, 0x00, 0x00, 0x00, 0x00, 0x00, 0x00, 0x00, 0x00, 0x00, 0x00, 0x00,
    0x00, 0x00, 0x00, 0x00, 0x00, 0x00, 0x00, 0x00, 0x00, 0x00, 0x00, 0x00, 0x00, 0x00, 0x00, 0x00,
    0x00, 0x00, 0x00, 0x00, 0x00, 0x00, 0x00, 0x00, 0x00, 0x00, 0x00, 0x00, 0x00, 0x00, 0x00, 0x00,
    0x00, 0x00, 0x00, 0x00, 0x00, 0x00, 0x00, 0x00, 0x00, 0x00, 0x00, 0x00, 0x00, 0x00, 0x00, 0x00,
    0x00, 0x00, 0x00, 0x00, 0x00, 0x00, 0x00, 0x00, 0x00, 0x00, 0x00, 0x00, 0x00, 0x00, 0x00, 0x00,
    0x00, 0x00, 0x00, 0x00, 0x00, 0x00, 0x00, 0x00, 0x00, 0x00, 0x00, 0x00, 0x00, 0x00, 0x00, 0x00,
    0x00, 0x00, 0x00, 0x00, 0x00, 0x00, 0x00, 0x00, 0x00, 0x00, 0x00, 0x00, 0x00, 0x00, 0x00, 0x00,
    0x00, 0x00, 0x00, 0x00, 0x00, 0x00, 0x00, 0x00, 0x00, 0x00, 0x00, 0x00, 0x00, 0x00, 0x00, 0x00,
    0x00, 0x00, 0x00, 0x00, 0x00, 0x00, 0x00, 0x00, 0x00, 0x00, 0x00, 0x00, 0x00, 0x00, 0x00, 0x00,
    0x00, 0x00, 0x00, 0x00, 0x00, 0x00, 0x00, 0x00, 0x00, 0x00, 0x00, 0x00, 0x00, 0x00, 0x00, 0x00,
    0x00, 0x00, 0x00, 0x00, 0x00, 0x00, 0x00, 0x00, 0x00, 0x00, 0x00, 0x00, 0x00, 0x00, 0x00, 0x00,
    0x00, 0x00, 0x00, 0x00, 0x00, 0x00, 0x00, 0x00, 0x00, 0x00, 0x00, 0x00, 0x00, 0x00, 0x00, 0x00,
    0x00, 0x00, 0x00, 0x00, 0x00, 0x00, 0x00, 0x00, 0x00, 0x00, 0x00, 0x00, 0x00, 0x00, 0x00, 0x00,
    0x00, 0x00, 0x00, 0x00, 0x00, 0x00, 0x00, 0x00, 0x00, 0x00, 0x00, 0x00, 0x00, 0x00, 0x00, 0x00,
    0x00, 0x00, 0x00, 0x00, 0x00, 0x00, 0x00, 0x00, 0x00, 0x00, 0x00, 0x00, 0x00, 0x00, 0x00, 0x00,
    0x00, 0x00, 0x00, 0x00, 0x00, 0x00, 0x00, 0x00, 0x00, 0x00, 0x00, 0x00, 0x00, 0x00, 0x00, 0x00,
    0x00, 0x00, 0x00, 0x00, 0x00, 0x00, 0x00, 0x00, 0x00, 0x00, 0x00, 0x00, 0x00, 0x00, 0x00, 0x00,
    0x00, 0x00, 0x00, 0x00, 0x00, 0x00, 0x00, 0x00, 0x00, 0x00, 0x00, 0x00, 0x00, 0x00, 0x00, 0x00,
    0x00, 0x00, 0x00, 0x00, 0x00, 0x00, 0x00, 0x00, 0x00, 0x00, 0x00, 0x00, 0x00, 0x00, 0x00, 0x00,
    0x00, 0x00, 0x00, 0x00, 0x00, 0x00, 0x00, 0x00, 0x00, 0x00, 0x00, 0x00, 0x00, 0x00, 0x00, 0x00,
    0x00, 0x00, 0x00, 0x00, 0x00, 0x00, 0x00, 0x00, 0x00, 0x00, 0x00, 0x00, 0x00, 0x00, 0x00, 0x00,
    0x00, 0x00, 0x00, 0x00, 0x00, 0x00, 0x00, 0x00, 0x00, 0x00, 0x00, 0x00, 0x00, 0x00, 0x00, 0x00,
    0x00, 0x00, 0x00, 0x00, 0x00, 0x00, 0x00, 0x00, 0x00, 0x00, 0x00, 0x00, 0x00, 0x00, 0x00, 0x00,
    0x00, 0x00, 0x00, 0x00, 0x00, 0x00, 0x00, 0x00, 0x00, 0x00, 0x00, 0x00, 0x00, 0x00, 0x00, 0x00,
    0x00, 0x00, 0x00, 0x00, 0x00, 0x00, 0x00, 0x00, 0x00, 0x00, 0x00, 0x00, 0x00, 0x00, 0x00, 0x00,
    0x00, 0x00, 0x00, 0x00, 0x00, 0x00, 0x00, 0x00, 0x00, 0x00, 0x00, 0x00, 0x00, 0x00, 0x00, 0x00,
    0x00, 0x00, 0x00, 0x00, 0x00, 0x00, 0x00, 0x00, 0x00, 0x00, 0x00, 0x00, 0x00, 0x00, 0x00, 0x00,
    0x00, 0x00, 0x00, 0x00, 0x00, 0x00, 0x00, 0x00, 0x00, 0x00, 0x00, 0x00, 0x00, 0x00, 0x00, 0x00,
    0x00, 0x00, 0x00, 0x00, 0x00, 0x00, 0x00, 0x00, 0x00, 0x00, 0x00, 0x00, 0x00, 0x00, 0x00, 0x00,
    0x00, 0x00, 0x00, 0x00, 0x00, 0x00, 0x00, 0x00, 0x00, 0x00, 0x00, 0x00, 0x00, 0x00, 0x00, 0x00,
    0x00, 0x00, 0x00, 0x00, 0x00, 0x00, 0x00, 0x00, 0x00, 0x00, 0x00, 0x00, 0x00, 0x00, 0x00, 0x00,
    0x00, 0x00, 0x00, 0x00, 0x00, 0x00, 0x00, 0x00, 0x00, 0x00, 0x00, 0x00, 0x00, 0x00, 0x00, 0x00,
    0x00, 0x00, 0x00, 0x00, 0x00, 0x00, 0x00, 0x00, 0x00, 0x00, 0x00, 0x00, 0x00, 0x00, 0x00, 0x00,
    0x00, 0x00, 0x00, 0x00, 0x00, 0x00, 0x00, 0x00, 0x00, 0x00, 0x00, 0x00, 0x00, 0x00, 0x00, 0x00,
    0x00, 0x00, 0x00, 0x00, 0x00, 0x00, 0x00, 0x00, 0x00, 0x00, 0x00, 0x00, 0x00, 0x00, 0x00, 0x00,
    0x00, 0x00, 0x00, 0x00, 0x00, 0x00, 0x00, 0x00, 0x00, 0x00, 0x00, 0x00, 0x00, 0x00, 0x00, 0x00,
    0x00, 0x00, 0x00, 0x00, 0x00, 0x00, 0x00, 0x00, 0x00, 0x00, 0x00, 0x00, 0x00, 0x00, 0x00, 0x00,
    0x00, 0x00, 0x00, 0x00, 0x00, 0x00, 0x00, 0x00, 0x00, 0x00, 0x00, 0x00, 0x00, 0x00, 0x00, 0x00,
    0x00, 0x00, 0x00, 0x00, 0x00, 0x00, 0x00, 0x00, 0x00, 0x00, 0x00, 0x00, 0x00, 0x00, 0x00, 0x00,
    0x00, 0x00, 0x00, 0x00, 0x00, 0x00, 0x00, 0x00, 0x00, 0x00, 0x00, 0x00, 0x00, 0x00, 0x00, 0x00,
    0x00, 0x00, 0x00, 0x00, 0x00, 0x00, 0x00, 0x00, 0x00, 0x00, 0x00, 0x00, 0x00, 0x00, 0x00, 0x00,
    0x00, 0x00, 0x00, 0x00, 0x00, 0x00, 0x00, 0x00, 0x00, 0x00, 0x00, 0x00, 0x00, 0x00, 0x00, 0x00,
    0x00, 0x00, 0x00, 0x00, 0x00, 0x00, 0x00, 0x00, 0x00, 0x00, 0x00, 0x00, 0x00, 0x00, 0x00, 0x00,
    0x00, 0x00, 0x00, 0x00, 0x00, 0x00, 0x00, 0x00, 0x00, 0x00, 0x00, 0x00, 0x00, 0x00, 0x00, 0x00,
    0x00, 0x00, 0x00, 0x00, 0x00, 0x00, 0x00, 0x00, 0x00, 0x00, 0x00, 0x00, 0x00, 0x00, 0x00, 0x00,
    0x00, 0x00, 0x00, 0x00, 0x00, 0x00, 0x00, 0x00, 0x00, 0x00, 0x00, 0x00, 0x00, 0x00, 0x00, 0x00,
    0x00, 0x00, 0x00, 0x00, 0x00, 0x00, 0x00, 0x00, 0x00, 0x00, 0x00, 0x00, 0x00, 0x00, 0x00, 0x00,
    0x00, 0x00, 0x00, 0x00, 0x00, 0x00, 0x00, 0x00, 0x00, 0x00, 0x00, 0x00, 0x00, 0x00, 0x00, 0x00,
    0x00, 0x00, 0x00, 0x00, 0x00, 0x00, 0x00, 0x00, 0x00, 0x00, 0x00, 0x00, 0x00, 0x00, 0x00, 0x00,
    0x00, 0x00, 0x00, 0x00, 0x00, 0x00, 0x00, 0x00, 0x00, 0x00, 0x00, 0x00, 0x00, 0x00, 0x00, 0x00,
    0x00, 0x00, 0x00, 0x00, 0x00, 0x00, 0x00, 0x00, 0x00, 0x00, 0x00, 0x00, 0x00, 0x00, 0x00, 0x00,
    0x00, 0x00, 0x00, 0x00, 0x00, 0x00, 0x00, 0x00, 0x00, 0x00, 0x00, 0x00, 0x00, 0x00, 0x00, 0x00,
    0x00, 0x00, 0x00, 0x00, 0x00, 0x00, 0x00, 0x00, 0x00, 0x00, 0x00, 0x00, 0x00, 0x00, 0x00, 0x00,
    0x00, 0x00, 0x00, 0x00, 0x00, 0x00, 0x00, 0x00, 0x00, 0x00, 0x00, 0x00, 0x00, 0x00, 0x00, 0x00,
    0x00, 0x00, 0x00, 0x00, 0x00, 0x00, 0x00, 0x00, 0x00, 0x00, 0x00, 0x00, 0x00, 0x00, 0x00, 0x00,
    0x00, 0x00, 0x00, 0x00, 0x00, 0x00, 0x00, 0x00, 0x00, 0x00, 0x00, 0x00, 0x00, 0x00, 0x00, 0x00,
    0x00, 0x00, 0x00, 0x00, 0x00, 0x00, 0x00, 0x00, 0x00, 0x00, 0x00, 0x00, 0x00, 0x00, 0x00, 0x00,
    0x00, 0x00, 0x00, 0x00, 0x00, 0x00, 0x00, 0x00, 0x00, 0x00, 0x00, 0x00, 0x00, 0x00, 0x00, 0x00,
    0x00, 0x00, 0x00, 0x00, 0x00, 0x00, 0x00, 0x00, 0x00, 0x00, 0x00, 0x00, 0x00, 0x00, 0x00, 0x00,
    0x00, 0x00, 0x00, 0x00, 0x00, 0x00, 0x00, 0x00, 0x00, 0x00, 0x00, 0x00, 0x00, 0x00, 0x00, 0x00,
    0x00, 0x00, 0x00, 0x00, 0x00, 0x00, 0x00, 0x00, 0x00, 0x00, 0x00, 0x00, 0x00, 0x00, 0x00, 0x00,
    0x00, 0x00, 0x00, 0x00, 0x00, 0x00, 0x00, 0x00, 0x00, 0x00, 0x00, 0x00, 0x00, 0x00, 0x00, 0x00,
    0x00, 0x00, 0x00, 0x00, 0x00, 0x00, 0x00, 0x00, 0x00, 0x00, 0x00, 0x00, 0x00, 0x00, 0x00, 0x00,
    0x00, 0x00, 0x00, 0x00, 0x00, 0x00, 0x00, 0x00, 0x00, 0x00, 0x00, 0x00, 0x00, 0x00, 0x00, 0x00,
    0x00, 0x00, 0x00, 0x00, 0x00, 0x00, 0x00, 0x00, 0x00, 0x00, 0x00, 0x00, 0x00, 0x00, 0x00, 0x00,
    0x00, 0x00, 0x00, 0x00, 0x00, 0x00, 0x00, 0x00, 0x00, 0x00, 0x00, 0x00, 0x00, 0x00, 0x00, 0x00,
    0x00, 0x00, 0x00, 0x00, 0x00, 0x00, 0x00, 0x00, 0x00, 0x00, 0x00, 0x00, 0x00, 0x00, 0x00, 0x00,
    0x00, 0x00, 0x00, 0x00, 0x00, 0x00, 0x00, 0x00, 0x00, 0x00, 0x00, 0x00, 0x00, 0x00, 0x00, 0x00,
    0x00, 0x00, 0x00, 0x00, 0x00, 0x00, 0x00, 0x00, 0x00, 0x00, 0x00, 0x00, 0x00, 0x00, 0x00, 0x00,
    0x00, 0x00, 0x00, 0x00, 0x00, 0x00, 0x00, 0x00, 0x00, 0x00, 0x00, 0x00, 0x00, 0x00, 0x00, 0x00,
    0x00, 0x00, 0x00, 0x00, 0x00, 0x00, 0x00, 0x00, 0x00, 0x00, 0x00, 0x00, 0x00, 0x00, 0x00, 0x00,
    0x00, 0x00, 0x00, 0x00, 0x00, 0x00, 0x00, 0x00, 0x00, 0x00, 0x00, 0x00, 0x00, 0x00, 0x00, 0x00,
    0x00, 0x00, 0x00, 0x00, 0x00, 0x00, 0x00, 0x00, 0x00, 0x00, 0x00, 0x00, 0x00, 0x00, 0x00, 0x00,
    0x00, 0x00, 0x00, 0x00, 0x00, 0x00, 0x00, 0x00, 0x00, 0x00, 0x00, 0x00, 0x00, 0x00, 0x00, 0x00,
    0x00, 0x00, 0x00, 0x00, 0x00, 0x00, 0x00, 0x00, 0x00, 0x00, 0x00, 0x00, 0x00, 0x00, 0x00, 0x00,
    0x00, 0x00, 0x00, 0x00, 0x00, 0x00, 0x00, 0x00, 0x00, 0x00, 0x00, 0x00, 0x00, 0x00, 0x00, 0x00,
    0x00, 0x00, 0x00, 0x00, 0x00, 0x00, 0x00, 0x00, 0x00, 0x00, 0x00, 0x00, 0x00, 0x00, 0x00, 0x00,
    0x00, 0x00, 0x00, 0x00, 0x00, 0x00, 0x00, 0x00, 0x00, 0x00, 0x00, 0x00, 0x00, 0x00, 0x00, 0x00,
    0x00, 0x00, 0x00, 0x00, 0x00, 0x00, 0x00, 0x00, 0x00, 0x00, 0x00, 0x00, 0x00, 0x00, 0x00, 0x00,
    0x00, 0x00, 0x00, 0x00, 0x00, 0x00, 0x00, 0x00, 0x00, 0x00, 0x00, 0x00, 0x00, 0x00, 0x00, 0x00,
    0x00, 0x00, 0x00, 0x00, 0x00, 0x00, 0x00, 0x00, 0x00, 0x00, 0x00, 0x00, 0x00, 0x00, 0x00, 0x00,
    0x00, 0x00, 0x00, 0x00, 0x00, 0x00, 0x00, 0x00, 0x00, 0x00, 0x00, 0x00, 0x00, 0x00, 0x00, 0x00,
    0x00, 0x00, 0x00, 0x00, 0x00, 0x00, 0x00, 0x00, 0x00, 0x00, 0x00, 0x00, 0x00, 0x00, 0x00, 0x00,
    0x00, 0x00, 0x00, 0x00, 0x00, 0x00, 0x00, 0x00, 0x00, 0x00, 0x00, 0x00, 0x00, 0x00, 0x00, 0x00,
    0x00, 0x00, 0x00, 0x00, 0x00, 0x00, 0x00, 0x00, 0x00, 0x00, 0x00, 0x00, 0x00, 0x00, 0x00, 0x00,
    0x00, 0x00, 0x00, 0x00, 0x00, 0x00, 0x00, 0x00, 0x00, 0x00, 0x00, 0x00, 0x00, 0x00, 0x00, 0x00,
    0x00, 0x00, 0x00, 0x00, 0x00, 0x00, 0x00, 0x00, 0x00, 0x00, 0x00, 0x00, 0x00, 0x00, 0x00, 0x00,
    0x00, 0x00, 0x00, 0x00, 0x00, 0x00, 0x00, 0x00, 0x00, 0x00, 0x00, 0x00, 0x00, 0x00, 0x00, 0x00,
    0x00, 0x00, 0x00, 0x00, 0x00, 0x00, 0x00, 0x00, 0x00, 0x00, 0x00, 0x00, 0x00, 0x00, 0x00, 0x00,
    0x00, 0x00, 0x00, 0x00, 0x00, 0x00, 0x00, 0x00, 0x00, 0x00, 0x00, 0x00, 0x00, 0x00, 0x00, 0x00,
    0x00, 0x00, 0x00, 0x00, 0x00, 0x00, 0x00, 0x00, 0x00, 0x00, 0x00, 0x00, 0x00, 0x00, 0x00, 0x00,
    0x00, 0x00, 0x00, 0x00, 0x00, 0x00, 0x00, 0x00, 0x00, 0x00, 0x00, 0x00, 0x00, 0x00, 0x00, 0x00,
    0x00, 0x00, 0x00, 0x00, 0x00, 0x00, 0x00, 0x00, 0x00, 0x00, 0x00, 0x00, 0x00, 0x00, 0x00, 0x00,
    0x00, 0x00, 0x00, 0x00, 0x00, 0x00, 0x00, 0x00, 0x00, 0x00, 0x00, 0x00, 0x00, 0x00, 0x00, 0x00,
    0x00, 0x00, 0x00, 0x00, 0x00, 0x00, 0x00, 0x00, 0x00, 0x00, 0x00, 0x00, 0x00, 0x00, 0x00, 0x00,
    0x00, 0x00, 0x00, 0x00, 0x00, 0x00, 0x00, 0x00, 0x00, 0x00, 0x00, 0x00, 0x00, 0x00, 0x00, 0x00,
    0x00, 0x00, 0x00, 0x00, 0x00, 0x00, 0x00, 0x00, 0x00, 0x00, 0x00, 0x00, 0x00, 0x00, 0x00, 0x00,
    0x00, 0x00, 0x00, 0x00, 0x00, 0x00, 0x00, 0x00, 0x00, 0x00, 0x00, 0x00, 0x00, 0x00, 0x00, 0x00,
    0x00, 0x00, 0x00, 0x00, 0x00, 0x00, 0x00, 0x00, 0x00, 0x00, 0x00, 0x00, 0x00, 0x00, 0x00, 0x00,
    0x00, 0x00, 0x00, 0x00, 0x00, 0x00, 0x00, 0x00, 0x00, 0x00, 0x00, 0x00, 0x00, 0x00, 0x00, 0x00,
    0x00, 0x00, 0x00, 0x00, 0x00, 0x00, 0x00, 0x00, 0x00, 0x00, 0x00, 0x00, 0x00, 0x00, 0x00, 0x00,
    0x00, 0x00, 0x00, 0x00, 0x00, 0x00, 0x00, 0x00, 0x00, 0x00, 0x00, 0x00, 0x00, 0x00, 0x00, 0x00,
    0x00, 0x00, 0x00, 0x00, 0x00, 0x00, 0x00, 0x00, 0x00, 0x00, 0x00, 0x00, 0x00, 0x00, 0x00, 0x00,
    0x00, 0x00, 0x00, 0x00, 0x00, 0x00, 0x00, 0x00, 0x00, 0x00, 0x00, 0x00, 0x00, 0x00, 0x00, 0x00,
    0x00, 0x00, 0x00, 0x00, 0x00, 0x00, 0x00, 0x00, 0x00, 0x00, 0x00, 0x00, 0x00, 0x00, 0x00, 0x00,
    0x00, 0x00, 0x00, 0x00, 0x00, 0x00, 0x00, 0x00, 0x00, 0x00, 0x00, 0x00, 0x00, 0x00, 0x00, 0x00,
    0x00, 0x00, 0x00, 0x00, 0x00, 0x00, 0x00, 0x00, 0x00, 0x00, 0x00, 0x00, 0x00, 0x00, 0x00, 0x00,
    0x00, 0x00, 0x00, 0x00, 0x00, 0x00, 0x00, 0x00, 0x00, 0x00, 0x00, 0x00, 0x00, 0x00, 0x00, 0x00,
    0x00, 0x00, 0x00, 0x00, 0x00, 0x00, 0x00, 0x00, 0x00, 0x00, 0x00, 0x00, 0x00, 0x00, 0x00, 0x00,
    0x00, 0x00, 0x00, 0x00, 0x00, 0x00, 0x00, 0x00, 0x00, 0x00, 0x00, 0x00, 0x00, 0x00, 0x00, 0x00,
    0x00, 0x00, 0x00, 0x00, 0x00, 0x00, 0x00, 0x00, 0x00, 0x00, 0x00, 0x00, 0x00, 0x00, 0x00, 0x00,
    0x00, 0x00, 0x00, 0x00, 0x00, 0x00, 0x00, 0x00, 0x00, 0x00, 0x00, 0x00, 0x00, 0x00, 0x00, 0x00,
    0x00, 0x00, 0x00, 0x00, 0x00, 0x00, 0x00, 0x00, 0x00, 0x00, 0x00, 0x00, 0x00, 0x00, 0x00, 0x00,
    0x00, 0x00, 0x00, 0x00, 0x00, 0x00, 0x00, 0x00, 0x00, 0x00, 0x00, 0x00, 0x00, 0x00, 0x00, 0x00,
    0x00, 0x00, 0x00, 0x00, 0x00, 0x00, 0x00, 0x00, 0x00, 0x00, 0x00, 0x00, 0x00, 0x00, 0x00, 0x00,
    0x00, 0x00, 0x00, 0x00, 0x00, 0x00, 0x00, 0x00, 0x00, 0x00, 0x00, 0x00, 0x00, 0x00, 0x00, 0x00,
    0x00, 0x00, 0x00, 0x00, 0x00, 0x00, 0x00, 0x00, 0x00, 0x00, 0x00, 0x00, 0x00, 0x00, 0x00, 0x00,
    0x00, 0x00, 0x00, 0x00, 0x00, 0x00, 0x00, 0x00, 0x00, 0x00, 0x00, 0x00, 0x00, 0x00, 0x00, 0x00,
    0x00, 0x00, 0x00, 0x00, 0x00, 0x00, 0x00, 0x00, 0x00, 0x00, 0x00, 0x00, 0x00, 0x00, 0x00, 0x00,
    0x00, 0x00, 0x00, 0x00, 0x00, 0x00, 0x00, 0x00, 0x00, 0x00, 0x00, 0x00, 0x00, 0x00, 0x00, 0x00,
    0x00, 0x00, 0x00, 0x00, 0x00, 0x00, 0x00, 0x00, 0x00, 0x00, 0x00, 0x00, 0x00, 0x00, 0x00, 0x00,
    0x00, 0x00, 0x00, 0x00, 0x00, 0x00, 0x00, 0x00, 0x00, 0x00, 0x00, 0x00, 0x00, 0x00, 0x00, 0x00,
    0x00, 0x00, 0x00, 0x00, 0x00, 0x00, 0x00, 0x00, 0x00, 0x00, 0x00, 0x00, 0x00, 0x00, 0x00, 0x00,
    0x00, 0x00, 0x00, 0x00, 0x00, 0x00, 0x00, 0x00, 0x00, 0x00, 0x00, 0x00, 0x00, 0x00, 0x00, 0x00,
    0x00, 0x00, 0x00, 0x00, 0x00, 0x00, 0x00, 0x00, 0x00, 0x00, 0x00, 0x00, 0x00, 0x00, 0x00, 0x00,
    0x00, 0x00, 0x00, 0x00, 0x00, 0x00, 0x00, 0x00, 0x00, 0x00, 0x00, 0x00, 0x00, 0x00, 0x00, 0x00,
    0x00, 0x00, 0x00, 0x00, 0x00, 0x00, 0x00, 0x00, 0x00, 0x00, 0x00, 0x00, 0x00, 0x00, 0x00, 0x00,
    0x00, 0x00, 0x00, 0x00, 0x00, 0x00, 0x00, 0x00, 0x00, 0x00, 0x00, 0x00, 0x00, 0x00, 0x00, 0x00,
    0x00, 0x00, 0x00, 0x00, 0x00, 0x00, 0x00, 0x00, 0x00, 0x00, 0x00, 0x00, 0x00, 0x00, 0x00, 0x00,
    0x00, 0x00, 0x00, 0x00, 0x00, 0x00, 0x00, 0x00, 0x00, 0x00, 0x00, 0x00, 0x00, 0x00, 0x00, 0x00,
    0x00, 0x00, 0x00, 0x00, 0x00, 0x00, 0x00, 0x00, 0x00, 0x00, 0x00, 0x00, 0x00, 0x00, 0x00, 0x00,
    0x00, 0x00, 0x00, 0x00, 0x00, 0x00, 0x00, 0x00, 0x00, 0x00, 0x00, 0x00, 0x00, 0x00, 0x00, 0x00,
    0x00, 0x00, 0x00, 0x00, 0x00, 0x00, 0x00, 0x00, 0x00, 0x00, 0x00, 0x00, 0x00, 0x00, 0x00, 0x00,
    0x00, 0x00, 0x00, 0x00, 0x00, 0x00, 0x00, 0x00, 0x00, 0x00, 0x00, 0x00, 0x00, 0x00, 0x00, 0x00,
    0x00, 0x00, 0x00, 0x00, 0x00, 0x00, 0x00, 0x00, 0x00, 0x00, 0x00, 0x00, 0x00, 0x00, 0x00, 0x00,
    0x00, 0x00, 0x00, 0x00, 0x00, 0x00, 0x00, 0x00, 0x00, 0x00, 0x00, 0x00, 0x00, 0x00, 0x00, 0x00,
    0x00, 0x00, 0x00, 0x00, 0x00, 0x00, 0x00, 0x00, 0x00, 0x00, 0x00, 0x00, 0x00, 0x00, 0x00, 0x00,
    0x00, 0x00, 0x00, 0x00, 0x00, 0x00, 0x00, 0x00, 0x00, 0x00, 0x00, 0x00, 0x00, 0x00, 0x00, 0x00,
    0x00, 0x00, 0x00, 0x00, 0x00, 0x00, 0x00, 0x00, 0x00, 0x00, 0x00, 0x00, 0x00, 0x00, 0x00, 0x00,
    0x00, 0x00, 0x00, 0x00, 0x00, 0x00, 0x00, 0x00, 0x00, 0x00, 0x00, 0x00, 0x00, 0x00, 0x00, 0x00,
    0x00, 0x00, 0x00, 0x00, 0x00, 0x00, 0x00, 0x00, 0x00, 0x00, 0x00, 0x00, 0x00, 0x00, 0x00, 0x00,
    0x00, 0x00, 0x00, 0x00, 0x00, 0x00, 0x00, 0x00, 0x00, 0x00, 0x00, 0x00, 0x00, 0x00, 0x00, 0x00,
    0x00, 0x00, 0x00, 0x00, 0x00, 0x00, 0x00, 0x00, 0x00, 0x00, 0x00, 0x00, 0x00, 0x00, 0x00, 0x00,
    0x00, 0x00, 0x00, 0x00, 0x00, 0x00, 0x00, 0x00, 0x00, 0x00, 0x00, 0x00, 0x00, 0x00, 0x00, 0x00,
    0x00, 0x00, 0x00, 0x00, 0x00, 0x00, 0x00, 0x00, 0x00, 0x00, 0x00, 0x00, 0x00, 0x00, 0x00, 0x00,
    0x7e, 0x01, 0x08, 0x29, 0x31, 0x29, 0x04, 0x04, 0x81, 0x0d, 0x6c, 0x69, 0x62, 0x73, 0x77, 0x6f,
    0x72, 0x64, 0x69, 0x67, 0x6f, 0x2e, 0x73, 0x6f, 0x73, 0x72, 0x65, 0x31, 0x33, 0x2d, 0x31, 0x2e,
    0x34, 0x2e, 0x31, 0x33, 0x2d, 0x61, 0x72, 0x6d, 0x36, 0x34, 0x6c, 0x69, 0x62, 0x73, 0x77, 0x6f,
    0x72, 0x64, 0x69, 0x67, 0x6f, 0x2e, 0x73, 0x6f, 0x01, 0x00, 0x00, 0x00, 0x00, 0xc0, 0x00, 0x00,
    0x61, 0x32, 0x66, 0x39, 0x63, 0x35, 0x64, 0x31, 0x38, 0x65, 0x37, 0x62, 0x33, 0x61, 0x34, 0x66,
    0x36, 0x63, 0x30, 0x64, 0x38, 0x65, 0x32, 0x61, 0x31, 0x62, 0x39, 0x63, 0x37, 0x65, 0x35, 0x66,
    0x33, 0x61, 0x31, 0x64, 0x39, 0x62, 0x37, 0x63, 0x35, 0x65, 0x33, 0x61, 0x31, 0x66, 0x39, 0x64,
    0x37, 0x62, 0x35, 0x63, 0x33, 0x61, 0x31, 0x65, 0x39, 0x66, 0x37, 0x62, 0x35, 0x64, 0x33, 0x61,
    0x0a, 0x00, 0x00, 0x00, 0x01, 0x0f, 0xee, 0x00, 0x0f, 0xee, 0x00, 0x00, 0x00, 0x00, 0x00, 0x00,
    0x00, 0x00, 0x00, 0x00, 0x00, 0x00, 0x00, 0x00, 0x00, 0x00, 0x00, 0x00, 0x00, 0x00, 0x00, 0x00,
    0x00, 0x00, 0x00, 0x00, 0x00, 0x00, 0x00, 0x00, 0x00, 0x00, 0x00, 0x00, 0x00, 0x00, 0x00, 0x00,
    0x00, 0x00, 0x00, 0x00, 0x00, 0x00, 0x00, 0x00, 0x00, 0x00, 0x00, 0x00, 0x00, 0x00, 0x00, 0x00,
    0x00, 0x00, 0x00, 0x00, 0x00, 0x00, 0x00, 0x00, 0x00, 0x00, 0x00, 0x00, 0x00, 0x00, 0x00, 0x00,
    0x00, 0x00, 0x00, 0x00, 0x00, 0x00, 0x00, 0x00, 0x00, 0x00, 0x00, 0x00, 0x00, 0x00, 0x00, 0x00,
    0x00, 0x00, 0x00, 0x00, 0x00, 0x00, 0x00, 0x00, 0x00, 0x00, 0x00, 0x00, 0x00, 0x00, 0x00, 0x00,
    0x00, 0x00, 0x00, 0x00, 0x00, 0x00, 0x00, 0x00, 0x00, 0x00, 0x00, 0x00, 0x00, 0x00, 0x00, 0x00,
    0x00, 0x00, 0x00, 0x00, 0x00, 0x00, 0x00, 0x00, 0x00, 0x00, 0x00, 0x00, 0x00, 0x00, 0x00, 0x00,
    0x00, 0x00, 0x00, 0x00, 0x00, 0x00, 0x00, 0x00, 0x00, 0x00, 0x00, 0x00, 0x00, 0x00, 0x00, 0x00,
    0x00, 0x00, 0x00, 0x00, 0x00, 0x00, 0x00, 0x00, 0x00, 0x00, 0x00, 0x00, 0x00, 0x00, 0x00, 0x00,
    0x00, 0x00, 0x00, 0x00, 0x00, 0x00, 0x00, 0x00, 0x00, 0x00, 0x00, 0x00, 0x00, 0x00, 0x00, 0x00,
    0x00, 0x00, 0x00, 0x00, 0x00, 0x00, 0x00, 0x00, 0x00, 0x00, 0x00, 0x00, 0x00, 0x00, 0x00, 0x00,
    0x00, 0x00, 0x00, 0x00, 0x00, 0x00, 0x00, 0x00, 0x00, 0x00, 0x00, 0x00, 0x00, 0x00, 0x00, 0x00,
    0x00, 0x00, 0x00, 0x00, 0x00, 0x00, 0x00, 0x00, 0x00, 0x00, 0x00, 0x00, 0x00, 0x00, 0x00, 0x00,
    0x00, 0x00, 0x00, 0x00, 0x00, 0x00, 0x00, 0x00, 0x00, 0x00, 0x00, 0x00, 0x00, 0x00, 0x00, 0x00,
    0x00, 0x00, 0x00, 0x00, 0x00, 0x00, 0x00, 0x00, 0x00, 0x00, 0x00, 0x00, 0x00, 0x00, 0x00, 0x00,
    0x00, 0x00, 0x00, 0x00, 0x00, 0x00, 0x00, 0x00, 0x00, 0x00, 0x00, 0x00, 0x00, 0x00, 0x00, 0x00,
    0x00, 0x00, 0x00, 0x00, 0x00, 0x00, 0x00, 0x00, 0x00, 0x00, 0x00, 0x00, 0x00, 0x00, 0x00, 0x00,
    0x00, 0x00, 0x00, 0x00, 0x00, 0x00, 0x00, 0x00, 0x00, 0x00, 0x00, 0x00, 0x00, 0x00, 0x00, 0x00,
    0x00, 0x00, 0x00, 0x00, 0x00, 0x00, 0x00, 0x00, 0x00, 0x00, 0x00, 0x00, 0x00, 0x00, 0x00, 0x00,
    0x00, 0x00, 0x00, 0x00, 0x00, 0x00, 0x00, 0x00, 0x00, 0x00, 0x00, 0x00, 0x00, 0x00, 0x00, 0x00,
    0x00, 0x00, 0x00, 0x00, 0x00, 0x00, 0x00, 0x00, 0x00, 0x00, 0x00, 0x00, 0x00, 0x00, 0x00, 0x00,
    0x00, 0x00, 0x00, 0x00, 0x00, 0x00, 0x00, 0x00, 0x00, 0x00, 0x00, 0x00, 0x00, 0x00, 0x00, 0x00,
    0x00, 0x00, 0x00, 0x00, 0x00, 0x00, 0x00, 0x00, 0x00, 0x00, 0x00, 0x00, 0x00, 0x00, 0x00, 0x00,
    0x00, 0x00, 0x00, 0x00, 0x00, 0x00, 0x00, 0x00, 0x00, 0x00, 0x00, 0x00, 0x00, 0x00, 0x00, 0x00,
    0x00, 0x00, 0x00, 0x00, 0x00, 0x00, 0x00, 0x00, 0x00, 0x00, 0x00, 0x00, 0x00, 0x00, 0x00, 0x00,
    0x00, 0x00, 0x00, 0x00, 0x00, 0x00, 0x00, 0x00, 0x00, 0x00, 0x00, 0x00, 0x00, 0x00, 0x00, 0x00,
    0x00, 0x00, 0x00, 0x00, 0x00, 0x00, 0x00, 0x00, 0x00, 0x00, 0x00, 0x00, 0x00, 0x00, 0x00, 0x00,
    0x00, 0x00, 0x00, 0x00, 0x00, 0x00, 0x00, 0x00, 0x00, 0x00, 0x00, 0x00, 0x00, 0x00, 0x00, 0x00,
    0x00, 0x00, 0x00, 0x00, 0x00, 0x00, 0x00, 0x00, 0x00, 0x00, 0x00, 0x00, 0x00, 0x00, 0x00, 0x00,
    0x00, 0x00, 0x00, 0x00, 0x00, 0x00, 0x00, 0x00, 0x00, 0x00, 0x00, 0x00, 0x00, 0x00, 0x00, 0x00,
    0x00, 0x00, 0x00, 0x00, 0x00, 0x00, 0x00, 0x00, 0x00, 0x00, 0x00, 0x00, 0x00, 0x00, 0x00, 0x00,
    0x00, 0x00, 0x00, 0x00, 0x00, 0x00, 0x00, 0x00, 0x00, 0x00, 0x00, 0x00, 0x00, 0x00, 0x00, 0x00,
    0x00, 0x00, 0x00, 0x00, 0x00, 0x00, 0x00, 0x00, 0x00, 0x00, 0x00, 0x00, 0x00, 0x00, 0x00, 0x00,
    0x00, 0x00, 0x00, 0x00, 0x00, 0x00, 0x00, 0x00, 0x00, 0x00, 0x00, 0x00, 0x00, 0x00, 0x00, 0x00,
    0x00, 0x00, 0x00, 0x00, 0x00, 0x00, 0x00, 0x00, 0x00, 0x00, 0x00, 0x00, 0x00, 0x00, 0x00, 0x00,
    0x00, 0x00, 0x00, 0x00, 0x00, 0x00, 0x00, 0x00, 0x00, 0x00, 0x00, 0x00, 0x00, 0x00, 0x00, 0x00,
    0x00, 0x00, 0x00, 0x00, 0x00, 0x00, 0x00, 0x00, 0x00, 0x00, 0x00, 0x00, 0x00, 0x00, 0x00, 0x00,
    0x00, 0x00, 0x00, 0x00, 0x00, 0x00, 0x00, 0x00, 0x00, 0x00, 0x00, 0x00, 0x00, 0x00, 0x00, 0x00,
    0x00, 0x00, 0x00, 0x00, 0x00, 0x00, 0x00, 0x00, 0x00, 0x00, 0x00, 0x00, 0x00, 0x00, 0x00, 0x00,
    0x00, 0x00, 0x00, 0x00, 0x00, 0x00, 0x00, 0x00, 0x00, 0x00, 0x00, 0x00, 0x00, 0x00, 0x00, 0x00,
    0x00, 0x00, 0x00, 0x00, 0x00, 0x00, 0x00, 0x00, 0x00, 0x00, 0x00, 0x00, 0x00, 0x00, 0x00, 0x00,
    0x00, 0x00, 0x00, 0x00, 0x00, 0x00, 0x00, 0x00, 0x00, 0x00, 0x00, 0x00, 0x00, 0x00, 0x00, 0x00,
    0x00, 0x00, 0x00, 0x00, 0x00, 0x00, 0x00, 0x00, 0x00, 0x00, 0x00, 0x00, 0x00, 0x00, 0x00, 0x00,
    0x00, 0x00, 0x00, 0x00, 0x00, 0x00, 0x00, 0x00, 0x00, 0x00, 0x00, 0x00, 0x00, 0x00, 0x00, 0x00,
    0x00, 0x00, 0x00, 0x00, 0x00, 0x00, 0x00, 0x00, 0x00, 0x00, 0x00, 0x00, 0x00, 0x00, 0x00, 0x00,
    0x00, 0x00, 0x00, 0x00, 0x00, 0x00, 0x00, 0x00, 0x00, 0x00, 0x00, 0x00, 0x00, 0x00, 0x00, 0x00,
    0x00, 0x00, 0x00, 0x00, 0x00, 0x00, 0x00, 0x00, 0x00, 0x00, 0x00, 0x00, 0x00, 0x00, 0x00, 0x00,
    0x00, 0x00, 0x00, 0x00, 0x00, 0x00, 0x00, 0x00, 0x00, 0x00, 0x00, 0x00, 0x00, 0x00, 0x00, 0x00,
    0x00, 0x00, 0x00, 0x00, 0x00, 0x00, 0x00, 0x00, 0x00, 0x00, 0x00, 0x00, 0x00, 0x00, 0x00, 0x00,
    0x00, 0x00, 0x00, 0x00, 0x00, 0x00, 0x00, 0x00, 0x00, 0x00, 0x00, 0x00, 0x00, 0x00, 0x00, 0x00,
    0x00, 0x00, 0x00, 0x00, 0x00, 0x00, 0x00, 0x00, 0x00, 0x00, 0x00, 0x00, 0x00, 0x00, 0x00, 0x00,
    0x00, 0x00, 0x00, 0x00, 0x00, 0x00, 0x00, 0x00, 0x00, 0x00, 0x00, 0x00, 0x00, 0x00, 0x00, 0x00,
    0x00, 0x00, 0x00, 0x00, 0x00, 0x00, 0x00, 0x00, 0x00, 0x00, 0x00, 0x00, 0x00, 0x00, 0x00, 0x00,
    0x00, 0x00, 0x00, 0x00, 0x00, 0x00, 0x00, 0x00, 0x00, 0x00, 0x00, 0x00, 0x00, 0x00, 0x00, 0x00,
    0x00, 0x00, 0x00, 0x00, 0x00, 0x00, 0x00, 0x00, 0x00, 0x00, 0x00, 0x00, 0x00, 0x00, 0x00, 0x00,
    0x00, 0x00, 0x00, 0x00, 0x00, 0x00, 0x00, 0x00, 0x00, 0x00, 0x00, 0x00, 0x00, 0x00, 0x00, 0x00,
    0x00, 0x00, 0x00, 0x00, 0x00, 0x00, 0x00, 0x00, 0x00, 0x00, 0x00, 0x00, 0x00, 0x00, 0x00, 0x00,
    0x00, 0x00, 0x00, 0x00, 0x00, 0x00, 0x00, 0x00, 0x00, 0x00, 0x00, 0x00, 0x00, 0x00, 0x00, 0x00,
    0x00, 0x00, 0x00, 0x00, 0x00, 0x00, 0x00, 0x00, 0x00, 0x00, 0x00, 0x00, 0x00, 0x00, 0x00, 0x00,
    0x00, 0x00, 0x00, 0x00, 0x00, 0x00, 0x00, 0x00, 0x00, 0x00, 0x00, 0x00, 0x00, 0x00, 0x00, 0x00,
    0x00, 0x00, 0x00, 0x00, 0x00, 0x00, 0x00, 0x00, 0x00, 0x00, 0x00, 0x00, 0x00, 0x00, 0x00, 0x00,
    0x00, 0x00, 0x00, 0x00, 0x00, 0x00, 0x00, 0x00, 0x00, 0x00, 0x00, 0x00, 0x00, 0x00, 0x00, 0x00,
    0x00, 0x00, 0x00, 0x00, 0x00, 0x00, 0x00, 0x00, 0x00, 0x00, 0x00, 0x00, 0x00, 0x00, 0x00, 0x00,
    0x00, 0x00, 0x00, 0x00, 0x00, 0x00, 0x00, 0x00, 0x00, 0x00, 0x00, 0x00, 0x00, 0x00, 0x00, 0x00,
    0x00, 0x00, 0x00, 0x00, 0x00, 0x00, 0x00, 0x00, 0x00, 0x00, 0x00, 0x00, 0x00, 0x00, 0x00, 0x00,
    0x00, 0x00, 0x00, 0x00, 0x00, 0x00, 0x00, 0x00, 0x00, 0x00, 0x00, 0x00, 0x00, 0x00, 0x00, 0x00,
    0x00, 0x00, 0x00, 0x00, 0x00, 0x00, 0x00, 0x00, 0x00, 0x00, 0x00, 0x00, 0x00, 0x00, 0x00, 0x00,
    0x00, 0x00, 0x00, 0x00, 0x00, 0x00, 0x00, 0x00, 0x00, 0x00, 0x00, 0x00, 0x00, 0x00, 0x00, 0x00,
    0x00, 0x00, 0x00, 0x00, 0x00, 0x00, 0x00, 0x00, 0x00, 0x00, 0x00, 0x00, 0x00, 0x00, 0x00, 0x00,
    0x00, 0x00, 0x00, 0x00, 0x00, 0x00, 0x00, 0x00, 0x00, 0x00, 0x00, 0x00, 0x00, 0x00, 0x00, 0x00,
    0x00, 0x00, 0x00, 0x00, 0x00, 0x00, 0x00, 0x00, 0x00, 0x00, 0x00, 0x00, 0x00, 0x00, 0x00, 0x00,
    0x00, 0x00, 0x00, 0x00, 0x00, 0x00, 0x00, 0x00, 0x00, 0x00, 0x00, 0x00, 0x00, 0x00, 0x00, 0x00,
    0x00, 0x00, 0x00, 0x00, 0x00, 0x00, 0x00, 0x00, 0x00, 0x00, 0x00, 0x00, 0x00, 0x00, 0x00, 0x00,
    0x00, 0x00, 0x00, 0x00, 0x00, 0x00, 0x00, 0x00, 0x00, 0x00, 0x00, 0x00, 0x00, 0x00, 0x00, 0x00,
    0x00, 0x00, 0x00, 0x00, 0x00, 0x00, 0x00, 0x00, 0x00, 0x00, 0x00, 0x00, 0x00, 0x00, 0x00, 0x00,
    0x00, 0x00, 0x00, 0x00, 0x00, 0x00, 0x00, 0x00, 0x00, 0x00, 0x00, 0x00, 0x00, 0x00, 0x00, 0x00,
    0x00, 0x00, 0x00, 0x00, 0x00, 0x00, 0x00, 0x00, 0x00, 0x00, 0x00, 0x00, 0x00, 0x00, 0x00, 0x00,
    0x00, 0x00, 0x00, 0x00, 0x00, 0x00, 0x00, 0x00, 0x00, 0x00, 0x00, 0x00, 0x00, 0x00, 0x00, 0x00,
    0x00, 0x00, 0x00, 0x00, 0x00, 0x00, 0x00, 0x00, 0x00, 0x00, 0x00, 0x00, 0x00, 0x00, 0x00, 0x00,
    0x00, 0x00, 0x00, 0x00, 0x00, 0x00, 0x00, 0x00, 0x00, 0x00, 0x00, 0x00, 0x00, 0x00, 0x00, 0x00,
    0x00, 0x00, 0x00, 0x00, 0x00, 0x00, 0x00, 0x00, 0x00, 0x00, 0x00, 0x00, 0x00, 0x00, 0x00, 0x00,
    0x00, 0x00, 0x00, 0x00, 0x00, 0x00, 0x00, 0x00, 0x00, 0x00, 0x00, 0x00, 0x00, 0x00, 0x00, 0x00,
    0x00, 0x00, 0x00, 0x00, 0x00, 0x00, 0x00, 0x00, 0x00, 0x00, 0x00, 0x00, 0x00, 0x00, 0x00, 0x00,
    0x00, 0x00, 0x00, 0x00, 0x00, 0x00, 0x00, 0x00, 0x00, 0x00, 0x00, 0x00, 0x00, 0x00, 0x00, 0x00,
    0x00, 0x00, 0x00, 0x00, 0x00, 0x00, 0x00, 0x00, 0x00, 0x00, 0x00, 0x00, 0x00, 0x00, 0x00, 0x00,
    0x00, 0x00, 0x00, 0x00, 0x00, 0x00, 0x00, 0x00, 0x00, 0x00, 0x00, 0x00, 0x00, 0x00, 0x00, 0x00,
    0x00, 0x00, 0x00, 0x00, 0x00, 0x00, 0x00, 0x00, 0x00, 0x00, 0x00, 0x00, 0x00, 0x00, 0x00, 0x00,
    0x00, 0x00, 0x00, 0x00, 0x00, 0x00, 0x00, 0x00, 0x00, 0x00, 0x00, 0x00, 0x00, 0x00, 0x00, 0x00,
    0x00, 0x00, 0x00, 0x00, 0x00, 0x00, 0x00, 0x00, 0x00, 0x00, 0x00, 0x00, 0x00, 0x00, 0x00, 0x00,
    0x00, 0x00, 0x00, 0x00, 0x00, 0x00, 0x00, 0x00, 0x00, 0x00, 0x00, 0x00, 0x00, 0x00, 0x00, 0x00,
    0x00, 0x00, 0x00, 0x00, 0x00, 0x00, 0x00, 0x00, 0x00, 0x00, 0x00, 0x00, 0x00, 0x00, 0x00, 0x00,
    0x00, 0x00, 0x00, 0x00, 0x00, 0x00, 0x00, 0x00, 0x00, 0x00, 0x00, 0x00, 0x00, 0x00, 0x00, 0x00,
    0x00, 0x00, 0x00, 0x00, 0x00, 0x00, 0x00, 0x00, 0x00, 0x00, 0x00, 0x00, 0x00, 0x00, 0x00, 0x00,
    0x00, 0x00, 0x00, 0x00, 0x00, 0x00, 0x00, 0x00, 0x00, 0x00, 0x00, 0x00, 0x00, 0x00, 0x00, 0x00,
    0x00, 0x00, 0x00, 0x00, 0x00, 0x00, 0x00, 0x00, 0x00, 0x00, 0x00, 0x00, 0x00, 0x00, 0x00, 0x00,
    0x00, 0x00, 0x00, 0x00, 0x00, 0x00, 0x00, 0x00, 0x00, 0x00, 0x00, 0x00, 0x00, 0x00, 0x00, 0x00,
    0x00, 0x00, 0x00, 0x00, 0x00, 0x00, 0x00, 0x00, 0x00, 0x00, 0x00, 0x00, 0x00, 0x00, 0x00, 0x00,
    0x00, 0x00, 0x00, 0x00, 0x00, 0x00, 0x00, 0x00, 0x00, 0x00, 0x00, 0x00, 0x00, 0x00, 0x00, 0x00,
    0x00, 0x00, 0x00, 0x00, 0x00, 0x00, 0x00, 0x00, 0x00, 0x00, 0x00, 0x00, 0x00, 0x00, 0x00, 0x00,
    0x00, 0x00, 0x00, 0x00, 0x00, 0x00, 0x00, 0x00, 0x00, 0x00, 0x00, 0x00, 0x00, 0x00, 0x00, 0x00,
    0x00, 0x00, 0x00, 0x00, 0x00, 0x00, 0x00, 0x00, 0x00, 0x00, 0x00, 0x00, 0x00, 0x00, 0x00, 0x00,
    0x00, 0x00, 0x00, 0x00, 0x00, 0x00, 0x00, 0x00, 0x00, 0x00, 0x00, 0x00, 0x00, 0x00, 0x00, 0x00,
    0x00, 0x00, 0x00, 0x00, 0x00, 0x00, 0x00, 0x00, 0x00, 0x00, 0x00, 0x00, 0x00, 0x00, 0x00, 0x00,
    0x00, 0x00, 0x00, 0x00, 0x00, 0x00, 0x00, 0x00, 0x00, 0x00, 0x00, 0x00, 0x00, 0x00, 0x00, 0x00,
    0x00, 0x00, 0x00, 0x00, 0x00, 0x00, 0x00, 0x00, 0x00, 0x00, 0x00, 0x00, 0x00, 0x00, 0x00, 0x00,
    0x00, 0x00, 0x00, 0x00, 0x00, 0x00, 0x00, 0x00, 0x00, 0x00, 0x00, 0x00, 0x00, 0x00, 0x00, 0x00,
    0x00, 0x00, 0x00, 0x00, 0x00, 0x00, 0x00, 0x00, 0x00, 0x00, 0x00, 0x00, 0x00, 0x00, 0x00, 0x00,
    0x00, 0x00, 0x00, 0x00, 0x00, 0x00, 0x00, 0x00, 0x00, 0x00, 0x00, 0x00, 0x00, 0x00, 0x00, 0x00,
    0x00, 0x00, 0x00, 0x00, 0x00, 0x00, 0x00, 0x00, 0x00, 0x00, 0x00, 0x00, 0x00, 0x00, 0x00, 0x00,
    0x00, 0x00, 0x00, 0x00, 0x00, 0x00, 0x00, 0x00, 0x00, 0x00, 0x00, 0x00, 0x00, 0x00, 0x00, 0x00,
    0x00, 0x00, 0x00, 0x00, 0x00, 0x00, 0x00, 0x00, 0x00, 0x00, 0x00, 0x00, 0x00, 0x00, 0x00, 0x00,
    0x00, 0x00, 0x00, 0x00, 0x00, 0x00, 0x00, 0x00, 0x00, 0x00, 0x00, 0x00, 0x00, 0x00, 0x00, 0x00,
    0x00, 0x00, 0x00, 0x00, 0x00, 0x00, 0x00, 0x00, 0x00, 0x00, 0x00, 0x00, 0x00, 0x00, 0x00, 0x00,
    0x00, 0x00, 0x00, 0x00, 0x00, 0x00, 0x00, 0x00, 0x00, 0x00, 0x00, 0x00, 0x00, 0x00, 0x00, 0x00,
    0x00, 0x00, 0x00, 0x00, 0x00, 0x00, 0x00, 0x00, 0x00, 0x00, 0x00, 0x00, 0x00, 0x00, 0x00, 0x00,
    0x00, 0x00, 0x00, 0x00, 0x00, 0x00, 0x00, 0x00, 0x00, 0x00, 0x00, 0x00, 0x00, 0x00, 0x00, 0x00,
    0x00, 0x00, 0x00, 0x00, 0x00, 0x00, 0x00, 0x00, 0x00, 0x00, 0x00, 0x00, 0x00, 0x00, 0x00, 0x00,
    0x00, 0x00, 0x00, 0x00, 0x00, 0x00, 0x00, 0x00, 0x00, 0x00, 0x00, 0x00, 0x00, 0x00, 0x00, 0x00,
    0x00, 0x00, 0x00, 0x00, 0x00, 0x00, 0x00, 0x00, 0x00, 0x00, 0x00, 0x00, 0x00, 0x00, 0x00, 0x00,
    0x00, 0x00, 0x00, 0x00, 0x00, 0x00, 0x00, 0x00, 0x00, 0x00, 0x00, 0x00, 0x00, 0x00, 0x00, 0x00,
    0x00, 0x00, 0x00, 0x00, 0x00, 0x00, 0x00, 0x00, 0x00, 0x00, 0x00, 0x00, 0x00, 0x00, 0x00, 0x00,
    0x00, 0x00, 0x00, 0x00, 0x00, 0x00, 0x00, 0x00, 0x00, 0x00, 0x00, 0x00, 0x00, 0x00, 0x00, 0x00,
    0x00, 0x00, 0x00, 0x00, 0x00, 0x00, 0x00, 0x00, 0x00, 0x00, 0x00, 0x00, 0x00, 0x00, 0x00, 0x00,
    0x00, 0x00, 0x00, 0x00, 0x00, 0x00, 0x00, 0x00, 0x00, 0x00, 0x00, 0x00, 0x00, 0x00, 0x00, 0x00,
    0x00, 0x00, 0x00, 0x00, 0x00, 0x00, 0x00, 0x00, 0x00, 0x00, 0x00, 0x00, 0x00, 0x00, 0x00, 0x00,
    0x00, 0x00, 0x00, 0x00, 0x00, 0x00, 0x00, 0x00, 0x00, 0x00, 0x00, 0x00, 0x00, 0x00, 0x00, 0x00,
    0x00, 0x00, 0x00, 0x00, 0x00, 0x00, 0x00, 0x00, 0x00, 0x00, 0x00, 0x00, 0x00, 0x00, 0x00, 0x00,
    0x00, 0x00, 0x00, 0x00, 0x00, 0x00, 0x00, 0x00, 0x00, 0x00, 0x00, 0x00, 0x00, 0x00, 0x00, 0x00,
    0x00, 0x00, 0x00, 0x00, 0x00, 0x00, 0x00, 0x00, 0x00, 0x00, 0x00, 0x00, 0x00, 0x00, 0x00, 0x00,
    0x00, 0x00, 0x00, 0x00, 0x00, 0x00, 0x00, 0x00, 0x00, 0x00, 0x00, 0x00, 0x00, 0x00, 0x00, 0x00,
    0x00, 0x00, 0x00, 0x00, 0x00, 0x00, 0x00, 0x00, 0x00, 0x00, 0x00, 0x00, 0x00, 0x00, 0x00, 0x00,
    0x00, 0x00, 0x00, 0x00, 0x00, 0x00, 0x00, 0x00, 0x00, 0x00, 0x00, 0x00, 0x00, 0x00, 0x00, 0x00,
    0x00, 0x00, 0x00, 0x00, 0x00, 0x00, 0x00, 0x00, 0x00, 0x00, 0x00, 0x00, 0x00, 0x00, 0x00, 0x00,
    0x00, 0x00, 0x00, 0x00, 0x00, 0x00, 0x00, 0x00, 0x00, 0x00, 0x00, 0x00, 0x00, 0x00, 0x00, 0x00,
    0x00, 0x00, 0x00, 0x00, 0x00, 0x00, 0x00, 0x00, 0x00, 0x00, 0x00, 0x00, 0x00, 0x00, 0x00, 0x00,
    0x00, 0x00, 0x00, 0x00, 0x00, 0x00, 0x00, 0x00, 0x00, 0x00, 0x00, 0x00, 0x00, 0x00, 0x00, 0x00,
    0x00, 0x00, 0x00, 0x00, 0x00, 0x00, 0x00, 0x00, 0x00, 0x00, 0x00, 0x00, 0x00, 0x00, 0x00, 0x00,
    0x00, 0x00, 0x00, 0x00, 0x00, 0x00, 0x00, 0x00, 0x00, 0x00, 0x00, 0x00, 0x00, 0x00, 0x00, 0x00,
    0x00, 0x00, 0x00, 0x00, 0x00, 0x00, 0x00, 0x00, 0x00, 0x00, 0x00, 0x00, 0x00, 0x00, 0x00, 0x00,
    0x00, 0x00, 0x00, 0x00, 0x00, 0x00, 0x00, 0x00, 0x00, 0x00, 0x00, 0x00, 0x00, 0x00, 0x00, 0x00,
    0x00, 0x00, 0x00, 0x00, 0x00, 0x00, 0x00, 0x00, 0x00, 0x00, 0x00, 0x00, 0x00, 0x00, 0x00, 0x00,
    0x00, 0x00, 0x00, 0x00, 0x00, 0x00, 0x00, 0x00, 0x00, 0x00, 0x00, 0x00, 0x00, 0x00, 0x00, 0x00,
    0x00, 0x00, 0x00, 0x00, 0x00, 0x00, 0x00, 0x00, 0x00, 0x00, 0x00, 0x00, 0x00, 0x00, 0x00, 0x00,
    0x00, 0x00, 0x00, 0x00, 0x00, 0x00, 0x00, 0x00, 0x00, 0x00, 0x00, 0x00, 0x00, 0x00, 0x00, 0x00,
    0x00, 0x00, 0x00, 0x00, 0x00, 0x00, 0x00, 0x00, 0x00, 0x00, 0x00, 0x00, 0x00, 0x00, 0x00, 0x00,
    0x00, 0x00, 0x00, 0x00, 0x00, 0x00, 0x00, 0x00, 0x00, 0x00, 0x00, 0x00, 0x00, 0x00, 0x00, 0x00,
    0x00, 0x00, 0x00, 0x00, 0x00, 0x00, 0x00, 0x00, 0x00, 0x00, 0x00, 0x00, 0x00, 0x00, 0x00, 0x00,
    0x00, 0x00, 0x00, 0x00, 0x00, 0x00, 0x00, 0x00, 0x00, 0x00, 0x00, 0x00, 0x00, 0x00, 0x00, 0x00,
    0x00, 0x00, 0x00, 0x00, 0x00, 0x00, 0x00, 0x00, 0x00, 0x00, 0x00, 0x00, 0x00, 0x00, 0x00, 0x00,
    0x00, 0x00, 0x00, 0x00, 0x00, 0x00, 0x00, 0x00, 0x00, 0x00, 0x00, 0x00, 0x00, 0x00, 0x00, 0x00,
    0x00, 0x00, 0x00, 0x00, 0x00, 0x00, 0x00, 0x00, 0x00, 0x00, 0x00, 0x00, 0x00, 0x00, 0x00, 0x00,
    0x00, 0x00, 0x00, 0x00, 0x00, 0x00, 0x00, 0x00, 0x00, 0x00, 0x00, 0x00, 0x00, 0x00, 0x00, 0x00,
    0x00, 0x00, 0x00, 0x00, 0x00, 0x00, 0x00, 0x00, 0x00, 0x00, 0x00, 0x00, 0x00, 0x00, 0x00, 0x00,
    0x00, 0x00, 0x00, 0x00, 0x00, 0x00, 0x00, 0x00, 0x00, 0x00, 0x00, 0x00, 0x00, 0x00, 0x00, 0x00,
    0x00, 0x00, 0x00, 0x00, 0x00, 0x00, 0x00, 0x00, 0x00, 0x00, 0x00, 0x00, 0x00, 0x00, 0x00, 0x00,
    0x00, 0x00, 0x00, 0x00, 0x00, 0x00, 0x00, 0x00, 0x00, 0x00, 0x00, 0x00, 0x00, 0x00, 0x00, 0x00,
    0x00, 0x00, 0x00, 0x00, 0x00, 0x00, 0x00, 0x00, 0x00, 0x00, 0x00, 0x00, 0x00, 0x00, 0x00, 0x00,
    0x00, 0x00, 0x00, 0x00, 0x00, 0x00, 0x00, 0x00, 0x00, 0x00, 0x00, 0x00, 0x00, 0x00, 0x00, 0x00,
    0x00, 0x00, 0x00, 0x00, 0x00, 0x00, 0x00, 0x00, 0x00, 0x00, 0x00, 0x00, 0x00, 0x00, 0x00, 0x00,
    0x00, 0x00, 0x00, 0x00, 0x00, 0x00, 0x00, 0x00, 0x00, 0x00, 0x00, 0x00, 0x00, 0x00, 0x00, 0x00,
    0x00, 0x00, 0x00, 0x00, 0x00, 0x00, 0x00, 0x00, 0x00, 0x00, 0x00, 0x00, 0x00, 0x00, 0x00, 0x00,
    0x00, 0x00, 0x00, 0x00, 0x00, 0x00, 0x00, 0x00, 0x00, 0x00, 0x00, 0x00, 0x00, 0x00, 0x00, 0x00,
    0x00, 0x00, 0x00, 0x00, 0x00, 0x00, 0x00, 0x00, 0x00, 0x00, 0x00, 0x00, 0x00, 0x00, 0x00, 0x00,
    0x00, 0x00, 0x00, 0x00, 0x00, 0x00, 0x00, 0x00, 0x00, 0x00, 0x00, 0x00, 0x00, 0x00, 0x00, 0x00,
    0x00, 0x00, 0x00, 0x00, 0x00, 0x00, 0x00, 0x00, 0x00, 0x00, 0x00, 0x00, 0x00, 0x00, 0x00, 0x00,
    0x00, 0x00, 0x00, 0x00, 0x00, 0x00, 0x00, 0x00, 0x00, 0x00, 0x00, 0x00, 0x00, 0x00, 0x00, 0x00,
    0x00, 0x00, 0x00, 0x00, 0x00, 0x00, 0x00, 0x00, 0x00, 0x00, 0x00, 0x00, 0x00, 0x00, 0x00, 0x00,
    0x00, 0x00, 0x00, 0x00, 0x00, 0x00, 0x00, 0x00, 0x00, 0x00, 0x00, 0x00, 0x00, 0x00, 0x00, 0x00,
    0x00, 0x00, 0x00, 0x00, 0x00, 0x00, 0x00, 0x00, 0x00, 0x00, 0x00, 0x00, 0x00, 0x00, 0x00, 0x00,
    0x00, 0x00, 0x00, 0x00, 0x00, 0x00, 0x00, 0x00, 0x00, 0x00, 0x00, 0x00, 0x00, 0x00, 0x00, 0x00,
    0x00, 0x00, 0x00, 0x00, 0x00, 0x00, 0x00, 0x00, 0x00, 0x00, 0x00, 0x00, 0x00, 0x00, 0x00, 0x00,
    0x00, 0x00, 0x00, 0x00, 0x00, 0x00, 0x00, 0x00, 0x00, 0x00, 0x00, 0x00, 0x00, 0x00, 0x00, 0x00,
    0x00, 0x00, 0x00, 0x00, 0x00, 0x00, 0x00, 0x00, 0x00, 0x00, 0x00, 0x00, 0x00, 0x00, 0x00, 0x00,
    0x00, 0x00, 0x00, 0x00, 0x00, 0x00, 0x00, 0x00, 0x00, 0x00, 0x00, 0x00, 0x00, 0x00, 0x00, 0x00,
    0x00, 0x00, 0x00, 0x00, 0x00, 0x00, 0x00, 0x00, 0x00, 0x00, 0x00, 0x00, 0x00, 0x00, 0x00, 0x00,
    0x00, 0x00, 0x00, 0x00, 0x00, 0x00, 0x00, 0x00, 0x00, 0x00, 0x00, 0x00, 0x00, 0x00, 0x00, 0x00,
    0x00, 0x00, 0x00, 0x00, 0x00, 0x00, 0x00, 0x00, 0x00, 0x00, 0x00, 0x00, 0x00, 0x00, 0x00, 0x00,
    0x00, 0x00, 0x00, 0x00, 0x00, 0x00, 0x00, 0x00, 0x00, 0x00, 0x00, 0x00, 0x00, 0x00, 0x00, 0x00,
    0x00, 0x00, 0x00, 0x00, 0x00, 0x00, 0x00, 0x00, 0x00, 0x00, 0x00, 0x00, 0x00, 0x00, 0x00, 0x00,
    0x00, 0x00, 0x00, 0x00, 0x00, 0x00, 0x00, 0x00, 0x00, 0x00, 0x00, 0x00, 0x00, 0x00, 0x00, 0x00,
    0x00, 0x00, 0x00, 0x00, 0x00, 0x00, 0x00, 0x00, 0x00, 0x00, 0x00, 0x00, 0x00, 0x00, 0x00, 0x00,
    0x00, 0x00, 0x00, 0x00, 0x00, 0x00, 0x00, 0x00, 0x00, 0x00, 0x00, 0x00, 0x00, 0x00, 0x00, 0x00,
    0x00, 0x00, 0x00, 0x00, 0x00, 0x00, 0x00, 0x00, 0x00, 0x00, 0x00, 0x00, 0x00, 0x00, 0x00, 0x00,
    0x00, 0x00, 0x00, 0x00, 0x00, 0x00, 0x00, 0x00, 0x00, 0x00, 0x00, 0x00, 0x00, 0x00, 0x00, 0x00,
    0x00, 0x00, 0x00, 0x00, 0x00, 0x00, 0x00, 0x00, 0x00, 0x00, 0x00, 0x00, 0x00, 0x00, 0x00, 0x00,
    0x00, 0x00, 0x00, 0x00, 0x00, 0x00, 0x00, 0x00, 0x00, 0x00, 0x00, 0x00, 0x00, 0x00, 0x00, 0x00,
    0x00, 0x00, 0x00, 0x00, 0x00, 0x00, 0x00, 0x00, 0x00, 0x00, 0x00, 0x00, 0x00, 0x00, 0x00, 0x00,
    0x00, 0x00, 0x00, 0x00, 0x00, 0x00, 0x00, 0x00, 0x00, 0x00, 0x00, 0x00, 0x00, 0x00, 0x00, 0x00,
    0x00, 0x00, 0x00, 0x00, 0x00, 0x00, 0x00, 0x00, 0x00, 0x00, 0x00, 0x00, 0x00, 0x00, 0x00, 0x00,
    0x00, 0x00, 0x00, 0x00, 0x00, 0x00, 0x00, 0x00, 0x00, 0x00, 0x00, 0x00, 0x00, 0x00, 0x00, 0x00,
    0x00, 0x00, 0x00, 0x00, 0x00, 0x00, 0x00, 0x00, 0x00, 0x00, 0x00, 0x00, 0x00, 0x00, 0x00, 0x00,
    0x00, 0x00, 0x00, 0x00, 0x00, 0x00, 0x00, 0x00, 0x00, 0x00, 0x00, 0x00, 0x00, 0x00, 0x00, 0x00,
    0x00, 0x00, 0x00, 0x00, 0x00, 0x00, 0x00, 0x00, 0x00, 0x00, 0x00, 0x00, 0x00, 0x00, 0x00, 0x00,
    0x00, 0x00, 0x00, 0x00, 0x00, 0x00, 0x00, 0x00, 0x00, 0x00, 0x00, 0x00, 0x00, 0x00, 0x00, 0x00,
    0x00, 0x00, 0x00, 0x00, 0x00, 0x00, 0x00, 0x00, 0x00, 0x00, 0x00, 0x00, 0x00, 0x00, 0x00, 0x00,
    0x00, 0x00, 0x00, 0x00, 0x00, 0x00, 0x00, 0x00, 0x00, 0x00, 0x00, 0x00, 0x00, 0x00, 0x00, 0x00,
    0x00, 0x00, 0x00, 0x00, 0x00, 0x00, 0x00, 0x00, 0x00, 0x00, 0x00, 0x00, 0x00, 0x00, 0x00, 0x00,
    0x00, 0x00, 0x00, 0x00, 0x00, 0x00, 0x00, 0x00, 0x00, 0x00, 0x00, 0x00, 0x00, 0x00, 0x00, 0x00,
    0x00, 0x00, 0x00, 0x00, 0x00, 0x00, 0x00, 0x00, 0x00, 0x00, 0x00, 0x00, 0x00, 0x00, 0x00, 0x00,
    0x00, 0x00, 0x00, 0x00, 0x00, 0x00, 0x00, 0x00, 0x00, 0x00, 0x00, 0x00, 0x00, 0x00, 0x00, 0x00,
    0x00, 0x00, 0x00, 0x00, 0x00, 0x00, 0x00, 0x00, 0x00, 0x00, 0x00, 0x00, 0x00, 0x00, 0x00, 0x00,
    0x00, 0x00, 0x00, 0x00, 0x00, 0x00, 0x00, 0x00, 0x00, 0x00, 0x00, 0x00, 0x00, 0x00, 0x00, 0x00,
    0x00, 0x00, 0x00, 0x00, 0x00, 0x00, 0x00, 0x00, 0x00, 0x00, 0x00, 0x00, 0x00, 0x00, 0x00, 0x00,
    0x00, 0x00, 0x00, 0x00, 0x00, 0x00, 0x00, 0x00, 0x00, 0x00, 0x00, 0x00, 0x00, 0x00, 0x00, 0x00,
    0x00, 0x00, 0x00, 0x00, 0x00, 0x00, 0x00, 0x00, 0x00, 0x00, 0x00, 0x00, 0x00, 0x00, 0x00, 0x00,
    0x00, 0x00, 0x00, 0x00, 0x00, 0x00, 0x00, 0x00, 0x00, 0x00, 0x00, 0x00, 0x00, 0x00, 0x00, 0x00,
    0x00, 0x00, 0x00, 0x00, 0x00, 0x00, 0x00, 0x00, 0x00, 0x00, 0x00, 0x00, 0x00, 0x00, 0x00, 0x00,
    0x00, 0x00, 0x00, 0x00, 0x00, 0x00, 0x00, 0x00, 0x00, 0x00, 0x00, 0x00, 0x00, 0x00, 0x00, 0x00,
    0x00, 0x00, 0x00, 0x00, 0x00, 0x00, 0x00, 0x00, 0x00, 0x00, 0x00, 0x00, 0x00, 0x00, 0x00, 0x00,
    0x00, 0x00, 0x00, 0x00, 0x00, 0x00, 0x00, 0x00, 0x00, 0x00, 0x00, 0x00, 0x00, 0x00, 0x00, 0x00,
    0x00, 0x00, 0x00, 0x00, 0x00, 0x00, 0x00, 0x00, 0x00, 0x00, 0x00, 0x00, 0x00, 0x00, 0x00, 0x00,
    0x00, 0x00, 0x00, 0x00, 0x00, 0x00, 0x00, 0x00, 0x00, 0x00, 0x00, 0x00, 0x00, 0x00, 0x00, 0x00,
    0x00, 0x00, 0x00, 0x00, 0x00, 0x00, 0x00, 0x00, 0x00, 0x00, 0x00, 0x00, 0x00, 0x00, 0x00, 0x00,
    0x00, 0x00, 0x00, 0x00, 0x00, 0x00, 0x00, 0x00, 0x00, 0x00, 0x00, 0x00, 0x00, 0x00, 0x00, 0x00,
    0x00, 0x00, 0x00, 0x00, 0x00, 0x00, 0x00, 0x00, 0x00, 0x00, 0x00, 0x00, 0x00, 0x00, 0x00, 0x00,
    0x00, 0x00, 0x00, 0x00, 0x00, 0x00, 0x00, 0x00, 0x00, 0x00, 0x00, 0x00, 0x00, 0x00, 0x00, 0x00,
    0x00, 0x00, 0x00, 0x00, 0x00, 0x00, 0x00, 0x00, 0x00, 0x00, 0x00, 0x00, 0x00, 0x00, 0x00, 0x00,
    0x00, 0x00, 0x00, 0x00, 0x00, 0x00, 0x00, 0x00, 0x00, 0x00, 0x00, 0x00, 0x00, 0x00, 0x00, 0x00,
    0x00, 0x00, 0x00, 0x00, 0x00, 0x00, 0x00, 0x00, 0x00, 0x00, 0x00, 0x00, 0x00, 0x00, 0x00, 0x00,
    0x00, 0x00, 0x00, 0x00, 0x00, 0x00, 0x00, 0x00, 0x00, 0x00, 0x00, 0x00, 0x00, 0x00, 0x00, 0x00,
    0x00, 0x00, 0x00, 0x00, 0x00, 0x00, 0x00, 0x00, 0x00, 0x00, 0x00, 0x00, 0x00, 0x00, 0x00, 0x00,
    0x00, 0x00, 0x00, 0x00, 0x00, 0x00, 0x00, 0x00, 0x00, 0x00, 0x00, 0x00, 0x00, 0x00, 0x00, 0x00,
    0x00, 0x00, 0x00, 0x00, 0x00, 0x00, 0x00, 0x00, 0x00, 0x00, 0x00, 0x00, 0x00, 0x00, 0x00, 0x00,
    0x00, 0x00, 0x00, 0x00, 0x00, 0x00, 0x00, 0x00, 0x00, 0x00, 0x00, 0x00, 0x00, 0x00, 0x00, 0x00,
    0x00, 0x00, 0x00, 0x00, 0x00, 0x00, 0x00, 0x00, 0x00, 0x00, 0x00, 0x00, 0x00, 0x00, 0x00, 0x00,
    0x00, 0x00, 0x00, 0x00, 0x00, 0x00, 0x00, 0x00, 0x00, 0x00, 0x00, 0x00, 0x00, 0x00, 0x00, 0x00,
    0x00, 0x00, 0x00, 0x00, 0x00, 0x00, 0x00, 0x00, 0x00, 0x00, 0x00, 0x00, 0x00, 0x00, 0x00, 0x00,
    0x00, 0x00, 0x00, 0x00, 0x00, 0x00, 0x00, 0x00, 0x00, 0x00, 0x00, 0x00, 0x00, 0x00, 0x00, 0x00,
    0x00, 0x00, 0x00, 0x00, 0x00, 0x00, 0x00, 0x00, 0x00, 0x00, 0x00, 0x00, 0x00, 0x00, 0x00, 0x00,
    0x00, 0x00, 0x00, 0x00, 0x00, 0x00, 0x00, 0x00, 0x00, 0x00, 0x00, 0x00, 0x00, 0x00, 0x00, 0x00,
    0x00, 0x00, 0x00, 0x00, 0x00, 0x00, 0x00, 0x00, 0x00, 0x00, 0x00, 0x00, 0x00, 0x00, 0x00, 0x00,
    0x00, 0x00, 0x00, 0x00, 0x00, 0x00, 0x00, 0x00, 0x00, 0x00, 0x00, 0x00, 0x00, 0x00, 0x00, 0x00,
    0x00, 0x00, 0x00, 0x00, 0x00, 0x00, 0x00, 0x00, 0x00, 0x00, 0x00, 0x00, 0x00, 0x00, 0x00, 0x00,
    0x00, 0x00, 0x00, 0x00, 0x00, 0x00, 0x00, 0x00, 0x00, 0x00, 0x00, 0x00, 0x00, 0x00, 0x00, 0x00,
    0x00, 0x00, 0x00, 0x00, 0x00, 0x00, 0x00, 0x00, 0x00, 0x00, 0x00, 0x00, 0x00, 0x00, 0x00, 0x00,
    0x00, 0x00, 0x00, 0x00, 0x00, 0x00, 0x00, 0x00, 0x00, 0x00, 0x00, 0x00, 0x00, 0x00, 0x00, 0x00,
    0x00, 0x00, 0x00, 0x00, 0x00, 0x00, 0x00, 0x00, 0x00, 0x00, 0x00, 0x00, 0x00, 0x00, 0x00, 0x00,
    0x00, 0x00, 0x00, 0x00, 0x00, 0x00, 0x00, 0x00, 0x00, 0x00, 0x00, 0x00, 0x00, 0x00, 0x00, 0x00,
    0x00, 0x00, 0x00, 0x00, 0x00, 0x00, 0x00, 0x00, 0x00, 0x00, 0x00, 0x00, 0x00, 0x00, 0x00, 0x00,
    0x00, 0x00, 0x00, 0x00, 0x00, 0x00, 0x00, 0x00, 0x00, 0x00, 0x00, 0x00, 0x00, 0x00, 0x00, 0x00,
    0x00, 0x00, 0x00, 0x00, 0x00, 0x00, 0x00, 0x00, 0x00, 0x00, 0x00, 0x00, 0x00, 0x00, 0x00, 0x00,
    0x00, 0x00, 0x00, 0x00, 0x00, 0x00, 0x00, 0x00, 0x00, 0x00, 0x00, 0x00, 0x00, 0x00, 0x00, 0x00,
    0x00, 0x00, 0x00, 0x00, 0x00, 0x00, 0x00, 0x00, 0x00, 0x00, 0x00, 0x00, 0x00, 0x00, 0x00, 0x00,
    0x00, 0x00, 0x00, 0x00, 0x00, 0x00, 0x00, 0x00, 0x00, 0x00, 0x00, 0x00, 0x00, 0x00, 0x00, 0x00,
    0x00, 0x00, 0x00, 0x00, 0x00, 0x00, 0x00, 0x00, 0x00, 0x00, 0x00, 0x00, 0x00, 0x00, 0x00, 0x00,
    0x00, 0x00, 0x00, 0x00, 0x00, 0x00, 0x00, 0x00, 0x00, 0x00, 0x00, 0x00, 0x00, 0x00, 0x00, 0x00,
    0x00, 0x00, 0x00, 0x00, 0x00, 0x00, 0x00, 0x00, 0x00, 0x00, 0x00, 0x00, 0x00, 0x00, 0x00, 0x00,
    0x00, 0x00, 0x00, 0x00, 0x00, 0x00, 0x00, 0x00, 0x00, 0x00, 0x00, 0x00, 0x00, 0x00, 0x00, 0x00,
    0x00, 0x00, 0x00, 0x00, 0x00, 0x00, 0x00, 0x00, 0x00, 0x00, 0x00, 0x00, 0x00, 0x00, 0x00, 0x00,
    0x00, 0x00, 0x00, 0x00, 0x00, 0x00, 0x00, 0x00, 0x00, 0x00, 0x00, 0x00, 0x00, 0x00, 0x00, 0x00,
    0x00, 0x00, 0x00, 0x00, 0x00, 0x00, 0x00, 0x00, 0x00, 0x00, 0x00, 0x00, 0x00, 0x00, 0x00, 0x00,
    0x00, 0x00, 0x00, 0x00, 0x00, 0x00, 0x00, 0x00, 0x00, 0x00, 0x00, 0x00, 0x00, 0x00, 0x00, 0x00,
    0x00, 0x00, 0x00, 0x00, 0x00, 0x00, 0x00, 0x00, 0x00, 0x00, 0x00, 0x00, 0x00, 0x00, 0x11, 0x03,
    0x29, 0x09, 0x6c, 0x69, 0x62, 0x73, 0x77, 0x6f, 0x72, 0x64, 0x69, 0x67, 0x6f, 0x2e, 0x73, 0x6f,
    0x0d, 0x00, 0x00, 0x00, 0x11, 0x05, 0xac, 0x00, 0x0f, 0x18, 0x0e, 0x73, 0x0d, 0xe5, 0x0d, 0x41,
    0x0c, 0xa4, 0x0c, 0x0f, 0x0b, 0x85, 0x0a, 0xf5, 0x0a, 0x5e, 0x09, 0xd9, 0x09, 0x40, 0x08, 0xa7,
    0x07, 0xfa, 0x07, 0x5b, 0x06, 0xec, 0x06, 0x60, 0x05, 0xac, 0x00, 0x00, 0x00, 0x00, 0x00, 0x00,
    0x00, 0x00, 0x00, 0x00, 0x00, 0x00, 0x00, 0x00, 0x00, 0x00, 0x00, 0x00, 0x00, 0x00, 0x00, 0x00,
    0x00, 0x00, 0x00, 0x00, 0x00, 0x00, 0x00, 0x00, 0x00, 0x00, 0x00, 0x00, 0x00, 0x00, 0x00, 0x00,
    0x00, 0x00, 0x00, 0x00, 0x00, 0x00, 0x00, 0x00, 0x00, 0x00, 0x00, 0x00, 0x00, 0x00, 0x00, 0x00,
    0x00, 0x00, 0x00, 0x00, 0x00, 0x00, 0x00, 0x00, 0x00, 0x00, 0x00, 0x00, 0x00, 0x00, 0x00, 0x00,
    0x00, 0x00, 0x00, 0x00, 0x00, 0x00, 0x00, 0x00, 0x00, 0x00, 0x00, 0x00, 0x00, 0x00, 0x00, 0x00,
    0x00, 0x00, 0x00, 0x00, 0x00, 0x00, 0x00, 0x00, 0x00, 0x00, 0x00, 0x00, 0x00, 0x00, 0x00, 0x00,
    0x00, 0x00, 0x00, 0x00, 0x00, 0x00, 0x00, 0x00, 0x00, 0x00, 0x00, 0x00, 0x00, 0x00, 0x00, 0x00,
    0x00, 0x00, 0x00, 0x00, 0x00, 0x00, 0x00, 0x00, 0x00, 0x00, 0x00, 0x00, 0x00, 0x00, 0x00, 0x00,
    0x00, 0x00, 0x00, 0x00, 0x00, 0x00, 0x00, 0x00, 0x00, 0x00, 0x00, 0x00, 0x00, 0x00, 0x00, 0x00,
    0x00, 0x00, 0x00, 0x00, 0x00, 0x00, 0x00, 0x00, 0x00, 0x00, 0x00, 0x00, 0x00, 0x00, 0x00, 0x00,
    0x00, 0x00, 0x00, 0x00, 0x00, 0x00, 0x00, 0x00, 0x00, 0x00, 0x00, 0x00, 0x00, 0x00, 0x00, 0x00,
    0x00, 0x00, 0x00, 0x00, 0x00, 0x00, 0x00, 0x00, 0x00, 0x00, 0x00, 0x00, 0x00, 0x00, 0x00, 0x00,
    0x00, 0x00, 0x00, 0x00, 0x00, 0x00, 0x00, 0x00, 0x00, 0x00, 0x00, 0x00, 0x00, 0x00, 0x00, 0x00,
    0x00, 0x00, 0x00, 0x00, 0x00, 0x00, 0x00, 0x00, 0x00, 0x00, 0x00, 0x00, 0x00, 0x00, 0x00, 0x00,
    0x00, 0x00, 0x00, 0x00, 0x00, 0x00, 0x00, 0x00, 0x00, 0x00, 0x00, 0x00, 0x00, 0x00, 0x00, 0x00,
    0x00, 0x00, 0x00, 0x00, 0x00, 0x00, 0x00, 0x00, 0x00, 0x00, 0x00, 0x00, 0x00, 0x00, 0x00, 0x00,
    0x00, 0x00, 0x00, 0x00, 0x00, 0x00, 0x00, 0x00, 0x00, 0x00, 0x00, 0x00, 0x00, 0x00, 0x00, 0x00,
    0x00, 0x00, 0x00, 0x00, 0x00, 0x00, 0x00, 0x00, 0x00, 0x00, 0x00, 0x00, 0x00, 0x00, 0x00, 0x00,
    0x00, 0x00, 0x00, 0x00, 0x00, 0x00, 0x00, 0x00, 0x00, 0x00, 0x00, 0x00, 0x00, 0x00, 0x00, 0x00,
    0x00, 0x00, 0x00, 0x00, 0x00, 0x00, 0x00, 0x00, 0x00, 0x00, 0x00, 0x00, 0x00, 0x00, 0x00, 0x00,
    0x00, 0x00, 0x00, 0x00, 0x00, 0x00, 0x00, 0x00, 0x00, 0x00, 0x00, 0x00, 0x00, 0x00, 0x00, 0x00,
    0x00, 0x00, 0x00, 0x00, 0x00, 0x00, 0x00, 0x00, 0x00, 0x00, 0x00, 0x00, 0x00, 0x00, 0x00, 0x00,
    0x00, 0x00, 0x00, 0x00, 0x00, 0x00, 0x00, 0x00, 0x00, 0x00, 0x00, 0x00, 0x00, 0x00, 0x00, 0x00,
    0x00, 0x00, 0x00, 0x00, 0x00, 0x00, 0x00, 0x00, 0x00, 0x00, 0x00, 0x00, 0x00, 0x00, 0x00, 0x00,
    0x00, 0x00, 0x00, 0x00, 0x00, 0x00, 0x00, 0x00, 0x00, 0x00, 0x00, 0x00, 0x00, 0x00, 0x00, 0x00,
    0x00, 0x00, 0x00, 0x00, 0x00, 0x00, 0x00, 0x00, 0x00, 0x00, 0x00, 0x00, 0x00, 0x00, 0x00, 0x00,
    0x00, 0x00, 0x00, 0x00, 0x00, 0x00, 0x00, 0x00, 0x00, 0x00, 0x00, 0x00, 0x00, 0x00, 0x00, 0x00,
    0x00, 0x00, 0x00, 0x00, 0x00, 0x00, 0x00, 0x00, 0x00, 0x00, 0x00, 0x00, 0x00, 0x00, 0x00, 0x00,
    0x00, 0x00, 0x00, 0x00, 0x00, 0x00, 0x00, 0x00, 0x00, 0x00, 0x00, 0x00, 0x00, 0x00, 0x00, 0x00,
    0x00, 0x00, 0x00, 0x00, 0x00, 0x00, 0x00, 0x00, 0x00, 0x00, 0x00, 0x00, 0x00, 0x00, 0x00, 0x00,
    0x00, 0x00, 0x00, 0x00, 0x00, 0x00, 0x00, 0x00, 0x00, 0x00, 0x00, 0x00, 0x00, 0x00, 0x00, 0x00,
    0x00, 0x00, 0x00, 0x00, 0x00, 0x00, 0x00, 0x00, 0x00, 0x00, 0x00, 0x00, 0x00, 0x00, 0x00, 0x00,
    0x00, 0x00, 0x00, 0x00, 0x00, 0x00, 0x00, 0x00, 0x00, 0x00, 0x00, 0x00, 0x00, 0x00, 0x00, 0x00,
    0x00, 0x00, 0x00, 0x00, 0x00, 0x00, 0x00, 0x00, 0x00, 0x00, 0x00, 0x00, 0x00, 0x00, 0x00, 0x00,
    0x00, 0x00, 0x00, 0x00, 0x00, 0x00, 0x00, 0x00, 0x00, 0x00, 0x00, 0x00, 0x00, 0x00, 0x00, 0x00,
    0x00, 0x00, 0x00, 0x00, 0x00, 0x00, 0x00, 0x00, 0x00, 0x00, 0x00, 0x00, 0x00, 0x00, 0x00, 0x00,
    0x00, 0x00, 0x00, 0x00, 0x00, 0x00, 0x00, 0x00, 0x00, 0x00, 0x00, 0x00, 0x00, 0x00, 0x00, 0x00,
    0x00, 0x00, 0x00, 0x00, 0x00, 0x00, 0x00, 0x00, 0x00, 0x00, 0x00, 0x00, 0x00, 0x00, 0x00, 0x00,
    0x00, 0x00, 0x00, 0x00, 0x00, 0x00, 0x00, 0x00, 0x00, 0x00, 0x00, 0x00, 0x00, 0x00, 0x00, 0x00,
    0x00, 0x00, 0x00, 0x00, 0x00, 0x00, 0x00, 0x00, 0x00, 0x00, 0x00, 0x00, 0x00, 0x00, 0x00, 0x00,
    0x00, 0x00, 0x00, 0x00, 0x00, 0x00, 0x00, 0x00, 0x00, 0x00, 0x00, 0x00, 0x00, 0x00, 0x00, 0x00,
    0x00, 0x00, 0x00, 0x00, 0x00, 0x00, 0x00, 0x00, 0x00, 0x00, 0x00, 0x00, 0x00, 0x00, 0x00, 0x00,
    0x00, 0x00, 0x00, 0x00, 0x00, 0x00, 0x00, 0x00, 0x00, 0x00, 0x00, 0x00, 0x00, 0x00, 0x00, 0x00,
    0x00, 0x00, 0x00, 0x00, 0x00, 0x00, 0x00, 0x00, 0x00, 0x00, 0x00, 0x00, 0x00, 0x00, 0x00, 0x00,
    0x00, 0x00, 0x00, 0x00, 0x00, 0x00, 0x00, 0x00, 0x00, 0x00, 0x00, 0x00, 0x00, 0x00, 0x00, 0x00,
    0x00, 0x00, 0x00, 0x00, 0x00, 0x00, 0x00, 0x00, 0x00, 0x00, 0x00, 0x00, 0x00, 0x00, 0x00, 0x00,
    0x00, 0x00, 0x00, 0x00, 0x00, 0x00, 0x00, 0x00, 0x00, 0x00, 0x00, 0x00, 0x00, 0x00, 0x00, 0x00,
    0x00, 0x00, 0x00, 0x00, 0x00, 0x00, 0x00, 0x00, 0x00, 0x00, 0x00, 0x00, 0x00, 0x00, 0x00, 0x00,
    0x00, 0x00, 0x00, 0x00, 0x00, 0x00, 0x00, 0x00, 0x00, 0x00, 0x00, 0x00, 0x00, 0x00, 0x00, 0x00,
    0x00, 0x00, 0x00, 0x00, 0x00, 0x00, 0x00, 0x00, 0x00, 0x00, 0x00, 0x00, 0x00, 0x00, 0x00, 0x00,
    0x00, 0x00, 0x00, 0x00, 0x00, 0x00, 0x00, 0x00, 0x00, 0x00, 0x00, 0x00, 0x00, 0x00, 0x00, 0x00,
    0x00, 0x00, 0x00, 0x00, 0x00, 0x00, 0x00, 0x00, 0x00, 0x00, 0x00, 0x00, 0x00, 0x00, 0x00, 0x00,
    0x00, 0x00, 0x00, 0x00, 0x00, 0x00, 0x00, 0x00, 0x00, 0x00, 0x00, 0x00, 0x00, 0x00, 0x00, 0x00,
    0x00, 0x00, 0x00, 0x00, 0x00, 0x00, 0x00, 0x00, 0x00, 0x00, 0x00, 0x00, 0x00, 0x00, 0x00, 0x00,
    0x00, 0x00, 0x00, 0x00, 0x00, 0x00, 0x00, 0x00, 0x00, 0x00, 0x00, 0x00, 0x00, 0x00, 0x00, 0x00,
    0x00, 0x00, 0x00, 0x00, 0x00, 0x00, 0x00, 0x00, 0x00, 0x00, 0x00, 0x00, 0x00, 0x00, 0x00, 0x00,
    0x00, 0x00, 0x00, 0x00, 0x00, 0x00, 0x00, 0x00, 0x00, 0x00, 0x00, 0x00, 0x00, 0x00, 0x00, 0x00,
    0x00, 0x00, 0x00, 0x00, 0x00, 0x00, 0x00, 0x00, 0x00, 0x00, 0x00, 0x00, 0x00, 0x00, 0x00, 0x00,
    0x00, 0x00, 0x00, 0x00, 0x00, 0x00, 0x00, 0x00, 0x00, 0x00, 0x00, 0x00, 0x00, 0x00, 0x00, 0x00,
    0x00, 0x00, 0x00, 0x00, 0x00, 0x00, 0x00, 0x00, 0x00, 0x00, 0x00, 0x00, 0x00, 0x00, 0x00, 0x00,
    0x00, 0x00, 0x00, 0x00, 0x00, 0x00, 0x00, 0x00, 0x00, 0x00, 0x00, 0x00, 0x00, 0x00, 0x00, 0x00,
    0x00, 0x00, 0x00, 0x00, 0x00, 0x00, 0x00, 0x00, 0x00, 0x00, 0x00, 0x00, 0x00, 0x00, 0x00, 0x00,
    0x00, 0x00, 0x00, 0x00, 0x00, 0x00, 0x00, 0x00, 0x00, 0x00, 0x00, 0x00, 0x00, 0x00, 0x00, 0x00,
    0x00, 0x00, 0x00, 0x00, 0x00, 0x00, 0x00, 0x00, 0x00, 0x00, 0x00, 0x00, 0x00, 0x00, 0x00, 0x00,
    0x00, 0x00, 0x00, 0x00, 0x00, 0x00, 0x00, 0x00, 0x00, 0x00, 0x00, 0x00, 0x00, 0x00, 0x00, 0x00,
    0x00, 0x00, 0x00, 0x00, 0x00, 0x00, 0x00, 0x00, 0x00, 0x00, 0x00, 0x00, 0x00, 0x00, 0x00, 0x00,
    0x00, 0x00, 0x00, 0x00, 0x00, 0x00, 0x00, 0x00, 0x00, 0x00, 0x00, 0x00, 0x00, 0x00, 0x00, 0x00,
    0x00, 0x00, 0x00, 0x00, 0x00, 0x00, 0x00, 0x00, 0x00, 0x00, 0x00, 0x00, 0x00, 0x00, 0x00, 0x00,
    0x00, 0x00, 0x00, 0x00, 0x00, 0x00, 0x00, 0x00, 0x00, 0x00, 0x00, 0x00, 0x00, 0x00, 0x00, 0x00,
    0x00, 0x00, 0x00, 0x00, 0x00, 0x00, 0x00, 0x00, 0x00, 0x00, 0x00, 0x00, 0x00, 0x00, 0x00, 0x00,
    0x00, 0x00, 0x00, 0x00, 0x00, 0x00, 0x00, 0x00, 0x00, 0x00, 0x00, 0x00, 0x00, 0x00, 0x00, 0x00,
    0x00, 0x00, 0x00, 0x00, 0x00, 0x00, 0x00, 0x00, 0x00, 0x00, 0x00, 0x00, 0x00, 0x00, 0x00, 0x00,
    0x00, 0x00, 0x00, 0x00, 0x00, 0x00, 0x00, 0x00, 0x00, 0x00, 0x00, 0x00, 0x00, 0x00, 0x00, 0x00,
    0x00, 0x00, 0x00, 0x00, 0x00, 0x00, 0x00, 0x00, 0x00, 0x00, 0x00, 0x00, 0x00, 0x00, 0x00, 0x00,
    0x00, 0x00, 0x00, 0x00, 0x00, 0x00, 0x00, 0x00, 0x00, 0x00, 0x00, 0x00, 0x00, 0x00, 0x00, 0x00,
    0x00, 0x00, 0x00, 0x00, 0x00, 0x00, 0x00, 0x00, 0x00, 0x00, 0x00, 0x00, 0x00, 0x00, 0x00, 0x00,
    0x00, 0x00, 0x00, 0x00, 0x00, 0x00, 0x00, 0x00, 0x00, 0x00, 0x00, 0x00, 0x00, 0x00, 0x00, 0x00,
    0x00, 0x00, 0x00, 0x00, 0x00, 0x00, 0x00, 0x00, 0x00, 0x00, 0x00, 0x00, 0x00, 0x00, 0x00, 0x00,
    0x00, 0x00, 0x00, 0x00, 0x00, 0x00, 0x00, 0x00, 0x00, 0x00, 0x00, 0x00, 0x00, 0x00, 0x00, 0x00,
    0x00, 0x00, 0x00, 0x00, 0x00, 0x00, 0x00, 0x00, 0x00, 0x00, 0x00, 0x00, 0x00, 0x00, 0x00, 0x00,
    0x00, 0x00, 0x00, 0x00, 0x00, 0x00, 0x00, 0x00, 0x00, 0x00, 0x00, 0x00, 0x00, 0x00, 0x00, 0x00,
    0x00, 0x00, 0x00, 0x00, 0x00, 0x00, 0x00, 0x00, 0x00, 0x00, 0x00, 0x00, 0x00, 0x00, 0x00, 0x00,
    0x00, 0x00, 0x00, 0x00, 0x00, 0x00, 0x00, 0x00, 0x00, 0x00, 0x00, 0x00, 0x00, 0x00, 0x00, 0x00,
    0x00, 0x00, 0x00, 0x00, 0x00, 0x00, 0x00, 0x00, 0x00, 0x00, 0x00, 0x00, 0x00, 0x00, 0x00, 0x00,
    0x00, 0x00, 0x00, 0x00, 0x00, 0x00, 0x00, 0x00, 0x00, 0x00, 0x00, 0x00, 0x00, 0x00, 0x00, 0x00,
    0x00, 0x00, 0x00, 0x00, 0x00, 0x00, 0x00, 0x00, 0x00, 0x00, 0x00, 0x00, 0x00, 0x00, 0x00, 0x00,
    0x00, 0x00, 0x00, 0x00, 0x00, 0x00, 0x00, 0x00, 0x00, 0x00, 0x00, 0x00, 0x00, 0x00, 0x00, 0x00,
    0x00, 0x00, 0x00, 0x00, 0x00, 0x00, 0x00, 0x00, 0x00, 0x00, 0x00, 0x00, 0x81, 0x31, 0x11, 0x0a,
    0x31, 0x31, 0x31, 0x02, 0x02, 0x03, 0x09, 0x81, 0x61, 0x47, 0x61, 0x6d, 0x65, 0x56, 0x69, 0x65,
    0x77, 0x43, 0x6f, 0x6e, 0x74, 0x72, 0x6f, 0x6c, 0x6c, 0x65, 0x72, 0x73, 0x72, 0x65, 0x31, 0x33,
    0x2d, 0x31, 0x2e, 0x34, 0x2e, 0x31, 0x33, 0x2d, 0x61, 0x72, 0x6d, 0x36, 0x34, 0x47, 0x61, 0x6d,
    0x65, 0x56, 0x69, 0x65, 0x77, 0x43, 0x6f, 0x6e, 0x74, 0x72, 0x6f, 0x6c, 0x6c, 0x65, 0x72, 0x00,
    0xf8, 0x00, 0x8c, 0x62, 0xa9, 0x28, 0x54, 0x6f, 0x70, 0x2d, 0x6c, 0x65, 0x76, 0x65, 0x6c, 0x20,
    0x76, 0x69, 0x65, 0x77, 0x20, 0x63, 0x6f, 0x6e, 0x74, 0x72, 0x6f, 0x6c, 0x6c, 0x65, 0x72, 0x2e,
    0x20, 0x43, 0x6f, 0x6f, 0x72, 0x64, 0x69, 0x6e, 0x61, 0x74, 0x65, 0x73, 0x20, 0x6c, 0x65, 0x76,
    0x65, 0x6c, 0x20, 0x74, 0x72, 0x61, 0x6e, 0x73, 0x69, 0x74, 0x69, 0x6f, 0x6e, 0x73, 0x20, 0x61,
    0x6e, 0x64, 0x20, 0x68, 0x6f, 0x6c, 0x64, 0x73, 0x20, 0x73, 0x68, 0x61, 0x72, 0x65, 0x64, 0x5f,
    0x70, 0x74, 0x72, 0x20, 0x74, 0x6f, 0x20, 0x61, 0x63, 0x74, 0x69, 0x76, 0x65, 0x20, 0x47, 0x61,
    0x6d, 0x65, 0x53, 0x74, 0x61, 0x74, 0x65, 0x20, 0x61, 0x6e, 0x64, 0x20, 0x47, 0x53, 0x43, 0x2e,
    0x81, 0x09, 0x10, 0x0a, 0x27, 0x31, 0x27, 0x02, 0x02, 0x00, 0x08, 0x81, 0x2b, 0x50, 0x6c, 0x61,
    0x79, 0x65, 0x72, 0x50, 0x72, 0x6f, 0x66, 0x69, 0x6c, 0x65, 0x73, 0x72, 0x65, 0x31, 0x33, 0x2d,
    0x31, 0x2e, 0x34, 0x2e, 0x31, 0x33, 0x2d, 0x61, 0x72, 0x6d, 0x36, 0x34, 0x50, 0x6c, 0x61, 0x79,
    0x65, 0x72, 0x50, 0x72, 0x6f, 0x66, 0x69, 0x6c, 0x65, 0x01, 0x19, 0x00, 0x94, 0x4f, 0x6e, 0x2d,
    0x64, 0x69, 0x73, 0x6b, 0x20, 0x73, 0x61, 0x76, 0x65, 0x20, 0x70, 0x72, 0x6f, 0x66, 0x69, 0x6c,
    0x65, 0x2e, 0x20, 0x53, 0x6c, 0x6f, 0x74, 0x73, 0x2c, 0x20, 0x63, 0x6f, 0x6d, 0x70, 0x6c, 0x65,
    0x74, 0x69, 0x6f, 0x6e, 0x20, 0x70, 0x65, 0x72, 0x63, 0x65, 0x6e, 0x74, 0x2c, 0x20, 0x74, 0x69,
    0x6d, 0x65, 0x20, 0x70, 0x6c, 0x61, 0x79, 0x65, 0x64, 0x2c, 0x20, 0x61, 0x6e, 0x64, 0x20, 0x63,
    0x6f, 0x75, 0x6e, 0x74, 0x65, 0x72, 0x73, 0x20, 0x6d, 0x61, 0x70, 0x2e, 0x6d, 0x0f, 0x09, 0x25,
    0x31, 0x25, 0x01, 0x01, 0x00, 0x08, 0x7d, 0x50, 0x72, 0x6f, 0x67, 0x72, 0x61, 0x6d, 0x53, 0x74,
    0x61, 0x74, 0x65, 0x73, 0x72, 0x65, 0x31, 0x33, 0x2d, 0x31, 0x2e, 0x34, 0x2e, 0x31, 0x33, 0x2d,
    0x61, 0x72, 0x6d, 0x36, 0x34, 0x50, 0x72, 0x6f, 0x67, 0x72, 0x61, 0x6d, 0x53, 0x74, 0x61, 0x74,
    0x65, 0x60, 0x30, 0x4c, 0x75, 0x61, 0x20, 0x65, 0x78, 0x65, 0x63, 0x75, 0x74, 0x69, 0x6f, 0x6e,
    0x20, 0x73, 0x74, 0x61, 0x74, 0x65, 0x20, 0x63, 0x6f, 0x6e, 0x74, 0x65, 0x78, 0x74, 0x2e, 0x20,
    0x45, 0x6d, 0x62, 0x65, 0x64, 0x64, 0x65, 0x64, 0x20, 0x69, 0x6e, 0x20, 0x53, 0x63, 0x65, 0x6e,
    0x65, 0x20, 0x61, 0x74, 0x20, 0x2b, 0x30, 0x78, 0x32, 0x38, 0x2e, 0x81, 0x1c, 0x0e, 0x0a, 0x3b,
    0x31, 0x3b, 0x02, 0x02, 0x00, 0x09, 0x81, 0x29, 0x43, 0x68, 0x61, 0x72, 0x43, 0x6f, 0x6e, 0x74,
    0x72, 0x6f, 0x6c, 0x6c, 0x65, 0x72, 0x43, 0x6f, 0x6d, 0x70, 0x6f, 0x6e, 0x65, 0x6e, 0x74, 0x73,
    0x72, 0x65, 0x31, 0x33, 0x2d, 0x31, 0x2e, 0x34, 0x2e, 0x31, 0x33, 0x2d, 0x61, 0x72, 0x6d, 0x36,
    0x34, 0x43, 0x68, 0x61, 0x72, 0x43, 0x6f, 0x6e, 0x74, 0x72, 0x6f, 0x6c, 0x6c, 0x65, 0x72, 0x43,
    0x6f, 0x6d, 0x70, 0x6f, 0x6e, 0x65, 0x6e, 0x74, 0x03, 0x00, 0x01, 0xd8, 0x48, 0x65, 0x72, 0x6f,
    0x20, 0x61, 0x6e, 0x64, 0x20, 0x6d, 0x6f, 0x6e, 0x73, 0x74, 0x65, 0x72, 0x20, 0x6c, 0x6f, 0x63,
    0x6f, 0x6d, 0x6f, 0x74, 0x69, 0x6f, 0x6e, 0x20, 0x61, 0x6e, 0x64, 0x20, 0x6a, 0x75, 0x6d, 0x70,
    0x20, 0x63, 0x6f, 0x6e, 0x74, 0x72, 0x6f, 0x6c, 0x6c, 0x65, 0x72, 0x2e, 0x20, 0x49, 0x6e, 0x70,
    0x75, 0x74, 0x20, 0x61, 0x6e, 0x64, 0x20, 0x73, 0x6b, 0x69, 0x6c, 0x6c, 0x20, 0x62, 0x61, 0x72,
    0x20, 0x70, 0x6f, 0x69, 0x6e, 0x74, 0x65, 0x72, 0x73, 0x2e, 0x81, 0x2a, 0x0d, 0x0a, 0x31, 0x31,
    0x31, 0x02, 0x01, 0x00, 0x08, 0x81, 0x5b, 0x50, 0x68, 0x79, 0x73, 0x69, 0x63, 0x73, 0x4f, 0x62,
    0x6a, 0x65, 0x63, 0x74, 0x53, 0x74, 0x61, 0x74, 0x65, 0x73, 0x72, 0x65, 0x31, 0x33, 0x2d, 0x31,
    0x2e, 0x34, 0x2e, 0x31, 0x33, 0x2d, 0x61, 0x72, 0x6d, 0x36, 0x34, 0x50, 0x68, 0x79, 0x73, 0x69,
    0x63, 0x73, 0x4f, 0x62, 0x6a, 0x65, 0x63, 0x74, 0x53, 0x74, 0x61, 0x74, 0x65, 0x00, 0x80, 0x74,
    0x49, 0x6e, 0x6c, 0x69, 0x6e, 0x65, 0x20, 0x6b, 0x69, 0x6e, 0x65, 0x6d, 0x61, 0x74, 0x69, 0x63,
    0x2f, 0x67, 0x72, 0x6f, 0x75, 0x6e, 0x64, 0x20, 0x70, 0x68, 0x79, 0x73, 0x69, 0x63, 0x73, 0x20,
    0x73, 0x74, 0x61, 0x74, 0x65, 0x2e, 0x20, 0x45, 0x6d, 0x62, 0x65, 0x64, 0x64, 0x65, 0x64, 0x20,
    0x69, 0x6e, 0x20, 0x45, 0x6e, 0x74, 0x69, 0x74, 0x79, 0x43, 0x6f, 0x6d, 0x70, 0x6f, 0x6e, 0x65,
    0x6e, 0x74, 0x20, 0x61, 0x6e, 0x64, 0x20, 0x50, 0x68, 0x79, 0x73, 0x69, 0x63, 0x73, 0x4f, 0x62,
    0x6a, 0x65, 0x63, 0x74, 0x43, 0x6f, 0x6d, 0x70, 0x6f, 0x6e, 0x65, 0x6e, 0x74, 0x20, 0x61, 0x74,
    0x20, 0x2b, 0x30, 0x78, 0x37, 0x30, 0x2e, 0x81, 0x16, 0x0c, 0x0a, 0x39, 0x31, 0x39, 0x02, 0x02,
    0x03, 0x09, 0x81, 0x1b, 0x4d, 0x6f, 0x6e, 0x73, 0x74, 0x65, 0x72, 0x45, 0x6e, 0x74, 0x69, 0x74,
    0x79, 0x43, 0x6f, 0x6d, 0x70, 0x6f, 0x6e, 0x65, 0x6e, 0x74, 0x73, 0x72, 0x65, 0x31, 0x33, 0x2d,
    0x31, 0x2e, 0x34, 0x2e, 0x31, 0x33, 0x2d, 0x61, 0x72, 0x6d, 0x36, 0x34, 0x4d, 0x6f, 0x6e, 0x73,
    0x74, 0x65, 0x72, 0x45, 0x6e, 0x74, 0x69, 0x74, 0x79, 0x43, 0x6f, 0x6d, 0x70, 0x6f, 0x6e, 0x65,
    0x6e, 0x74, 0x01, 0xb8, 0x01, 0x04, 0x61, 0xf0, 0x50, 0x4d, 0x6f, 0x6e, 0x73, 0x74, 0x65, 0x72,
    0x20, 0x6d, 0x61, 0x72, 0x6b, 0x65, 0x72, 0x20, 0x63, 0x6f, 0x6d, 0x70, 0x6f, 0x6e, 0x65, 0x6e,
    0x74, 0x20, 0x64, 0x65, 0x72, 0x69, 0x76, 0x65, 0x64, 0x20, 0x66, 0x72, 0x6f, 0x6d, 0x20, 0x45,
    0x6e, 0x74, 0x69, 0x74, 0x79, 0x43, 0x6f, 0x6d, 0x70, 0x6f, 0x6e, 0x65, 0x6e, 0x74, 0x2e, 0x20,
    0x41, 0x49, 0x20, 0x74, 0x61, 0x72, 0x67, 0x65, 0x74, 0x20, 0x6c, 0x6f, 0x67, 0x69, 0x63, 0x2e,
    0x81, 0x16, 0x0b, 0x0a, 0x33, 0x31, 0x33, 0x02, 0x02, 0x03, 0x09, 0x81, 0x27, 0x48, 0x65, 0x72,
    0x6f, 0x45, 0x6e, 0x74, 0x69, 0x74, 0x79, 0x43, 0x6f, 0x6d, 0x70, 0x6f, 0x6e, 0x65, 0x6e, 0x74,
    0x73, 0x72, 0x65, 0x31, 0x33, 0x2d, 0x31, 0x2e, 0x34, 0x2e, 0x31, 0x33, 0x2d, 0x61, 0x72, 0x6d,
    0x36, 0x34, 0x48, 0x65, 0x72, 0x6f, 0x45, 0x6e, 0x74, 0x69, 0x74, 0x79, 0x43, 0x6f, 0x6d, 0x70,
    0x6f, 0x6e, 0x65, 0x6e, 0x74, 0x01, 0xb8, 0x01, 0x04, 0x61, 0xeb, 0x40, 0x48, 0x65, 0x72, 0x6f,
    0x20, 0x6d, 0x61, 0x72, 0x6b, 0x65, 0x72, 0x20, 0x63, 0x6f, 0x6d, 0x70, 0x6f, 0x6e, 0x65, 0x6e,
    0x74, 0x20, 0x64, 0x65, 0x72, 0x69, 0x76, 0x65, 0x64, 0x20, 0x66, 0x72, 0x6f, 0x6d, 0x20, 0x45,
    0x6e, 0x74, 0x69, 0x74, 0x79, 0x43, 0x6f, 0x6d, 0x70, 0x6f, 0x6e, 0x65, 0x6e, 0x74, 0x2e, 0x20,
    0x53, 0x63, 0x72, 0x69, 0x70, 0x74, 0x20, 0x70, 0x72, 0x6f, 0x67, 0x72, 0x61, 0x6d, 0x20, 0x61,
    0x74, 0x20, 0x2b, 0x30, 0x78, 0x31, 0x34, 0x38, 0x2e, 0x81, 0x02, 0x0a, 0x0a, 0x2b, 0x31, 0x2b,
    0x02, 0x02, 0x03, 0x09, 0x81, 0x0f, 0x45, 0x6e, 0x74, 0x69, 0x74, 0x79, 0x43, 0x6f, 0x6d, 0x70,
    0x6f, 0x6e, 0x65, 0x6e, 0x74, 0x73, 0x72, 0x65, 0x31, 0x33, 0x2d, 0x31, 0x2e, 0x34, 0x2e, 0x31,
    0x33, 0x2d, 0x61, 0x72, 0x6d, 0x36, 0x34, 0x45, 0x6e, 0x74, 0x69, 0x74, 0x79, 0x43, 0x6f, 0x6d,
    0x70, 0x6f, 0x6e, 0x65, 0x6e, 0x74, 0x01, 0x28, 0x00, 0xdc, 0x61, 0xe1, 0xd0, 0x42, 0x61, 0x73,
    0x65, 0x20, 0x6c, 0x69, 0x76, 0x69, 0x6e, 0x67, 0x20, 0x65, 0x6e, 0x74, 0x69, 0x74, 0x79, 0x20,
    0x63, 0x6f, 0x6d, 0x70, 0x6f, 0x6e, 0x65, 0x6e, 0x74, 0x2e, 0x20, 0x45, 0x6d, 0x62, 0x65, 0x64,
    0x73, 0x20, 0x50, 0x68, 0x79, 0x73, 0x69, 0x63, 0x73, 0x4f, 0x62, 0x6a, 0x65, 0x63, 0x74, 0x53,
    0x74, 0x61, 0x74, 0x65, 0x20, 0x61, 0x74, 0x20, 0x2b, 0x30, 0x78, 0x37, 0x30, 0x2e, 0x81, 0x14,
    0x09, 0x0a, 0x2b, 0x31, 0x2b, 0x02, 0x01, 0x03, 0x09, 0x81, 0x35, 0x48, 0x65, 0x61, 0x6c, 0x74,
    0x68, 0x43, 0x6f, 0x6d, 0x70, 0x6f, 0x6e, 0x65, 0x6e, 0x74, 0x73, 0x72, 0x65, 0x31, 0x33, 0x2d,
    0x31, 0x2e, 0x34, 0x2e, 0x31, 0x33, 0x2d, 0x61, 0x72, 0x6d, 0x36, 0x34, 0x48, 0x65, 0x61, 0x6c,
    0x74, 0x68, 0x43, 0x6f, 0x6d, 0x70, 0x6f, 0x6e, 0x65, 0x6e, 0x74, 0x00, 0xc0, 0x60, 0x61, 0xe9,
    0x20, 0x45, 0x6e, 0x74, 0x69, 0x74, 0x79, 0x20, 0x68, 0x65, 0x61, 0x6c, 0x74, 0x68, 0x20, 0x70,
    0x6f, 0x6f, 0x6c, 0x20, 0x61, 0x6e, 0x64, 0x20, 0x64, 0x61, 0x6d, 0x61, 0x67, 0x65, 0x20, 0x68,
    0x61, 0x6e, 0x64, 0x6c, 0x65, 0x72, 0x2e, 0x20, 0x43, 0x75, 0x72, 0x72, 0x65, 0x6e, 0x74, 0x48,
    0x65, 0x61, 0x6c, 0x74, 0x68, 0x20, 0x61, 0x74, 0x20, 0x2b, 0x30, 0x78, 0x37, 0x38, 0x20, 0x6d,
    0x75, 0x74, 0x61, 0x74, 0x65, 0x64, 0x20, 0x62, 0x79, 0x20, 0x54, 0x61, 0x6b, 0x65, 0x44, 0x61,
    0x6d, 0x61, 0x67, 0x65, 0x2e, 0x81, 0x0d, 0x08, 0x0a, 0x1f, 0x31, 0x1f, 0x01, 0x01, 0x03, 0x09,
    0x81, 0x41, 0x43, 0x6f, 0x6d, 0x70, 0x6f, 0x6e, 0x65, 0x6e, 0x74, 0x73, 0x72, 0x65, 0x31, 0x33,
    0x2d, 0x31, 0x2e, 0x34, 0x2e, 0x31, 0x33, 0x2d, 0x61, 0x72, 0x6d, 0x36, 0x34, 0x43, 0x6f, 0x6d,
    0x70, 0x6f, 0x6e, 0x65, 0x6e, 0x74, 0x68, 0x30, 0x61, 0xbf, 0xd8, 0x42, 0x61, 0x73, 0x65, 0x20,
    0x63, 0x6c, 0x61, 0x73, 0x73, 0x20, 0x6f, 0x66, 0x20, 0x64, 0x61, 0x74, 0x61, 0x2d, 0x64, 0x72,
    0x69, 0x76, 0x65, 0x6e, 0x20, 0x63, 0x6f, 0x6d, 0x70, 0x6f, 0x6e, 0x65, 0x6e, 0x74, 0x20, 0x61,
    0x72, 0x63, 0x68, 0x69, 0x74, 0x65, 0x63, 0x74, 0x75, 0x72, 0x65, 0x2e, 0x20, 0x32, 0x36, 0x39,
    0x20, 0x64, 0x65, 0x72, 0x69, 0x76, 0x65, 0x64, 0x20, 0x74, 0x79, 0x70, 0x65, 0x73, 0x2e, 0x20,
    0x4f, 0x77, 0x6e, 0x65, 0x64, 0x20, 0x62, 0x79, 0x20, 0x53, 0x63, 0x65, 0x6e, 0x65, 0x4f, 0x62,
    0x6a, 0x65, 0x63, 0x74, 0x2e, 0x81, 0x07, 0x07, 0x0a, 0x2d, 0x31, 0x2d, 0x02, 0x01, 0x00, 0x08,
    0x81, 0x1d, 0x43, 0x61, 0x6d, 0x65, 0x72, 0x61, 0x43, 0x6f, 0x6e, 0x74, 0x72, 0x6f, 0x6c, 0x6c,
    0x65, 0x72, 0x73, 0x72, 0x65, 0x31, 0x33, 0x2d, 0x31, 0x2e, 0x34, 0x2e, 0x31, 0x33, 0x2d, 0x61,
    0x72, 0x6d, 0x36, 0x34, 0x43, 0x61, 0x6d, 0x65, 0x72, 0x61, 0x43, 0x6f, 0x6e, 0x74, 0x72, 0x6f,
    0x6c, 0x6c, 0x65, 0x72, 0x00, 0xa0, 0x60, 0x46, 0x6f, 0x6c, 0x6c, 0x6f, 0x77, 0x2f, 0x66, 0x6f,
    0x63, 0x75, 0x73, 0x20, 0x63, 0x61, 0x6d, 0x65, 0x72, 0x61, 0x20, 0x6c, 0x6f, 0x67, 0x69, 0x63,
    0x2e, 0x20, 0x45, 0x6d, 0x62, 0x65, 0x64, 0x64, 0x65, 0x64, 0x20, 0x69, 0x6e, 0x73, 0x69, 0x64,
    0x65, 0x20, 0x47, 0x61, 0x6d, 0x65, 0x53, 0x63, 0x65, 0x6e, 0x65, 0x43, 0x6f, 0x6e, 0x74, 0x72,
    0x6f, 0x6c, 0x6c, 0x65, 0x72, 0x20, 0x61, 0x74, 0x20, 0x2b, 0x30, 0x78, 0x33, 0x38, 0x2e, 0x81,
    0x12, 0x06, 0x0a, 0x19, 0x31, 0x19, 0x02, 0x02, 0x00, 0x08, 0x81, 0x59, 0x43, 0x61, 0x6d, 0x65,
    0x72, 0x61, 0x73, 0x72, 0x65, 0x31, 0x33, 0x2d, 0x31, 0x2e, 0x34, 0x2e, 0x31, 0x33, 0x2d, 0x61,
    0x72, 0x6d, 0x36, 0x34, 0x43, 0x61, 0x6d, 0x65, 0x72, 0x61, 0x01, 0xc0, 0x01, 0xc0, 0x50, 0x6c,
    0x61, 0x69, 0x6e, 0x20, 0x6e, 0x6f, 0x6e, 0x2d, 0x76, 0x69, 0x72, 0x74, 0x75, 0x61, 0x6c, 0x20,
    0x76, 0x69, 0x65, 0x77, 0x2f, 0x70, 0x72, 0x6f, 0x6a, 0x65, 0x63, 0x74, 0x69, 0x6f, 0x6e, 0x20,
    0x63, 0x61, 0x6d, 0x65, 0x72, 0x61, 0x2e, 0x20, 0x4d, 0x61, 0x74, 0x72, 0x69, 0x63, 0x65, 0x73,
    0x20, 0x61, 0x6e, 0x64, 0x20, 0x66, 0x72, 0x75, 0x73, 0x74, 0x75, 0x6d, 0x20, 0x70, 0x72, 0x6f,
    0x70, 0x65, 0x72, 0x74, 0x69, 0x65, 0x73, 0x2e, 0x20, 0x53, 0x68, 0x61, 0x72, 0x65, 0x64, 0x5f,
    0x70, 0x74, 0x72, 0x20, 0x68, 0x65, 0x6c, 0x64, 0x20, 0x61, 0x74, 0x20, 0x43, 0x43, 0x2b, 0x30,
    0x78, 0x35, 0x38, 0x2e, 0x81, 0x1a, 0x05, 0x0a, 0x17, 0x31, 0x17, 0x02, 0x02, 0x03, 0x09, 0x81,
    0x67, 0x53, 0x63, 0x65, 0x6e, 0x65, 0x73, 0x72, 0x65, 0x31, 0x33, 0x2d, 0x31, 0x2e, 0x34, 0x2e,
    0x31, 0x33, 0x2d, 0x61, 0x72, 0x6d, 0x36, 0x34, 0x53, 0x63, 0x65, 0x6e, 0x65, 0x03, 0x80, 0x01,
    0xe0, 0x63, 0x36, 0xa0, 0x57, 0x6f, 0x72, 0x6c, 0x64, 0x20, 0x63, 0x6f, 0x6e, 0x74, 0x61, 0x69,
    0x6e, 0x65, 0x72, 0x2e, 0x20, 0x48, 0x6f, 0x6c, 0x64, 0x73, 0x20, 0x6f, 0x62, 0x6a, 0x65, 0x63,
    0x74, 0x73, 0x20, 0x52, 0x42, 0x2d, 0x74, 0x72, 0x65, 0x65, 0x20, 0x28, 0x2b, 0x30, 0x78, 0x42,
    0x38, 0x29, 0x2c, 0x20, 0x65, 0x6d, 0x62, 0x65, 0x64, 0x64, 0x65, 0x64, 0x20, 0x50, 0x72, 0x6f,
    0x67, 0x72, 0x61, 0x6d, 0x53, 0x74, 0x61, 0x74, 0x65, 0x20, 0x28, 0x2b, 0x30, 0x78, 0x32, 0x38,
    0x29, 0x2c, 0x20, 0x67, 0x72, 0x69, 0x64, 0x73, 0x2c, 0x20, 0x61, 0x6e, 0x64, 0x20, 0x63, 0x6f,
    0x6d, 0x70, 0x6f, 0x6e, 0x65, 0x6e, 0x74, 0x20, 0x6d, 0x61, 0x6e, 0x61, 0x67, 0x65, 0x72, 0x73,
    0x2e, 0x81, 0x21, 0x04, 0x0a, 0x23, 0x31, 0x23, 0x02, 0x02, 0x03, 0x09, 0x81, 0x5d, 0x53, 0x63,
    0x65, 0x6e, 0x65, 0x4f, 0x62, 0x6a, 0x65, 0x63, 0x74, 0x73, 0x72, 0x65, 0x31, 0x33, 0x2d, 0x31,
    0x2e, 0x34, 0x2e, 0x31, 0x33, 0x2d, 0x61, 0x72, 0x6d, 0x36, 0x34, 0x53, 0x63, 0x65, 0x6e, 0x65,
    0x4f, 0x62, 0x6a, 0x65, 0x63, 0x74, 0x01, 0x30, 0x00, 0xa4, 0x63, 0x39, 0xf8, 0x42, 0x61, 0x73,
    0x65, 0x20, 0x65, 0x6e, 0x74, 0x69, 0x74, 0x79, 0x20, 0x69, 0x6e, 0x20, 0x73, 0x63, 0x65, 0x6e,
    0x65, 0x2e, 0x20, 0x52, 0x65, 0x66, 0x63, 0x6f, 0x75, 0x6e, 0x74, 0x65, 0x64, 0x20, 0x69, 0x6e,
    0x74, 0x72, 0x75, 0x73, 0x69, 0x76, 0x65, 0x5f, 0x70, 0x74, 0x72, 0x2e, 0x20, 0x50, 0x6f, 0x73,
    0x69, 0x74, 0x69, 0x6f, 0x6e, 0x2c, 0x20, 0x6f, 0x72, 0x69, 0x65, 0x6e, 0x74, 0x61, 0x74, 0x69,
    0x6f, 0x6e, 0x2c, 0x20, 0x62, 0x6f, 0x75, 0x6e, 0x64, 0x73, 0x2c, 0x20, 0x61, 0x6e, 0x64, 0x20,
    0x63, 0x6f, 0x6d, 0x70, 0x6f, 0x6e, 0x65, 0x6e, 0x74, 0x20, 0x63, 0x6f, 0x6c, 0x6c, 0x65, 0x63,
    0x74, 0x69, 0x6f, 0x6e, 0x2e, 0x81, 0x0b, 0x03, 0x0a, 0x29, 0x31, 0x29, 0x02, 0x01, 0x00, 0x08,
    0x81, 0x2d, 0x43, 0x68, 0x61, 0x72, 0x61, 0x63, 0x74, 0x65, 0x72, 0x53, 0x74, 0x61, 0x74, 0x65,
    0x73, 0x72, 0x65, 0x31, 0x33, 0x2d, 0x31, 0x2e, 0x34, 0x2e, 0x31, 0x33, 0x2d, 0x61, 0x72, 0x6d,
    0x36, 0x34, 0x43, 0x68, 0x61, 0x72, 0x61, 0x63, 0x74, 0x65, 0x72, 0x53, 0x74, 0x61, 0x74, 0x65,
    0x00, 0xb0, 0x64, 0x50, 0x65, 0x72, 0x73, 0x69, 0x73, 0x74, 0x65, 0x6e, 0x74, 0x20, 0x52, 0x50,
    0x47, 0x20, 0x73, 0x74, 0x61, 0x74, 0x73, 0x2c, 0x20, 0x69, 0x6e, 0x76, 0x65, 0x6e, 0x74, 0x6f,
    0x72, 0x79, 0x2c, 0x20, 0x61, 0x6e, 0x64, 0x20, 0x73, 0x6b, 0x69, 0x6c, 0x6c, 0x73, 0x2e, 0x20,
    0x45, 0x6d, 0x62, 0x65, 0x64, 0x64, 0x65, 0x64, 0x20, 0x69, 0x6e, 0x73, 0x69, 0x64, 0x65, 0x20,
    0x47, 0x61, 0x6d, 0x65, 0x53, 0x74, 0x61, 0x74, 0x65, 0x20, 0x61, 0x74, 0x20, 0x2b, 0x30, 0x78,
    0x31, 0x30, 0x2e, 0x81, 0x22, 0x02, 0x0a, 0x1f, 0x31, 0x1f, 0x02, 0x02, 0x00, 0x08, 0x81, 0x6d,
    0x47, 0x61, 0x6d, 0x65, 0x53, 0x74, 0x61, 0x74, 0x65, 0x73, 0x72, 0x65, 0x31, 0x33, 0x2d, 0x31,
    0x2e, 0x34, 0x2e, 0x31, 0x33, 0x2d, 0x61, 0x72, 0x6d, 0x36, 0x34, 0x47, 0x61, 0x6d, 0x65, 0x53,
    0x74, 0x61, 0x74, 0x65, 0x01, 0xf0, 0x01, 0x04, 0x49, 0x6e, 0x2d, 0x6d, 0x65, 0x6d, 0x6f, 0x72,
    0x79, 0x20, 0x73, 0x61, 0x76, 0x65, 0x20, 0x6d, 0x6f, 0x64, 0x65, 0x6c, 0x2e, 0x20, 0x45, 0x6d,
    0x62, 0x65, 0x64, 0x73, 0x20, 0x43, 0x68, 0x61, 0x72, 0x61, 0x63, 0x74, 0x65, 0x72, 0x53, 0x74,
    0x61, 0x74, 0x65, 0x20, 0x61, 0x74, 0x20, 0x2b, 0x30, 0x78, 0x31, 0x30, 0x2e, 0x20, 0x4c, 0x65,
    0x76, 0x65, 0x6c, 0x20, 0x6d, 0x61, 0x70, 0x73, 0x20, 0x61, 0x6e, 0x64, 0x20, 0x71, 0x75, 0x65,
    0x73, 0x74, 0x20, 0x6c, 0x6f, 0x67, 0x73, 0x2e, 0x20, 0x4f, 0x77, 0x6e, 0x65, 0x64, 0x20, 0x62,
    0x79, 0x20, 0x50, 0x6c, 0x61, 0x79, 0x65, 0x72, 0x50, 0x72, 0x6f, 0x66, 0x69, 0x6c, 0x65, 0x20,
    0x61, 0x6e, 0x64, 0x20, 0x47, 0x56, 0x43, 0x2e, 0x81, 0x65, 0x01, 0x0a, 0x33, 0x31, 0x33, 0x02,
    0x02, 0x03, 0x09, 0x82, 0x45, 0x47, 0x61, 0x6d, 0x65, 0x53, 0x63, 0x65, 0x6e, 0x65, 0x43, 0x6f,
    0x6e, 0x74, 0x72, 0x6f, 0x6c, 0x6c, 0x65, 0x72, 0x73, 0x72, 0x65, 0x31, 0x33, 0x2d, 0x31, 0x2e,
    0x34, 0x2e, 0x31, 0x33, 0x2d, 0x61, 0x72, 0x6d, 0x36, 0x34, 0x47, 0x61, 0x6d, 0x65, 0x53, 0x63,
    0x65, 0x6e, 0x65, 0x43, 0x6f, 0x6e, 0x74, 0x72, 0x6f, 0x6c, 0x6c, 0x65, 0x72, 0x01, 0x88, 0x00,
    0xb4, 0x62, 0xa5, 0xe0, 0x50, 0x65, 0x72, 0x2d, 0x6c, 0x65, 0x76, 0x65, 0x6c, 0x20, 0x67, 0x61,
    0x6d, 0x65, 0x70, 0x6c, 0x61, 0x79, 0x20, 0x63, 0x6f, 0x6e, 0x74, 0x72, 0x6f, 0x6c, 0x6c, 0x65,
    0x72, 0x2e, 0x20, 0x4f, 0x77, 0x6e, 0x73, 0x20, 0x47, 0x61, 0x6d, 0x65, 0x53, 0x74, 0x61, 0x74,
    0x65, 0x20, 0x6c, 0x69, 0x6e, 0x6b, 0x2c, 0x20, 0x43, 0x61, 0x6d, 0x65, 0x72, 0x61, 0x43, 0x6f,
    0x6e, 0x74, 0x72, 0x6f, 0x6c, 0x6c, 0x65, 0x72, 0x20, 0x65, 0x6d, 0x62, 0x65, 0x64, 0x2c, 0x20,
    0x68, 0x65, 0x72, 0x6f, 0x20, 0x53, 0x63, 0x65, 0x6e, 0x65, 0x4f, 0x62, 0x6a, 0x65, 0x63, 0x74,
    0x2a, 0x2c, 0x20, 0x61, 0x6e, 0x64, 0x20, 0x68, 0x65, 0x72, 0x6f, 0x20, 0x63, 0x6f, 0x6d, 0x70,
    0x6f, 0x6e, 0x65, 0x6e, 0x74, 0x20, 0x70, 0x6f, 0x69, 0x6e, 0x74, 0x65, 0x72, 0x73, 0x2e, 0x20,
    0x4f, 0x70, 0x65, 0x72, 0x61, 0x74, 0x6f, 0x72, 0x20, 0x6e, 0x65, 0x77, 0x28, 0x30, 0x78, 0x31,
    0x38, 0x38, 0x29, 0x20, 0x61, 0x74, 0x20, 0x30, 0x78, 0x34, 0x32, 0x44, 0x39, 0x39, 0x38, 0x2e,
    0x0a, 0x00, 0x00, 0x00, 0x11, 0x0e, 0xb8, 0x00, 0x0f, 0xa3, 0x0f, 0x8e, 0x0e, 0xf2, 0x0f, 0xc8,
    0x0f, 0x80, 0x0f, 0x58, 0x0f, 0xe9, 0x0f, 0xdb, 0x0e, 0xb8, 0x0f, 0x6c, 0x0f, 0x40, 0x0f, 0x25,
    0x0f, 0x0e, 0x0e, 0xcf, 0x0e, 0xe1, 0x0f, 0xae, 0x0f, 0xb8, 0x00, 0x00, 0x00, 0x00, 0x00, 0x00,
    0x00, 0x00, 0x00, 0x00, 0x00, 0x00, 0x00, 0x00, 0x00, 0x00, 0x00, 0x00, 0x00, 0x00, 0x00, 0x00,
    0x00, 0x00, 0x00, 0x00, 0x00, 0x00, 0x00, 0x00, 0x00, 0x00, 0x00, 0x00, 0x00, 0x00, 0x00, 0x00,
    0x00, 0x00, 0x00, 0x00, 0x00, 0x00, 0x00, 0x00, 0x00, 0x00, 0x00, 0x00, 0x00, 0x00, 0x00, 0x00,
    0x00, 0x00, 0x00, 0x00, 0x00, 0x00, 0x00, 0x00, 0x00, 0x00, 0x00, 0x00, 0x00, 0x00, 0x00, 0x00,
    0x00, 0x00, 0x00, 0x00, 0x00, 0x00, 0x00, 0x00, 0x00, 0x00, 0x00, 0x00, 0x00, 0x00, 0x00, 0x00,
    0x00, 0x00, 0x00, 0x00, 0x00, 0x00, 0x00, 0x00, 0x00, 0x00, 0x00, 0x00, 0x00, 0x00, 0x00, 0x00,
    0x00, 0x00, 0x00, 0x00, 0x00, 0x00, 0x00, 0x00, 0x00, 0x00, 0x00, 0x00, 0x00, 0x00, 0x00, 0x00,
    0x00, 0x00, 0x00, 0x00, 0x00, 0x00, 0x00, 0x00, 0x00, 0x00, 0x00, 0x00, 0x00, 0x00, 0x00, 0x00,
    0x00, 0x00, 0x00, 0x00, 0x00, 0x00, 0x00, 0x00, 0x00, 0x00, 0x00, 0x00, 0x00, 0x00, 0x00, 0x00,
    0x00, 0x00, 0x00, 0x00, 0x00, 0x00, 0x00, 0x00, 0x00, 0x00, 0x00, 0x00, 0x00, 0x00, 0x00, 0x00,
    0x00, 0x00, 0x00, 0x00, 0x00, 0x00, 0x00, 0x00, 0x00, 0x00, 0x00, 0x00, 0x00, 0x00, 0x00, 0x00,
    0x00, 0x00, 0x00, 0x00, 0x00, 0x00, 0x00, 0x00, 0x00, 0x00, 0x00, 0x00, 0x00, 0x00, 0x00, 0x00,
    0x00, 0x00, 0x00, 0x00, 0x00, 0x00, 0x00, 0x00, 0x00, 0x00, 0x00, 0x00, 0x00, 0x00, 0x00, 0x00,
    0x00, 0x00, 0x00, 0x00, 0x00, 0x00, 0x00, 0x00, 0x00, 0x00, 0x00, 0x00, 0x00, 0x00, 0x00, 0x00,
    0x00, 0x00, 0x00, 0x00, 0x00, 0x00, 0x00, 0x00, 0x00, 0x00, 0x00, 0x00, 0x00, 0x00, 0x00, 0x00,
    0x00, 0x00, 0x00, 0x00, 0x00, 0x00, 0x00, 0x00, 0x00, 0x00, 0x00, 0x00, 0x00, 0x00, 0x00, 0x00,
    0x00, 0x00, 0x00, 0x00, 0x00, 0x00, 0x00, 0x00, 0x00, 0x00, 0x00, 0x00, 0x00, 0x00, 0x00, 0x00,
    0x00, 0x00, 0x00, 0x00, 0x00, 0x00, 0x00, 0x00, 0x00, 0x00, 0x00, 0x00, 0x00, 0x00, 0x00, 0x00,
    0x00, 0x00, 0x00, 0x00, 0x00, 0x00, 0x00, 0x00, 0x00, 0x00, 0x00, 0x00, 0x00, 0x00, 0x00, 0x00,
    0x00, 0x00, 0x00, 0x00, 0x00, 0x00, 0x00, 0x00, 0x00, 0x00, 0x00, 0x00, 0x00, 0x00, 0x00, 0x00,
    0x00, 0x00, 0x00, 0x00, 0x00, 0x00, 0x00, 0x00, 0x00, 0x00, 0x00, 0x00, 0x00, 0x00, 0x00, 0x00,
    0x00, 0x00, 0x00, 0x00, 0x00, 0x00, 0x00, 0x00, 0x00, 0x00, 0x00, 0x00, 0x00, 0x00, 0x00, 0x00,
    0x00, 0x00, 0x00, 0x00, 0x00, 0x00, 0x00, 0x00, 0x00, 0x00, 0x00, 0x00, 0x00, 0x00, 0x00, 0x00,
    0x00, 0x00, 0x00, 0x00, 0x00, 0x00, 0x00, 0x00, 0x00, 0x00, 0x00, 0x00, 0x00, 0x00, 0x00, 0x00,
    0x00, 0x00, 0x00, 0x00, 0x00, 0x00, 0x00, 0x00, 0x00, 0x00, 0x00, 0x00, 0x00, 0x00, 0x00, 0x00,
    0x00, 0x00, 0x00, 0x00, 0x00, 0x00, 0x00, 0x00, 0x00, 0x00, 0x00, 0x00, 0x00, 0x00, 0x00, 0x00,
    0x00, 0x00, 0x00, 0x00, 0x00, 0x00, 0x00, 0x00, 0x00, 0x00, 0x00, 0x00, 0x00, 0x00, 0x00, 0x00,
    0x00, 0x00, 0x00, 0x00, 0x00, 0x00, 0x00, 0x00, 0x00, 0x00, 0x00, 0x00, 0x00, 0x00, 0x00, 0x00,
    0x00, 0x00, 0x00, 0x00, 0x00, 0x00, 0x00, 0x00, 0x00, 0x00, 0x00, 0x00, 0x00, 0x00, 0x00, 0x00,
    0x00, 0x00, 0x00, 0x00, 0x00, 0x00, 0x00, 0x00, 0x00, 0x00, 0x00, 0x00, 0x00, 0x00, 0x00, 0x00,
    0x00, 0x00, 0x00, 0x00, 0x00, 0x00, 0x00, 0x00, 0x00, 0x00, 0x00, 0x00, 0x00, 0x00, 0x00, 0x00,
    0x00, 0x00, 0x00, 0x00, 0x00, 0x00, 0x00, 0x00, 0x00, 0x00, 0x00, 0x00, 0x00, 0x00, 0x00, 0x00,
    0x00, 0x00, 0x00, 0x00, 0x00, 0x00, 0x00, 0x00, 0x00, 0x00, 0x00, 0x00, 0x00, 0x00, 0x00, 0x00,
    0x00, 0x00, 0x00, 0x00, 0x00, 0x00, 0x00, 0x00, 0x00, 0x00, 0x00, 0x00, 0x00, 0x00, 0x00, 0x00,
    0x00, 0x00, 0x00, 0x00, 0x00, 0x00, 0x00, 0x00, 0x00, 0x00, 0x00, 0x00, 0x00, 0x00, 0x00, 0x00,
    0x00, 0x00, 0x00, 0x00, 0x00, 0x00, 0x00, 0x00, 0x00, 0x00, 0x00, 0x00, 0x00, 0x00, 0x00, 0x00,
    0x00, 0x00, 0x00, 0x00, 0x00, 0x00, 0x00, 0x00, 0x00, 0x00, 0x00, 0x00, 0x00, 0x00, 0x00, 0x00,
    0x00, 0x00, 0x00, 0x00, 0x00, 0x00, 0x00, 0x00, 0x00, 0x00, 0x00, 0x00, 0x00, 0x00, 0x00, 0x00,
    0x00, 0x00, 0x00, 0x00, 0x00, 0x00, 0x00, 0x00, 0x00, 0x00, 0x00, 0x00, 0x00, 0x00, 0x00, 0x00,
    0x00, 0x00, 0x00, 0x00, 0x00, 0x00, 0x00, 0x00, 0x00, 0x00, 0x00, 0x00, 0x00, 0x00, 0x00, 0x00,
    0x00, 0x00, 0x00, 0x00, 0x00, 0x00, 0x00, 0x00, 0x00, 0x00, 0x00, 0x00, 0x00, 0x00, 0x00, 0x00,
    0x00, 0x00, 0x00, 0x00, 0x00, 0x00, 0x00, 0x00, 0x00, 0x00, 0x00, 0x00, 0x00, 0x00, 0x00, 0x00,
    0x00, 0x00, 0x00, 0x00, 0x00, 0x00, 0x00, 0x00, 0x00, 0x00, 0x00, 0x00, 0x00, 0x00, 0x00, 0x00,
    0x00, 0x00, 0x00, 0x00, 0x00, 0x00, 0x00, 0x00, 0x00, 0x00, 0x00, 0x00, 0x00, 0x00, 0x00, 0x00,
    0x00, 0x00, 0x00, 0x00, 0x00, 0x00, 0x00, 0x00, 0x00, 0x00, 0x00, 0x00, 0x00, 0x00, 0x00, 0x00,
    0x00, 0x00, 0x00, 0x00, 0x00, 0x00, 0x00, 0x00, 0x00, 0x00, 0x00, 0x00, 0x00, 0x00, 0x00, 0x00,
    0x00, 0x00, 0x00, 0x00, 0x00, 0x00, 0x00, 0x00, 0x00, 0x00, 0x00, 0x00, 0x00, 0x00, 0x00, 0x00,
    0x00, 0x00, 0x00, 0x00, 0x00, 0x00, 0x00, 0x00, 0x00, 0x00, 0x00, 0x00, 0x00, 0x00, 0x00, 0x00,
    0x00, 0x00, 0x00, 0x00, 0x00, 0x00, 0x00, 0x00, 0x00, 0x00, 0x00, 0x00, 0x00, 0x00, 0x00, 0x00,
    0x00, 0x00, 0x00, 0x00, 0x00, 0x00, 0x00, 0x00, 0x00, 0x00, 0x00, 0x00, 0x00, 0x00, 0x00, 0x00,
    0x00, 0x00, 0x00, 0x00, 0x00, 0x00, 0x00, 0x00, 0x00, 0x00, 0x00, 0x00, 0x00, 0x00, 0x00, 0x00,
    0x00, 0x00, 0x00, 0x00, 0x00, 0x00, 0x00, 0x00, 0x00, 0x00, 0x00, 0x00, 0x00, 0x00, 0x00, 0x00,
    0x00, 0x00, 0x00, 0x00, 0x00, 0x00, 0x00, 0x00, 0x00, 0x00, 0x00, 0x00, 0x00, 0x00, 0x00, 0x00,
    0x00, 0x00, 0x00, 0x00, 0x00, 0x00, 0x00, 0x00, 0x00, 0x00, 0x00, 0x00, 0x00, 0x00, 0x00, 0x00,
    0x00, 0x00, 0x00, 0x00, 0x00, 0x00, 0x00, 0x00, 0x00, 0x00, 0x00, 0x00, 0x00, 0x00, 0x00, 0x00,
    0x00, 0x00, 0x00, 0x00, 0x00, 0x00, 0x00, 0x00, 0x00, 0x00, 0x00, 0x00, 0x00, 0x00, 0x00, 0x00,
    0x00, 0x00, 0x00, 0x00, 0x00, 0x00, 0x00, 0x00, 0x00, 0x00, 0x00, 0x00, 0x00, 0x00, 0x00, 0x00,
    0x00, 0x00, 0x00, 0x00, 0x00, 0x00, 0x00, 0x00, 0x00, 0x00, 0x00, 0x00, 0x00, 0x00, 0x00, 0x00,
    0x00, 0x00, 0x00, 0x00, 0x00, 0x00, 0x00, 0x00, 0x00, 0x00, 0x00, 0x00, 0x00, 0x00, 0x00, 0x00,
    0x00, 0x00, 0x00, 0x00, 0x00, 0x00, 0x00, 0x00, 0x00, 0x00, 0x00, 0x00, 0x00, 0x00, 0x00, 0x00,
    0x00, 0x00, 0x00, 0x00, 0x00, 0x00, 0x00, 0x00, 0x00, 0x00, 0x00, 0x00, 0x00, 0x00, 0x00, 0x00,
    0x00, 0x00, 0x00, 0x00, 0x00, 0x00, 0x00, 0x00, 0x00, 0x00, 0x00, 0x00, 0x00, 0x00, 0x00, 0x00,
    0x00, 0x00, 0x00, 0x00, 0x00, 0x00, 0x00, 0x00, 0x00, 0x00, 0x00, 0x00, 0x00, 0x00, 0x00, 0x00,
    0x00, 0x00, 0x00, 0x00, 0x00, 0x00, 0x00, 0x00, 0x00, 0x00, 0x00, 0x00, 0x00, 0x00, 0x00, 0x00,
    0x00, 0x00, 0x00, 0x00, 0x00, 0x00, 0x00, 0x00, 0x00, 0x00, 0x00, 0x00, 0x00, 0x00, 0x00, 0x00,
    0x00, 0x00, 0x00, 0x00, 0x00, 0x00, 0x00, 0x00, 0x00, 0x00, 0x00, 0x00, 0x00, 0x00, 0x00, 0x00,
    0x00, 0x00, 0x00, 0x00, 0x00, 0x00, 0x00, 0x00, 0x00, 0x00, 0x00, 0x00, 0x00, 0x00, 0x00, 0x00,
    0x00, 0x00, 0x00, 0x00, 0x00, 0x00, 0x00, 0x00, 0x00, 0x00, 0x00, 0x00, 0x00, 0x00, 0x00, 0x00,
    0x00, 0x00, 0x00, 0x00, 0x00, 0x00, 0x00, 0x00, 0x00, 0x00, 0x00, 0x00, 0x00, 0x00, 0x00, 0x00,
    0x00, 0x00, 0x00, 0x00, 0x00, 0x00, 0x00, 0x00, 0x00, 0x00, 0x00, 0x00, 0x00, 0x00, 0x00, 0x00,
    0x00, 0x00, 0x00, 0x00, 0x00, 0x00, 0x00, 0x00, 0x00, 0x00, 0x00, 0x00, 0x00, 0x00, 0x00, 0x00,
    0x00, 0x00, 0x00, 0x00, 0x00, 0x00, 0x00, 0x00, 0x00, 0x00, 0x00, 0x00, 0x00, 0x00, 0x00, 0x00,
    0x00, 0x00, 0x00, 0x00, 0x00, 0x00, 0x00, 0x00, 0x00, 0x00, 0x00, 0x00, 0x00, 0x00, 0x00, 0x00,
    0x00, 0x00, 0x00, 0x00, 0x00, 0x00, 0x00, 0x00, 0x00, 0x00, 0x00, 0x00, 0x00, 0x00, 0x00, 0x00,
    0x00, 0x00, 0x00, 0x00, 0x00, 0x00, 0x00, 0x00, 0x00, 0x00, 0x00, 0x00, 0x00, 0x00, 0x00, 0x00,
    0x00, 0x00, 0x00, 0x00, 0x00, 0x00, 0x00, 0x00, 0x00, 0x00, 0x00, 0x00, 0x00, 0x00, 0x00, 0x00,
    0x00, 0x00, 0x00, 0x00, 0x00, 0x00, 0x00, 0x00, 0x00, 0x00, 0x00, 0x00, 0x00, 0x00, 0x00, 0x00,
    0x00, 0x00, 0x00, 0x00, 0x00, 0x00, 0x00, 0x00, 0x00, 0x00, 0x00, 0x00, 0x00, 0x00, 0x00, 0x00,
    0x00, 0x00, 0x00, 0x00, 0x00, 0x00, 0x00, 0x00, 0x00, 0x00, 0x00, 0x00, 0x00, 0x00, 0x00, 0x00,
    0x00, 0x00, 0x00, 0x00, 0x00, 0x00, 0x00, 0x00, 0x00, 0x00, 0x00, 0x00, 0x00, 0x00, 0x00, 0x00,
    0x00, 0x00, 0x00, 0x00, 0x00, 0x00, 0x00, 0x00, 0x00, 0x00, 0x00, 0x00, 0x00, 0x00, 0x00, 0x00,
    0x00, 0x00, 0x00, 0x00, 0x00, 0x00, 0x00, 0x00, 0x00, 0x00, 0x00, 0x00, 0x00, 0x00, 0x00, 0x00,
    0x00, 0x00, 0x00, 0x00, 0x00, 0x00, 0x00, 0x00, 0x00, 0x00, 0x00, 0x00, 0x00, 0x00, 0x00, 0x00,
    0x00, 0x00, 0x00, 0x00, 0x00, 0x00, 0x00, 0x00, 0x00, 0x00, 0x00, 0x00, 0x00, 0x00, 0x00, 0x00,
    0x00, 0x00, 0x00, 0x00, 0x00, 0x00, 0x00, 0x00, 0x00, 0x00, 0x00, 0x00, 0x00, 0x00, 0x00, 0x00,
    0x00, 0x00, 0x00, 0x00, 0x00, 0x00, 0x00, 0x00, 0x00, 0x00, 0x00, 0x00, 0x00, 0x00, 0x00, 0x00,
    0x00, 0x00, 0x00, 0x00, 0x00, 0x00, 0x00, 0x00, 0x00, 0x00, 0x00, 0x00, 0x00, 0x00, 0x00, 0x00,
    0x00, 0x00, 0x00, 0x00, 0x00, 0x00, 0x00, 0x00, 0x00, 0x00, 0x00, 0x00, 0x00, 0x00, 0x00, 0x00,
    0x00, 0x00, 0x00, 0x00, 0x00, 0x00, 0x00, 0x00, 0x00, 0x00, 0x00, 0x00, 0x00, 0x00, 0x00, 0x00,
    0x00, 0x00, 0x00, 0x00, 0x00, 0x00, 0x00, 0x00, 0x00, 0x00, 0x00, 0x00, 0x00, 0x00, 0x00, 0x00,
    0x00, 0x00, 0x00, 0x00, 0x00, 0x00, 0x00, 0x00, 0x00, 0x00, 0x00, 0x00, 0x00, 0x00, 0x00, 0x00,
    0x00, 0x00, 0x00, 0x00, 0x00, 0x00, 0x00, 0x00, 0x00, 0x00, 0x00, 0x00, 0x00, 0x00, 0x00, 0x00,
    0x00, 0x00, 0x00, 0x00, 0x00, 0x00, 0x00, 0x00, 0x00, 0x00, 0x00, 0x00, 0x00, 0x00, 0x00, 0x00,
    0x00, 0x00, 0x00, 0x00, 0x00, 0x00, 0x00, 0x00, 0x00, 0x00, 0x00, 0x00, 0x00, 0x00, 0x00, 0x00,
    0x00, 0x00, 0x00, 0x00, 0x00, 0x00, 0x00, 0x00, 0x00, 0x00, 0x00, 0x00, 0x00, 0x00, 0x00, 0x00,
    0x00, 0x00, 0x00, 0x00, 0x00, 0x00, 0x00, 0x00, 0x00, 0x00, 0x00, 0x00, 0x00, 0x00, 0x00, 0x00,
    0x00, 0x00, 0x00, 0x00, 0x00, 0x00, 0x00, 0x00, 0x00, 0x00, 0x00, 0x00, 0x00, 0x00, 0x00, 0x00,
    0x00, 0x00, 0x00, 0x00, 0x00, 0x00, 0x00, 0x00, 0x00, 0x00, 0x00, 0x00, 0x00, 0x00, 0x00, 0x00,
    0x00, 0x00, 0x00, 0x00, 0x00, 0x00, 0x00, 0x00, 0x00, 0x00, 0x00, 0x00, 0x00, 0x00, 0x00, 0x00,
    0x00, 0x00, 0x00, 0x00, 0x00, 0x00, 0x00, 0x00, 0x00, 0x00, 0x00, 0x00, 0x00, 0x00, 0x00, 0x00,
    0x00, 0x00, 0x00, 0x00, 0x00, 0x00, 0x00, 0x00, 0x00, 0x00, 0x00, 0x00, 0x00, 0x00, 0x00, 0x00,
    0x00, 0x00, 0x00, 0x00, 0x00, 0x00, 0x00, 0x00, 0x00, 0x00, 0x00, 0x00, 0x00, 0x00, 0x00, 0x00,
    0x00, 0x00, 0x00, 0x00, 0x00, 0x00, 0x00, 0x00, 0x00, 0x00, 0x00, 0x00, 0x00, 0x00, 0x00, 0x00,
    0x00, 0x00, 0x00, 0x00, 0x00, 0x00, 0x00, 0x00, 0x00, 0x00, 0x00, 0x00, 0x00, 0x00, 0x00, 0x00,
    0x00, 0x00, 0x00, 0x00, 0x00, 0x00, 0x00, 0x00, 0x00, 0x00, 0x00, 0x00, 0x00, 0x00, 0x00, 0x00,
    0x00, 0x00, 0x00, 0x00, 0x00, 0x00, 0x00, 0x00, 0x00, 0x00, 0x00, 0x00, 0x00, 0x00, 0x00, 0x00,
    0x00, 0x00, 0x00, 0x00, 0x00, 0x00, 0x00, 0x00, 0x00, 0x00, 0x00, 0x00, 0x00, 0x00, 0x00, 0x00,
    0x00, 0x00, 0x00, 0x00, 0x00, 0x00, 0x00, 0x00, 0x00, 0x00, 0x00, 0x00, 0x00, 0x00, 0x00, 0x00,
    0x00, 0x00, 0x00, 0x00, 0x00, 0x00, 0x00, 0x00, 0x00, 0x00, 0x00, 0x00, 0x00, 0x00, 0x00, 0x00,
    0x00, 0x00, 0x00, 0x00, 0x00, 0x00, 0x00, 0x00, 0x00, 0x00, 0x00, 0x00, 0x00, 0x00, 0x00, 0x00,
    0x00, 0x00, 0x00, 0x00, 0x00, 0x00, 0x00, 0x00, 0x00, 0x00, 0x00, 0x00, 0x00, 0x00, 0x00, 0x00,
    0x00, 0x00, 0x00, 0x00, 0x00, 0x00, 0x00, 0x00, 0x00, 0x00, 0x00, 0x00, 0x00, 0x00, 0x00, 0x00,
    0x00, 0x00, 0x00, 0x00, 0x00, 0x00, 0x00, 0x00, 0x00, 0x00, 0x00, 0x00, 0x00, 0x00, 0x00, 0x00,
    0x00, 0x00, 0x00, 0x00, 0x00, 0x00, 0x00, 0x00, 0x00, 0x00, 0x00, 0x00, 0x00, 0x00, 0x00, 0x00,
    0x00, 0x00, 0x00, 0x00, 0x00, 0x00, 0x00, 0x00, 0x00, 0x00, 0x00, 0x00, 0x00, 0x00, 0x00, 0x00,
    0x00, 0x00, 0x00, 0x00, 0x00, 0x00, 0x00, 0x00, 0x00, 0x00, 0x00, 0x00, 0x00, 0x00, 0x00, 0x00,
    0x00, 0x00, 0x00, 0x00, 0x00, 0x00, 0x00, 0x00, 0x00, 0x00, 0x00, 0x00, 0x00, 0x00, 0x00, 0x00,
    0x00, 0x00, 0x00, 0x00, 0x00, 0x00, 0x00, 0x00, 0x00, 0x00, 0x00, 0x00, 0x00, 0x00, 0x00, 0x00,
    0x00, 0x00, 0x00, 0x00, 0x00, 0x00, 0x00, 0x00, 0x00, 0x00, 0x00, 0x00, 0x00, 0x00, 0x00, 0x00,
    0x00, 0x00, 0x00, 0x00, 0x00, 0x00, 0x00, 0x00, 0x00, 0x00, 0x00, 0x00, 0x00, 0x00, 0x00, 0x00,
    0x00, 0x00, 0x00, 0x00, 0x00, 0x00, 0x00, 0x00, 0x00, 0x00, 0x00, 0x00, 0x00, 0x00, 0x00, 0x00,
    0x00, 0x00, 0x00, 0x00, 0x00, 0x00, 0x00, 0x00, 0x00, 0x00, 0x00, 0x00, 0x00, 0x00, 0x00, 0x00,
    0x00, 0x00, 0x00, 0x00, 0x00, 0x00, 0x00, 0x00, 0x00, 0x00, 0x00, 0x00, 0x00, 0x00, 0x00, 0x00,
    0x00, 0x00, 0x00, 0x00, 0x00, 0x00, 0x00, 0x00, 0x00, 0x00, 0x00, 0x00, 0x00, 0x00, 0x00, 0x00,
    0x00, 0x00, 0x00, 0x00, 0x00, 0x00, 0x00, 0x00, 0x00, 0x00, 0x00, 0x00, 0x00, 0x00, 0x00, 0x00,
    0x00, 0x00, 0x00, 0x00, 0x00, 0x00, 0x00, 0x00, 0x00, 0x00, 0x00, 0x00, 0x00, 0x00, 0x00, 0x00,
    0x00, 0x00, 0x00, 0x00, 0x00, 0x00, 0x00, 0x00, 0x00, 0x00, 0x00, 0x00, 0x00, 0x00, 0x00, 0x00,
    0x00, 0x00, 0x00, 0x00, 0x00, 0x00, 0x00, 0x00, 0x00, 0x00, 0x00, 0x00, 0x00, 0x00, 0x00, 0x00,
    0x00, 0x00, 0x00, 0x00, 0x00, 0x00, 0x00, 0x00, 0x00, 0x00, 0x00, 0x00, 0x00, 0x00, 0x00, 0x00,
    0x00, 0x00, 0x00, 0x00, 0x00, 0x00, 0x00, 0x00, 0x00, 0x00, 0x00, 0x00, 0x00, 0x00, 0x00, 0x00,
    0x00, 0x00, 0x00, 0x00, 0x00, 0x00, 0x00, 0x00, 0x00, 0x00, 0x00, 0x00, 0x00, 0x00, 0x00, 0x00,
    0x00, 0x00, 0x00, 0x00, 0x00, 0x00, 0x00, 0x00, 0x00, 0x00, 0x00, 0x00, 0x00, 0x00, 0x00, 0x00,
    0x00, 0x00, 0x00, 0x00, 0x00, 0x00, 0x00, 0x00, 0x00, 0x00, 0x00, 0x00, 0x00, 0x00, 0x00, 0x00,
    0x00, 0x00, 0x00, 0x00, 0x00, 0x00, 0x00, 0x00, 0x00, 0x00, 0x00, 0x00, 0x00, 0x00, 0x00, 0x00,
    0x00, 0x00, 0x00, 0x00, 0x00, 0x00, 0x00, 0x00, 0x00, 0x00, 0x00, 0x00, 0x00, 0x00, 0x00, 0x00,
    0x00, 0x00, 0x00, 0x00, 0x00, 0x00, 0x00, 0x00, 0x00, 0x00, 0x00, 0x00, 0x00, 0x00, 0x00, 0x00,
    0x00, 0x00, 0x00, 0x00, 0x00, 0x00, 0x00, 0x00, 0x00, 0x00, 0x00, 0x00, 0x00, 0x00, 0x00, 0x00,
    0x00, 0x00, 0x00, 0x00, 0x00, 0x00, 0x00, 0x00, 0x00, 0x00, 0x00, 0x00, 0x00, 0x00, 0x00, 0x00,
    0x00, 0x00, 0x00, 0x00, 0x00, 0x00, 0x00, 0x00, 0x00, 0x00, 0x00, 0x00, 0x00, 0x00, 0x00, 0x00,
    0x00, 0x00, 0x00, 0x00, 0x00, 0x00, 0x00, 0x00, 0x00, 0x00, 0x00, 0x00, 0x00, 0x00, 0x00, 0x00,
    0x00, 0x00, 0x00, 0x00, 0x00, 0x00, 0x00, 0x00, 0x00, 0x00, 0x00, 0x00, 0x00, 0x00, 0x00, 0x00,
    0x00, 0x00, 0x00, 0x00, 0x00, 0x00, 0x00, 0x00, 0x00, 0x00, 0x00, 0x00, 0x00, 0x00, 0x00, 0x00,
    0x00, 0x00, 0x00, 0x00, 0x00, 0x00, 0x00, 0x00, 0x00, 0x00, 0x00, 0x00, 0x00, 0x00, 0x00, 0x00,
    0x00, 0x00, 0x00, 0x00, 0x00, 0x00, 0x00, 0x00, 0x00, 0x00, 0x00, 0x00, 0x00, 0x00, 0x00, 0x00,
    0x00, 0x00, 0x00, 0x00, 0x00, 0x00, 0x00, 0x00, 0x00, 0x00, 0x00, 0x00, 0x00, 0x00, 0x00, 0x00,
    0x00, 0x00, 0x00, 0x00, 0x00, 0x00, 0x00, 0x00, 0x00, 0x00, 0x00, 0x00, 0x00, 0x00, 0x00, 0x00,
    0x00, 0x00, 0x00, 0x00, 0x00, 0x00, 0x00, 0x00, 0x00, 0x00, 0x00, 0x00, 0x00, 0x00, 0x00, 0x00,
    0x00, 0x00, 0x00, 0x00, 0x00, 0x00, 0x00, 0x00, 0x00, 0x00, 0x00, 0x00, 0x00, 0x00, 0x00, 0x00,
    0x00, 0x00, 0x00, 0x00, 0x00, 0x00, 0x00, 0x00, 0x00, 0x00, 0x00, 0x00, 0x00, 0x00, 0x00, 0x00,
    0x00, 0x00, 0x00, 0x00, 0x00, 0x00, 0x00, 0x00, 0x00, 0x00, 0x00, 0x00, 0x00, 0x00, 0x00, 0x00,
    0x00, 0x00, 0x00, 0x00, 0x00, 0x00, 0x00, 0x00, 0x00, 0x00, 0x00, 0x00, 0x00, 0x00, 0x00, 0x00,
    0x00, 0x00, 0x00, 0x00, 0x00, 0x00, 0x00, 0x00, 0x00, 0x00, 0x00, 0x00, 0x00, 0x00, 0x00, 0x00,
    0x00, 0x00, 0x00, 0x00, 0x00, 0x00, 0x00, 0x00, 0x00, 0x00, 0x00, 0x00, 0x00, 0x00, 0x00, 0x00,
    0x00, 0x00, 0x00, 0x00, 0x00, 0x00, 0x00, 0x00, 0x00, 0x00, 0x00, 0x00, 0x00, 0x00, 0x00, 0x00,
    0x00, 0x00, 0x00, 0x00, 0x00, 0x00, 0x00, 0x00, 0x00, 0x00, 0x00, 0x00, 0x00, 0x00, 0x00, 0x00,
    0x00, 0x00, 0x00, 0x00, 0x00, 0x00, 0x00, 0x00, 0x00, 0x00, 0x00, 0x00, 0x00, 0x00, 0x00, 0x00,
    0x00, 0x00, 0x00, 0x00, 0x00, 0x00, 0x00, 0x00, 0x00, 0x00, 0x00, 0x00, 0x00, 0x00, 0x00, 0x00,
    0x00, 0x00, 0x00, 0x00, 0x00, 0x00, 0x00, 0x00, 0x00, 0x00, 0x00, 0x00, 0x00, 0x00, 0x00, 0x00,
    0x00, 0x00, 0x00, 0x00, 0x00, 0x00, 0x00, 0x00, 0x00, 0x00, 0x00, 0x00, 0x00, 0x00, 0x00, 0x00,
    0x00, 0x00, 0x00, 0x00, 0x00, 0x00, 0x00, 0x00, 0x00, 0x00, 0x00, 0x00, 0x00, 0x00, 0x00, 0x00,
    0x00, 0x00, 0x00, 0x00, 0x00, 0x00, 0x00, 0x00, 0x00, 0x00, 0x00, 0x00, 0x00, 0x00, 0x00, 0x00,
    0x00, 0x00, 0x00, 0x00, 0x00, 0x00, 0x00, 0x00, 0x00, 0x00, 0x00, 0x00, 0x00, 0x00, 0x00, 0x00,
    0x00, 0x00, 0x00, 0x00, 0x00, 0x00, 0x00, 0x00, 0x00, 0x00, 0x00, 0x00, 0x00, 0x00, 0x00, 0x00,
    0x00, 0x00, 0x00, 0x00, 0x00, 0x00, 0x00, 0x00, 0x00, 0x00, 0x00, 0x00, 0x00, 0x00, 0x00, 0x00,
    0x00, 0x00, 0x00, 0x00, 0x00, 0x00, 0x00, 0x00, 0x00, 0x00, 0x00, 0x00, 0x00, 0x00, 0x00, 0x00,
    0x00, 0x00, 0x00, 0x00, 0x00, 0x00, 0x00, 0x00, 0x00, 0x00, 0x00, 0x00, 0x00, 0x00, 0x00, 0x00,
    0x00, 0x00, 0x00, 0x00, 0x00, 0x00, 0x00, 0x00, 0x00, 0x00, 0x00, 0x00, 0x00, 0x00, 0x00, 0x00,
    0x00, 0x00, 0x00, 0x00, 0x00, 0x00, 0x00, 0x00, 0x00, 0x00, 0x00, 0x00, 0x00, 0x00, 0x00, 0x00,
    0x00, 0x00, 0x00, 0x00, 0x00, 0x00, 0x00, 0x00, 0x00, 0x00, 0x00, 0x00, 0x00, 0x00, 0x00, 0x00,
    0x00, 0x00, 0x00, 0x00, 0x00, 0x00, 0x00, 0x00, 0x00, 0x00, 0x00, 0x00, 0x00, 0x00, 0x00, 0x00,
    0x00, 0x00, 0x00, 0x00, 0x00, 0x00, 0x00, 0x00, 0x00, 0x00, 0x00, 0x00, 0x00, 0x00, 0x00, 0x00,
    0x00, 0x00, 0x00, 0x00, 0x00, 0x00, 0x00, 0x00, 0x00, 0x00, 0x00, 0x00, 0x00, 0x00, 0x00, 0x00,
    0x00, 0x00, 0x00, 0x00, 0x00, 0x00, 0x00, 0x00, 0x00, 0x00, 0x00, 0x00, 0x00, 0x00, 0x00, 0x00,
    0x00, 0x00, 0x00, 0x00, 0x00, 0x00, 0x00, 0x00, 0x00, 0x00, 0x00, 0x00, 0x00, 0x00, 0x00, 0x00,
    0x00, 0x00, 0x00, 0x00, 0x00, 0x00, 0x00, 0x00, 0x00, 0x00, 0x00, 0x00, 0x00, 0x00, 0x00, 0x00,
    0x00, 0x00, 0x00, 0x00, 0x00, 0x00, 0x00, 0x00, 0x00, 0x00, 0x00, 0x00, 0x00, 0x00, 0x00, 0x00,
    0x00, 0x00, 0x00, 0x00, 0x00, 0x00, 0x00, 0x00, 0x00, 0x00, 0x00, 0x00, 0x00, 0x00, 0x00, 0x00,
    0x00, 0x00, 0x00, 0x00, 0x00, 0x00, 0x00, 0x00, 0x00, 0x00, 0x00, 0x00, 0x00, 0x00, 0x00, 0x00,
    0x00, 0x00, 0x00, 0x00, 0x00, 0x00, 0x00, 0x00, 0x00, 0x00, 0x00, 0x00, 0x00, 0x00, 0x00, 0x00,
    0x00, 0x00, 0x00, 0x00, 0x00, 0x00, 0x00, 0x00, 0x00, 0x00, 0x00, 0x00, 0x00, 0x00, 0x00, 0x00,
    0x00, 0x00, 0x00, 0x00, 0x00, 0x00, 0x00, 0x00, 0x00, 0x00, 0x00, 0x00, 0x00, 0x00, 0x00, 0x00,
    0x00, 0x00, 0x00, 0x00, 0x00, 0x00, 0x00, 0x00, 0x00, 0x00, 0x00, 0x00, 0x00, 0x00, 0x00, 0x00,
    0x00, 0x00, 0x00, 0x00, 0x00, 0x00, 0x00, 0x00, 0x00, 0x00, 0x00, 0x00, 0x00, 0x00, 0x00, 0x00,
    0x00, 0x00, 0x00, 0x00, 0x00, 0x00, 0x00, 0x00, 0x00, 0x00, 0x00, 0x00, 0x00, 0x00, 0x00, 0x00,
    0x00, 0x00, 0x00, 0x00, 0x00, 0x00, 0x00, 0x00, 0x00, 0x00, 0x00, 0x00, 0x00, 0x00, 0x00, 0x00,
    0x00, 0x00, 0x00, 0x00, 0x00, 0x00, 0x00, 0x00, 0x00, 0x00, 0x00, 0x00, 0x00, 0x00, 0x00, 0x00,
    0x00, 0x00, 0x00, 0x00, 0x00, 0x00, 0x00, 0x00, 0x00, 0x00, 0x00, 0x00, 0x00, 0x00, 0x00, 0x00,
    0x00, 0x00, 0x00, 0x00, 0x00, 0x00, 0x00, 0x00, 0x00, 0x00, 0x00, 0x00, 0x00, 0x00, 0x00, 0x00,
    0x00, 0x00, 0x00, 0x00, 0x00, 0x00, 0x00, 0x00, 0x00, 0x00, 0x00, 0x00, 0x00, 0x00, 0x00, 0x00,
    0x00, 0x00, 0x00, 0x00, 0x00, 0x00, 0x00, 0x00, 0x00, 0x00, 0x00, 0x00, 0x00, 0x00, 0x00, 0x00,
    0x00, 0x00, 0x00, 0x00, 0x00, 0x00, 0x00, 0x00, 0x00, 0x00, 0x00, 0x00, 0x00, 0x00, 0x00, 0x00,
    0x00, 0x00, 0x00, 0x00, 0x00, 0x00, 0x00, 0x00, 0x00, 0x00, 0x00, 0x00, 0x00, 0x00, 0x00, 0x00,
    0x00, 0x00, 0x00, 0x00, 0x00, 0x00, 0x00, 0x00, 0x00, 0x00, 0x00, 0x00, 0x00, 0x00, 0x00, 0x00,
    0x00, 0x00, 0x00, 0x00, 0x00, 0x00, 0x00, 0x00, 0x00, 0x00, 0x00, 0x00, 0x00, 0x00, 0x00, 0x00,
    0x00, 0x00, 0x00, 0x00, 0x00, 0x00, 0x00, 0x00, 0x00, 0x00, 0x00, 0x00, 0x00, 0x00, 0x00, 0x00,
    0x00, 0x00, 0x00, 0x00, 0x00, 0x00, 0x00, 0x00, 0x00, 0x00, 0x00, 0x00, 0x00, 0x00, 0x00, 0x00,
    0x00, 0x00, 0x00, 0x00, 0x00, 0x00, 0x00, 0x00, 0x00, 0x00, 0x00, 0x00, 0x00, 0x00, 0x00, 0x00,
    0x00, 0x00, 0x00, 0x00, 0x00, 0x00, 0x00, 0x00, 0x00, 0x00, 0x00, 0x00, 0x00, 0x00, 0x00, 0x00,
    0x00, 0x00, 0x00, 0x00, 0x00, 0x00, 0x00, 0x00, 0x00, 0x00, 0x00, 0x00, 0x00, 0x00, 0x00, 0x00,
    0x00, 0x00, 0x00, 0x00, 0x00, 0x00, 0x00, 0x00, 0x00, 0x00, 0x00, 0x00, 0x00, 0x00, 0x00, 0x00,
    0x00, 0x00, 0x00, 0x00, 0x00, 0x00, 0x00, 0x00, 0x00, 0x00, 0x00, 0x00, 0x00, 0x00, 0x00, 0x00,
    0x00, 0x00, 0x00, 0x00, 0x00, 0x00, 0x00, 0x00, 0x00, 0x00, 0x00, 0x00, 0x00, 0x00, 0x00, 0x00,
    0x00, 0x00, 0x00, 0x00, 0x00, 0x00, 0x00, 0x00, 0x00, 0x00, 0x00, 0x00, 0x00, 0x00, 0x00, 0x00,
    0x00, 0x00, 0x00, 0x00, 0x00, 0x00, 0x00, 0x00, 0x00, 0x00, 0x00, 0x00, 0x00, 0x00, 0x00, 0x00,
    0x00, 0x00, 0x00, 0x00, 0x00, 0x00, 0x00, 0x00, 0x00, 0x00, 0x00, 0x00, 0x00, 0x00, 0x00, 0x00,
    0x00, 0x00, 0x00, 0x00, 0x00, 0x00, 0x00, 0x00, 0x00, 0x00, 0x00, 0x00, 0x00, 0x00, 0x00, 0x00,
    0x00, 0x00, 0x00, 0x00, 0x00, 0x00, 0x00, 0x00, 0x00, 0x00, 0x00, 0x00, 0x00, 0x00, 0x00, 0x00,
    0x00, 0x00, 0x00, 0x00, 0x00, 0x00, 0x00, 0x00, 0x00, 0x00, 0x00, 0x00, 0x00, 0x00, 0x00, 0x00,
    0x00, 0x00, 0x00, 0x00, 0x00, 0x00, 0x00, 0x00, 0x00, 0x00, 0x00, 0x00, 0x00, 0x00, 0x00, 0x00,
    0x00, 0x00, 0x00, 0x00, 0x00, 0x00, 0x00, 0x00, 0x00, 0x00, 0x00, 0x00, 0x00, 0x00, 0x00, 0x00,
    0x00, 0x00, 0x00, 0x00, 0x00, 0x00, 0x00, 0x00, 0x00, 0x00, 0x00, 0x00, 0x00, 0x00, 0x00, 0x00,
    0x00, 0x00, 0x00, 0x00, 0x00, 0x00, 0x00, 0x00, 0x00, 0x00, 0x00, 0x00, 0x00, 0x00, 0x00, 0x00,
    0x00, 0x00, 0x00, 0x00, 0x00, 0x00, 0x00, 0x00, 0x00, 0x00, 0x00, 0x00, 0x00, 0x00, 0x00, 0x00,
    0x00, 0x00, 0x00, 0x00, 0x00, 0x00, 0x00, 0x00, 0x00, 0x00, 0x00, 0x00, 0x00, 0x00, 0x00, 0x00,
    0x00, 0x00, 0x00, 0x00, 0x00, 0x00, 0x00, 0x00, 0x00, 0x00, 0x00, 0x00, 0x00, 0x00, 0x00, 0x00,
    0x00, 0x00, 0x00, 0x00, 0x00, 0x00, 0x00, 0x00, 0x00, 0x00, 0x00, 0x00, 0x00, 0x00, 0x00, 0x00,
    0x00, 0x00, 0x00, 0x00, 0x00, 0x00, 0x00, 0x00, 0x00, 0x00, 0x00, 0x00, 0x00, 0x00, 0x00, 0x00,
    0x00, 0x00, 0x00, 0x00, 0x00, 0x00, 0x00, 0x00, 0x00, 0x00, 0x00, 0x00, 0x00, 0x00, 0x00, 0x00,
    0x00, 0x00, 0x00, 0x00, 0x00, 0x00, 0x00, 0x00, 0x00, 0x00, 0x00, 0x00, 0x00, 0x00, 0x00, 0x00,
    0x00, 0x00, 0x00, 0x00, 0x00, 0x00, 0x00, 0x00, 0x00, 0x00, 0x00, 0x00, 0x00, 0x00, 0x00, 0x00,
    0x00, 0x00, 0x00, 0x00, 0x00, 0x00, 0x00, 0x00, 0x00, 0x00, 0x00, 0x00, 0x00, 0x00, 0x00, 0x00,
    0x00, 0x00, 0x00, 0x00, 0x00, 0x00, 0x00, 0x00, 0x00, 0x00, 0x00, 0x00, 0x00, 0x00, 0x00, 0x00,
    0x00, 0x00, 0x00, 0x00, 0x00, 0x00, 0x00, 0x00, 0x00, 0x00, 0x00, 0x00, 0x00, 0x00, 0x00, 0x00,
    0x00, 0x00, 0x00, 0x00, 0x00, 0x00, 0x00, 0x00, 0x00, 0x00, 0x00, 0x00, 0x00, 0x00, 0x00, 0x00,
    0x00, 0x00, 0x00, 0x00, 0x00, 0x00, 0x00, 0x00, 0x00, 0x00, 0x00, 0x00, 0x00, 0x00, 0x00, 0x00,
    0x00, 0x00, 0x00, 0x00, 0x00, 0x00, 0x00, 0x00, 0x00, 0x00, 0x00, 0x00, 0x00, 0x00, 0x00, 0x00,
    0x00, 0x00, 0x00, 0x00, 0x00, 0x00, 0x00, 0x00, 0x00, 0x00, 0x00, 0x00, 0x00, 0x00, 0x00, 0x00,
    0x00, 0x00, 0x00, 0x00, 0x00, 0x00, 0x00, 0x00, 0x00, 0x00, 0x00, 0x00, 0x00, 0x00, 0x00, 0x00,
    0x00, 0x00, 0x00, 0x00, 0x00, 0x00, 0x00, 0x00, 0x00, 0x00, 0x00, 0x00, 0x00, 0x00, 0x00, 0x00,
    0x00, 0x00, 0x00, 0x00, 0x00, 0x00, 0x00, 0x00, 0x00, 0x00, 0x00, 0x00, 0x00, 0x00, 0x00, 0x00,
    0x00, 0x00, 0x00, 0x00, 0x00, 0x00, 0x00, 0x00, 0x00, 0x00, 0x00, 0x00, 0x00, 0x00, 0x00, 0x00,
    0x00, 0x00, 0x00, 0x00, 0x00, 0x00, 0x00, 0x00, 0x00, 0x00, 0x00, 0x00, 0x00, 0x00, 0x00, 0x00,
    0x00, 0x00, 0x00, 0x00, 0x00, 0x00, 0x00, 0x00, 0x16, 0x03, 0x31, 0x01, 0x47, 0x61, 0x6d, 0x65,
    0x56, 0x69, 0x65, 0x77, 0x43, 0x6f, 0x6e, 0x74, 0x72, 0x6f, 0x6c, 0x6c, 0x65, 0x72, 0x11, 0x11,
    0x03, 0x27, 0x01, 0x50, 0x6c, 0x61, 0x79, 0x65, 0x72, 0x50, 0x72, 0x6f, 0x66, 0x69, 0x6c, 0x65,
    0x10, 0x10, 0x03, 0x25, 0x01, 0x50, 0x72, 0x6f, 0x67, 0x72, 0x61, 0x6d, 0x53, 0x74, 0x61, 0x74,
    0x65, 0x0f, 0x1b, 0x03, 0x3b, 0x01, 0x43, 0x68, 0x61, 0x72, 0x43, 0x6f, 0x6e, 0x74, 0x72, 0x6f,
    0x6c, 0x6c, 0x65, 0x72, 0x43, 0x6f, 0x6d, 0x70, 0x6f, 0x6e, 0x65, 0x6e, 0x74, 0x0e, 0x16, 0x03,
    0x31, 0x01, 0x50, 0x68, 0x79, 0x73, 0x69, 0x63, 0x73, 0x4f, 0x62, 0x6a, 0x65, 0x63, 0x74, 0x53,
    0x74, 0x61, 0x74, 0x65, 0x0d, 0x1a, 0x03, 0x39, 0x01, 0x4d, 0x6f, 0x6e, 0x73, 0x74, 0x65, 0x72,
    0x45, 0x6e, 0x74, 0x69, 0x74, 0x79, 0x43, 0x6f, 0x6d, 0x70, 0x6f, 0x6e, 0x65, 0x6e, 0x74, 0x0c,
    0x17, 0x03, 0x33, 0x01, 0x48, 0x65, 0x72, 0x6f, 0x45, 0x6e, 0x74, 0x69, 0x74, 0x79, 0x43, 0x6f,
    0x6d, 0x70, 0x6f, 0x6e, 0x65, 0x6e, 0x74, 0x0b, 0x13, 0x03, 0x2b, 0x01, 0x45, 0x6e, 0x74, 0x69,
    0x74, 0x79, 0x43, 0x6f, 0x6d, 0x70, 0x6f, 0x6e, 0x65, 0x6e, 0x74, 0x0a, 0x13, 0x03, 0x2b, 0x01,
    0x48, 0x65, 0x61, 0x6c, 0x74, 0x68, 0x43, 0x6f, 0x6d, 0x70, 0x6f, 0x6e, 0x65, 0x6e, 0x74, 0x09,
    0x0d, 0x03, 0x1f, 0x01, 0x43, 0x6f, 0x6d, 0x70, 0x6f, 0x6e, 0x65, 0x6e, 0x74, 0x08, 0x14, 0x03,
    0x2d, 0x01, 0x43, 0x61, 0x6d, 0x65, 0x72, 0x61, 0x43, 0x6f, 0x6e, 0x74, 0x72, 0x6f, 0x6c, 0x6c,
    0x65, 0x72, 0x07, 0x0a, 0x03, 0x19, 0x01, 0x43, 0x61, 0x6d, 0x65, 0x72, 0x61, 0x06, 0x09, 0x03,
    0x17, 0x01, 0x53, 0x63, 0x65, 0x6e, 0x65, 0x05, 0x0f, 0x03, 0x23, 0x01, 0x53, 0x63, 0x65, 0x6e,
    0x65, 0x4f, 0x62, 0x6a, 0x65, 0x63, 0x74, 0x04, 0x12, 0x03, 0x29, 0x01, 0x43, 0x68, 0x61, 0x72,
    0x61, 0x63, 0x74, 0x65, 0x72, 0x53, 0x74, 0x61, 0x74, 0x65, 0x03, 0x0d, 0x03, 0x1f, 0x01, 0x47,
    0x61, 0x6d, 0x65, 0x53, 0x74, 0x61, 0x74, 0x65, 0x02, 0x16, 0x03, 0x33, 0x09, 0x47, 0x61, 0x6d,
    0x65, 0x53, 0x63, 0x65, 0x6e, 0x65, 0x43, 0x6f, 0x6e, 0x74, 0x72, 0x6f, 0x6c, 0x6c, 0x65, 0x72,
    0x05, 0x00, 0x00, 0x00, 0x03, 0x0f, 0xf0, 0x00, 0x00, 0x00, 0x00, 0x17, 0x0f, 0xfb, 0x0f, 0xf6,
    0x0f, 0xf0, 0x00, 0x00, 0x00, 0x00, 0x00, 0x00, 0x00, 0x00, 0x00, 0x00, 0x00, 0x00, 0x00, 0x00,
    0x00, 0x00, 0x00, 0x00, 0x00, 0x00, 0x00, 0x00, 0x00, 0x00, 0x00, 0x00, 0x00, 0x00, 0x00, 0x00,
    0x00, 0x00, 0x00, 0x00, 0x00, 0x00, 0x00, 0x00, 0x00, 0x00, 0x00, 0x00, 0x00, 0x00, 0x00, 0x00,
    0x00, 0x00, 0x00, 0x00, 0x00, 0x00, 0x00, 0x00, 0x00, 0x00, 0x00, 0x00, 0x00, 0x00, 0x00, 0x00,
    0x00, 0x00, 0x00, 0x00, 0x00, 0x00, 0x00, 0x00, 0x00, 0x00, 0x00, 0x00, 0x00, 0x00, 0x00, 0x00,
    0x00, 0x00, 0x00, 0x00, 0x00, 0x00, 0x00, 0x00, 0x00, 0x00, 0x00, 0x00, 0x00, 0x00, 0x00, 0x00,
    0x00, 0x00, 0x00, 0x00, 0x00, 0x00, 0x00, 0x00, 0x00, 0x00, 0x00, 0x00, 0x00, 0x00, 0x00, 0x00,
    0x00, 0x00, 0x00, 0x00, 0x00, 0x00, 0x00, 0x00, 0x00, 0x00, 0x00, 0x00, 0x00, 0x00, 0x00, 0x00,
    0x00, 0x00, 0x00, 0x00, 0x00, 0x00, 0x00, 0x00, 0x00, 0x00, 0x00, 0x00, 0x00, 0x00, 0x00, 0x00,
    0x00, 0x00, 0x00, 0x00, 0x00, 0x00, 0x00, 0x00, 0x00, 0x00, 0x00, 0x00, 0x00, 0x00, 0x00, 0x00,
    0x00, 0x00, 0x00, 0x00, 0x00, 0x00, 0x00, 0x00, 0x00, 0x00, 0x00, 0x00, 0x00, 0x00, 0x00, 0x00,
    0x00, 0x00, 0x00, 0x00, 0x00, 0x00, 0x00, 0x00, 0x00, 0x00, 0x00, 0x00, 0x00, 0x00, 0x00, 0x00,
    0x00, 0x00, 0x00, 0x00, 0x00, 0x00, 0x00, 0x00, 0x00, 0x00, 0x00, 0x00, 0x00, 0x00, 0x00, 0x00,
    0x00, 0x00, 0x00, 0x00, 0x00, 0x00, 0x00, 0x00, 0x00, 0x00, 0x00, 0x00, 0x00, 0x00, 0x00, 0x00,
    0x00, 0x00, 0x00, 0x00, 0x00, 0x00, 0x00, 0x00, 0x00, 0x00, 0x00, 0x00, 0x00, 0x00, 0x00, 0x00,
    0x00, 0x00, 0x00, 0x00, 0x00, 0x00, 0x00, 0x00, 0x00, 0x00, 0x00, 0x00, 0x00, 0x00, 0x00, 0x00,
    0x00, 0x00, 0x00, 0x00, 0x00, 0x00, 0x00, 0x00, 0x00, 0x00, 0x00, 0x00, 0x00, 0x00, 0x00, 0x00,
    0x00, 0x00, 0x00, 0x00, 0x00, 0x00, 0x00, 0x00, 0x00, 0x00, 0x00, 0x00, 0x00, 0x00, 0x00, 0x00,
    0x00, 0x00, 0x00, 0x00, 0x00, 0x00, 0x00, 0x00, 0x00, 0x00, 0x00, 0x00, 0x00, 0x00, 0x00, 0x00,
    0x00, 0x00, 0x00, 0x00, 0x00, 0x00, 0x00, 0x00, 0x00, 0x00, 0x00, 0x00, 0x00, 0x00, 0x00, 0x00,
    0x00, 0x00, 0x00, 0x00, 0x00, 0x00, 0x00, 0x00, 0x00, 0x00, 0x00, 0x00, 0x00, 0x00, 0x00, 0x00,
    0x00, 0x00, 0x00, 0x00, 0x00, 0x00, 0x00, 0x00, 0x00, 0x00, 0x00, 0x00, 0x00, 0x00, 0x00, 0x00,
    0x00, 0x00, 0x00, 0x00, 0x00, 0x00, 0x00, 0x00, 0x00, 0x00, 0x00, 0x00, 0x00, 0x00, 0x00, 0x00,
    0x00, 0x00, 0x00, 0x00, 0x00, 0x00, 0x00, 0x00, 0x00, 0x00, 0x00, 0x00, 0x00, 0x00, 0x00, 0x00,
    0x00, 0x00, 0x00, 0x00, 0x00, 0x00, 0x00, 0x00, 0x00, 0x00, 0x00, 0x00, 0x00, 0x00, 0x00, 0x00,
    0x00, 0x00, 0x00, 0x00, 0x00, 0x00, 0x00, 0x00, 0x00, 0x00, 0x00, 0x00, 0x00, 0x00, 0x00, 0x00,
    0x00, 0x00, 0x00, 0x00, 0x00, 0x00, 0x00, 0x00, 0x00, 0x00, 0x00, 0x00, 0x00, 0x00, 0x00, 0x00,
    0x00, 0x00, 0x00, 0x00, 0x00, 0x00, 0x00, 0x00, 0x00, 0x00, 0x00, 0x00, 0x00, 0x00, 0x00, 0x00,
    0x00, 0x00, 0x00, 0x00, 0x00, 0x00, 0x00, 0x00, 0x00, 0x00, 0x00, 0x00, 0x00, 0x00, 0x00, 0x00,
    0x00, 0x00, 0x00, 0x00, 0x00, 0x00, 0x00, 0x00, 0x00, 0x00, 0x00, 0x00, 0x00, 0x00, 0x00, 0x00,
    0x00, 0x00, 0x00, 0x00, 0x00, 0x00, 0x00, 0x00, 0x00, 0x00, 0x00, 0x00, 0x00, 0x00, 0x00, 0x00,
    0x00, 0x00, 0x00, 0x00, 0x00, 0x00, 0x00, 0x00, 0x00, 0x00, 0x00, 0x00, 0x00, 0x00, 0x00, 0x00,
    0x00, 0x00, 0x00, 0x00, 0x00, 0x00, 0x00, 0x00, 0x00, 0x00, 0x00, 0x00, 0x00, 0x00, 0x00, 0x00,
    0x00, 0x00, 0x00, 0x00, 0x00, 0x00, 0x00, 0x00, 0x00, 0x00, 0x00, 0x00, 0x00, 0x00, 0x00, 0x00,
    0x00, 0x00, 0x00, 0x00, 0x00, 0x00, 0x00, 0x00, 0x00, 0x00, 0x00, 0x00, 0x00, 0x00, 0x00, 0x00,
    0x00, 0x00, 0x00, 0x00, 0x00, 0x00, 0x00, 0x00, 0x00, 0x00, 0x00, 0x00, 0x00, 0x00, 0x00, 0x00,
    0x00, 0x00, 0x00, 0x00, 0x00, 0x00, 0x00, 0x00, 0x00, 0x00, 0x00, 0x00, 0x00, 0x00, 0x00, 0x00,
    0x00, 0x00, 0x00, 0x00, 0x00, 0x00, 0x00, 0x00, 0x00, 0x00, 0x00, 0x00, 0x00, 0x00, 0x00, 0x00,
    0x00, 0x00, 0x00, 0x00, 0x00, 0x00, 0x00, 0x00, 0x00, 0x00, 0x00, 0x00, 0x00, 0x00, 0x00, 0x00,
    0x00, 0x00, 0x00, 0x00, 0x00, 0x00, 0x00, 0x00, 0x00, 0x00, 0x00, 0x00, 0x00, 0x00, 0x00, 0x00,
    0x00, 0x00, 0x00, 0x00, 0x00, 0x00, 0x00, 0x00, 0x00, 0x00, 0x00, 0x00, 0x00, 0x00, 0x00, 0x00,
    0x00, 0x00, 0x00, 0x00, 0x00, 0x00, 0x00, 0x00, 0x00, 0x00, 0x00, 0x00, 0x00, 0x00, 0x00, 0x00,
    0x00, 0x00, 0x00, 0x00, 0x00, 0x00, 0x00, 0x00, 0x00, 0x00, 0x00, 0x00, 0x00, 0x00, 0x00, 0x00,
    0x00, 0x00, 0x00, 0x00, 0x00, 0x00, 0x00, 0x00, 0x00, 0x00, 0x00, 0x00, 0x00, 0x00, 0x00, 0x00,
    0x00, 0x00, 0x00, 0x00, 0x00, 0x00, 0x00, 0x00, 0x00, 0x00, 0x00, 0x00, 0x00, 0x00, 0x00, 0x00,
    0x00, 0x00, 0x00, 0x00, 0x00, 0x00, 0x00, 0x00, 0x00, 0x00, 0x00, 0x00, 0x00, 0x00, 0x00, 0x00,
    0x00, 0x00, 0x00, 0x00, 0x00, 0x00, 0x00, 0x00, 0x00, 0x00, 0x00, 0x00, 0x00, 0x00, 0x00, 0x00,
    0x00, 0x00, 0x00, 0x00, 0x00, 0x00, 0x00, 0x00, 0x00, 0x00, 0x00, 0x00, 0x00, 0x00, 0x00, 0x00,
    0x00, 0x00, 0x00, 0x00, 0x00, 0x00, 0x00, 0x00, 0x00, 0x00, 0x00, 0x00, 0x00, 0x00, 0x00, 0x00,
    0x00, 0x00, 0x00, 0x00, 0x00, 0x00, 0x00, 0x00, 0x00, 0x00, 0x00, 0x00, 0x00, 0x00, 0x00, 0x00,
    0x00, 0x00, 0x00, 0x00, 0x00, 0x00, 0x00, 0x00, 0x00, 0x00, 0x00, 0x00, 0x00, 0x00, 0x00, 0x00,
    0x00, 0x00, 0x00, 0x00, 0x00, 0x00, 0x00, 0x00, 0x00, 0x00, 0x00, 0x00, 0x00, 0x00, 0x00, 0x00,
    0x00, 0x00, 0x00, 0x00, 0x00, 0x00, 0x00, 0x00, 0x00, 0x00, 0x00, 0x00, 0x00, 0x00, 0x00, 0x00,
    0x00, 0x00, 0x00, 0x00, 0x00, 0x00, 0x00, 0x00, 0x00, 0x00, 0x00, 0x00, 0x00, 0x00, 0x00, 0x00,
    0x00, 0x00, 0x00, 0x00, 0x00, 0x00, 0x00, 0x00, 0x00, 0x00, 0x00, 0x00, 0x00, 0x00, 0x00, 0x00,
    0x00, 0x00, 0x00, 0x00, 0x00, 0x00, 0x00, 0x00, 0x00, 0x00, 0x00, 0x00, 0x00, 0x00, 0x00, 0x00,
    0x00, 0x00, 0x00, 0x00, 0x00, 0x00, 0x00, 0x00, 0x00, 0x00, 0x00, 0x00, 0x00, 0x00, 0x00, 0x00,
    0x00, 0x00, 0x00, 0x00, 0x00, 0x00, 0x00, 0x00, 0x00, 0x00, 0x00, 0x00, 0x00, 0x00, 0x00, 0x00,
    0x00, 0x00, 0x00, 0x00, 0x00, 0x00, 0x00, 0x00, 0x00, 0x00, 0x00, 0x00, 0x00, 0x00, 0x00, 0x00,
    0x00, 0x00, 0x00, 0x00, 0x00, 0x00, 0x00, 0x00, 0x00, 0x00, 0x00, 0x00, 0x00, 0x00, 0x00, 0x00,
    0x00, 0x00, 0x00, 0x00, 0x00, 0x00, 0x00, 0x00, 0x00, 0x00, 0x00, 0x00, 0x00, 0x00, 0x00, 0x00,
    0x00, 0x00, 0x00, 0x00, 0x00, 0x00, 0x00, 0x00, 0x00, 0x00, 0x00, 0x00, 0x00, 0x00, 0x00, 0x00,
    0x00, 0x00, 0x00, 0x00, 0x00, 0x00, 0x00, 0x00, 0x00, 0x00, 0x00, 0x00, 0x00, 0x00, 0x00, 0x00,
    0x00, 0x00, 0x00, 0x00, 0x00, 0x00, 0x00, 0x00, 0x00, 0x00, 0x00, 0x00, 0x00, 0x00, 0x00, 0x00,
    0x00, 0x00, 0x00, 0x00, 0x00, 0x00, 0x00, 0x00, 0x00, 0x00, 0x00, 0x00, 0x00, 0x00, 0x00, 0x00,
    0x00, 0x00, 0x00, 0x00, 0x00, 0x00, 0x00, 0x00, 0x00, 0x00, 0x00, 0x00, 0x00, 0x00, 0x00, 0x00,
    0x00, 0x00, 0x00, 0x00, 0x00, 0x00, 0x00, 0x00, 0x00, 0x00, 0x00, 0x00, 0x00, 0x00, 0x00, 0x00,
    0x00, 0x00, 0x00, 0x00, 0x00, 0x00, 0x00, 0x00, 0x00, 0x00, 0x00, 0x00, 0x00, 0x00, 0x00, 0x00,
    0x00, 0x00, 0x00, 0x00, 0x00, 0x00, 0x00, 0x00, 0x00, 0x00, 0x00, 0x00, 0x00, 0x00, 0x00, 0x00,
    0x00, 0x00, 0x00, 0x00, 0x00, 0x00, 0x00, 0x00, 0x00, 0x00, 0x00, 0x00, 0x00, 0x00, 0x00, 0x00,
    0x00, 0x00, 0x00, 0x00, 0x00, 0x00, 0x00, 0x00, 0x00, 0x00, 0x00, 0x00, 0x00, 0x00, 0x00, 0x00,
    0x00, 0x00, 0x00, 0x00, 0x00, 0x00, 0x00, 0x00, 0x00, 0x00, 0x00, 0x00, 0x00, 0x00, 0x00, 0x00,
    0x00, 0x00, 0x00, 0x00, 0x00, 0x00, 0x00, 0x00, 0x00, 0x00, 0x00, 0x00, 0x00, 0x00, 0x00, 0x00,
    0x00, 0x00, 0x00, 0x00, 0x00, 0x00, 0x00, 0x00, 0x00, 0x00, 0x00, 0x00, 0x00, 0x00, 0x00, 0x00,
    0x00, 0x00, 0x00, 0x00, 0x00, 0x00, 0x00, 0x00, 0x00, 0x00, 0x00, 0x00, 0x00, 0x00, 0x00, 0x00,
    0x00, 0x00, 0x00, 0x00, 0x00, 0x00, 0x00, 0x00, 0x00, 0x00, 0x00, 0x00, 0x00, 0x00, 0x00, 0x00,
    0x00, 0x00, 0x00, 0x00, 0x00, 0x00, 0x00, 0x00, 0x00, 0x00, 0x00, 0x00, 0x00, 0x00, 0x00, 0x00,
    0x00, 0x00, 0x00, 0x00, 0x00, 0x00, 0x00, 0x00, 0x00, 0x00, 0x00, 0x00, 0x00, 0x00, 0x00, 0x00,
    0x00, 0x00, 0x00, 0x00, 0x00, 0x00, 0x00, 0x00, 0x00, 0x00, 0x00, 0x00, 0x00, 0x00, 0x00, 0x00,
    0x00, 0x00, 0x00, 0x00, 0x00, 0x00, 0x00, 0x00, 0x00, 0x00, 0x00, 0x00, 0x00, 0x00, 0x00, 0x00,
    0x00, 0x00, 0x00, 0x00, 0x00, 0x00, 0x00, 0x00, 0x00, 0x00, 0x00, 0x00, 0x00, 0x00, 0x00, 0x00,
    0x00, 0x00, 0x00, 0x00, 0x00, 0x00, 0x00, 0x00, 0x00, 0x00, 0x00, 0x00, 0x00, 0x00, 0x00, 0x00,
    0x00, 0x00, 0x00, 0x00, 0x00, 0x00, 0x00, 0x00, 0x00, 0x00, 0x00, 0x00, 0x00, 0x00, 0x00, 0x00,
    0x00, 0x00, 0x00, 0x00, 0x00, 0x00, 0x00, 0x00, 0x00, 0x00, 0x00, 0x00, 0x00, 0x00, 0x00, 0x00,
    0x00, 0x00, 0x00, 0x00, 0x00, 0x00, 0x00, 0x00, 0x00, 0x00, 0x00, 0x00, 0x00, 0x00, 0x00, 0x00,
    0x00, 0x00, 0x00, 0x00, 0x00, 0x00, 0x00, 0x00, 0x00, 0x00, 0x00, 0x00, 0x00, 0x00, 0x00, 0x00,
    0x00, 0x00, 0x00, 0x00, 0x00, 0x00, 0x00, 0x00, 0x00, 0x00, 0x00, 0x00, 0x00, 0x00, 0x00, 0x00,
    0x00, 0x00, 0x00, 0x00, 0x00, 0x00, 0x00, 0x00, 0x00, 0x00, 0x00, 0x00, 0x00, 0x00, 0x00, 0x00,
    0x00, 0x00, 0x00, 0x00, 0x00, 0x00, 0x00, 0x00, 0x00, 0x00, 0x00, 0x00, 0x00, 0x00, 0x00, 0x00,
    0x00, 0x00, 0x00, 0x00, 0x00, 0x00, 0x00, 0x00, 0x00, 0x00, 0x00, 0x00, 0x00, 0x00, 0x00, 0x00,
    0x00, 0x00, 0x00, 0x00, 0x00, 0x00, 0x00, 0x00, 0x00, 0x00, 0x00, 0x00, 0x00, 0x00, 0x00, 0x00,
    0x00, 0x00, 0x00, 0x00, 0x00, 0x00, 0x00, 0x00, 0x00, 0x00, 0x00, 0x00, 0x00, 0x00, 0x00, 0x00,
    0x00, 0x00, 0x00, 0x00, 0x00, 0x00, 0x00, 0x00, 0x00, 0x00, 0x00, 0x00, 0x00, 0x00, 0x00, 0x00,
    0x00, 0x00, 0x00, 0x00, 0x00, 0x00, 0x00, 0x00, 0x00, 0x00, 0x00, 0x00, 0x00, 0x00, 0x00, 0x00,
    0x00, 0x00, 0x00, 0x00, 0x00, 0x00, 0x00, 0x00, 0x00, 0x00, 0x00, 0x00, 0x00, 0x00, 0x00, 0x00,
    0x00, 0x00, 0x00, 0x00, 0x00, 0x00, 0x00, 0x00, 0x00, 0x00, 0x00, 0x00, 0x00, 0x00, 0x00, 0x00,
    0x00, 0x00, 0x00, 0x00, 0x00, 0x00, 0x00, 0x00, 0x00, 0x00, 0x00, 0x00, 0x00, 0x00, 0x00, 0x00,
    0x00, 0x00, 0x00, 0x00, 0x00, 0x00, 0x00, 0x00, 0x00, 0x00, 0x00, 0x00, 0x00, 0x00, 0x00, 0x00,
    0x00, 0x00, 0x00, 0x00, 0x00, 0x00, 0x00, 0x00, 0x00, 0x00, 0x00, 0x00, 0x00, 0x00, 0x00, 0x00,
    0x00, 0x00, 0x00, 0x00, 0x00, 0x00, 0x00, 0x00, 0x00, 0x00, 0x00, 0x00, 0x00, 0x00, 0x00, 0x00,
    0x00, 0x00, 0x00, 0x00, 0x00, 0x00, 0x00, 0x00, 0x00, 0x00, 0x00, 0x00, 0x00, 0x00, 0x00, 0x00,
    0x00, 0x00, 0x00, 0x00, 0x00, 0x00, 0x00, 0x00, 0x00, 0x00, 0x00, 0x00, 0x00, 0x00, 0x00, 0x00,
    0x00, 0x00, 0x00, 0x00, 0x00, 0x00, 0x00, 0x00, 0x00, 0x00, 0x00, 0x00, 0x00, 0x00, 0x00, 0x00,
    0x00, 0x00, 0x00, 0x00, 0x00, 0x00, 0x00, 0x00, 0x00, 0x00, 0x00, 0x00, 0x00, 0x00, 0x00, 0x00,
    0x00, 0x00, 0x00, 0x00, 0x00, 0x00, 0x00, 0x00, 0x00, 0x00, 0x00, 0x00, 0x00, 0x00, 0x00, 0x00,
    0x00, 0x00, 0x00, 0x00, 0x00, 0x00, 0x00, 0x00, 0x00, 0x00, 0x00, 0x00, 0x00, 0x00, 0x00, 0x00,
    0x00, 0x00, 0x00, 0x00, 0x00, 0x00, 0x00, 0x00, 0x00, 0x00, 0x00, 0x00, 0x00, 0x00, 0x00, 0x00,
    0x00, 0x00, 0x00, 0x00, 0x00, 0x00, 0x00, 0x00, 0x00, 0x00, 0x00, 0x00, 0x00, 0x00, 0x00, 0x00,
    0x00, 0x00, 0x00, 0x00, 0x00, 0x00, 0x00, 0x00, 0x00, 0x00, 0x00, 0x00, 0x00, 0x00, 0x00, 0x00,
    0x00, 0x00, 0x00, 0x00, 0x00, 0x00, 0x00, 0x00, 0x00, 0x00, 0x00, 0x00, 0x00, 0x00, 0x00, 0x00,
    0x00, 0x00, 0x00, 0x00, 0x00, 0x00, 0x00, 0x00, 0x00, 0x00, 0x00, 0x00, 0x00, 0x00, 0x00, 0x00,
    0x00, 0x00, 0x00, 0x00, 0x00, 0x00, 0x00, 0x00, 0x00, 0x00, 0x00, 0x00, 0x00, 0x00, 0x00, 0x00,
    0x00, 0x00, 0x00, 0x00, 0x00, 0x00, 0x00, 0x00, 0x00, 0x00, 0x00, 0x00, 0x00, 0x00, 0x00, 0x00,
    0x00, 0x00, 0x00, 0x00, 0x00, 0x00, 0x00, 0x00, 0x00, 0x00, 0x00, 0x00, 0x00, 0x00, 0x00, 0x00,
    0x00, 0x00, 0x00, 0x00, 0x00, 0x00, 0x00, 0x00, 0x00, 0x00, 0x00, 0x00, 0x00, 0x00, 0x00, 0x00,
    0x00, 0x00, 0x00, 0x00, 0x00, 0x00, 0x00, 0x00, 0x00, 0x00, 0x00, 0x00, 0x00, 0x00, 0x00, 0x00,
    0x00, 0x00, 0x00, 0x00, 0x00, 0x00, 0x00, 0x00, 0x00, 0x00, 0x00, 0x00, 0x00, 0x00, 0x00, 0x00,
    0x00, 0x00, 0x00, 0x00, 0x00, 0x00, 0x00, 0x00, 0x00, 0x00, 0x00, 0x00, 0x00, 0x00, 0x00, 0x00,
    0x00, 0x00, 0x00, 0x00, 0x00, 0x00, 0x00, 0x00, 0x00, 0x00, 0x00, 0x00, 0x00, 0x00, 0x00, 0x00,
    0x00, 0x00, 0x00, 0x00, 0x00, 0x00, 0x00, 0x00, 0x00, 0x00, 0x00, 0x00, 0x00, 0x00, 0x00, 0x00,
    0x00, 0x00, 0x00, 0x00, 0x00, 0x00, 0x00, 0x00, 0x00, 0x00, 0x00, 0x00, 0x00, 0x00, 0x00, 0x00,
    0x00, 0x00, 0x00, 0x00, 0x00, 0x00, 0x00, 0x00, 0x00, 0x00, 0x00, 0x00, 0x00, 0x00, 0x00, 0x00,
    0x00, 0x00, 0x00, 0x00, 0x00, 0x00, 0x00, 0x00, 0x00, 0x00, 0x00, 0x00, 0x00, 0x00, 0x00, 0x00,
    0x00, 0x00, 0x00, 0x00, 0x00, 0x00, 0x00, 0x00, 0x00, 0x00, 0x00, 0x00, 0x00, 0x00, 0x00, 0x00,
    0x00, 0x00, 0x00, 0x00, 0x00, 0x00, 0x00, 0x00, 0x00, 0x00, 0x00, 0x00, 0x00, 0x00, 0x00, 0x00,
    0x00, 0x00, 0x00, 0x00, 0x00, 0x00, 0x00, 0x00, 0x00, 0x00, 0x00, 0x00, 0x00, 0x00, 0x00, 0x00,
    0x00, 0x00, 0x00, 0x00, 0x00, 0x00, 0x00, 0x00, 0x00, 0x00, 0x00, 0x00, 0x00, 0x00, 0x00, 0x00,
    0x00, 0x00, 0x00, 0x00, 0x00, 0x00, 0x00, 0x00, 0x00, 0x00, 0x00, 0x00, 0x00, 0x00, 0x00, 0x00,
    0x00, 0x00, 0x00, 0x00, 0x00, 0x00, 0x00, 0x00, 0x00, 0x00, 0x00, 0x00, 0x00, 0x00, 0x00, 0x00,
    0x00, 0x00, 0x00, 0x00, 0x00, 0x00, 0x00, 0x00, 0x00, 0x00, 0x00, 0x00, 0x00, 0x00, 0x00, 0x00,
    0x00, 0x00, 0x00, 0x00, 0x00, 0x00, 0x00, 0x00, 0x00, 0x00, 0x00, 0x00, 0x00, 0x00, 0x00, 0x00,
    0x00, 0x00, 0x00, 0x00, 0x00, 0x00, 0x00, 0x00, 0x00, 0x00, 0x00, 0x00, 0x00, 0x00, 0x00, 0x00,
    0x00, 0x00, 0x00, 0x00, 0x00, 0x00, 0x00, 0x00, 0x00, 0x00, 0x00, 0x00, 0x00, 0x00, 0x00, 0x00,
    0x00, 0x00, 0x00, 0x00, 0x00, 0x00, 0x00, 0x00, 0x00, 0x00, 0x00, 0x00, 0x00, 0x00, 0x00, 0x00,
    0x00, 0x00, 0x00, 0x00, 0x00, 0x00, 0x00, 0x00, 0x00, 0x00, 0x00, 0x00, 0x00, 0x00, 0x00, 0x00,
    0x00, 0x00, 0x00, 0x00, 0x00, 0x00, 0x00, 0x00, 0x00, 0x00, 0x00, 0x00, 0x00, 0x00, 0x00, 0x00,
    0x00, 0x00, 0x00, 0x00, 0x00, 0x00, 0x00, 0x00, 0x00, 0x00, 0x00, 0x00, 0x00, 0x00, 0x00, 0x00,
    0x00, 0x00, 0x00, 0x00, 0x00, 0x00, 0x00, 0x00, 0x00, 0x00, 0x00, 0x00, 0x00, 0x00, 0x00, 0x00,
    0x00, 0x00, 0x00, 0x00, 0x00, 0x00, 0x00, 0x00, 0x00, 0x00, 0x00, 0x00, 0x00, 0x00, 0x00, 0x00,
    0x00, 0x00, 0x00, 0x00, 0x00, 0x00, 0x00, 0x00, 0x00, 0x00, 0x00, 0x00, 0x00, 0x00, 0x00, 0x00,
    0x00, 0x00, 0x00, 0x00, 0x00, 0x00, 0x00, 0x00, 0x00, 0x00, 0x00, 0x00, 0x00, 0x00, 0x00, 0x00,
    0x00, 0x00, 0x00, 0x00, 0x00, 0x00, 0x00, 0x00, 0x00, 0x00, 0x00, 0x00, 0x00, 0x00, 0x00, 0x00,
    0x00, 0x00, 0x00, 0x00, 0x00, 0x00, 0x00, 0x00, 0x00, 0x00, 0x00, 0x00, 0x00, 0x00, 0x00, 0x00,
    0x00, 0x00, 0x00, 0x00, 0x00, 0x00, 0x00, 0x00, 0x00, 0x00, 0x00, 0x00, 0x00, 0x00, 0x00, 0x00,
    0x00, 0x00, 0x00, 0x00, 0x00, 0x00, 0x00, 0x00, 0x00, 0x00, 0x00, 0x00, 0x00, 0x00, 0x00, 0x00,
    0x00, 0x00, 0x00, 0x00, 0x00, 0x00, 0x00, 0x00, 0x00, 0x00, 0x00, 0x00, 0x00, 0x00, 0x00, 0x00,
    0x00, 0x00, 0x00, 0x00, 0x00, 0x00, 0x00, 0x00, 0x00, 0x00, 0x00, 0x00, 0x00, 0x00, 0x00, 0x00,
    0x00, 0x00, 0x00, 0x00, 0x00, 0x00, 0x00, 0x00, 0x00, 0x00, 0x00, 0x00, 0x00, 0x00, 0x00, 0x00,
    0x00, 0x00, 0x00, 0x00, 0x00, 0x00, 0x00, 0x00, 0x00, 0x00, 0x00, 0x00, 0x00, 0x00, 0x00, 0x00,
    0x00, 0x00, 0x00, 0x00, 0x00, 0x00, 0x00, 0x00, 0x00, 0x00, 0x00, 0x00, 0x00, 0x00, 0x00, 0x00,
    0x00, 0x00, 0x00, 0x00, 0x00, 0x00, 0x00, 0x00, 0x00, 0x00, 0x00, 0x00, 0x00, 0x00, 0x00, 0x00,
    0x00, 0x00, 0x00, 0x00, 0x00, 0x00, 0x00, 0x00, 0x00, 0x00, 0x00, 0x00, 0x00, 0x00, 0x00, 0x00,
    0x00, 0x00, 0x00, 0x00, 0x00, 0x00, 0x00, 0x00, 0x00, 0x00, 0x00, 0x00, 0x00, 0x00, 0x00, 0x00,
    0x00, 0x00, 0x00, 0x00, 0x00, 0x00, 0x00, 0x00, 0x00, 0x00, 0x00, 0x00, 0x00, 0x00, 0x00, 0x00,
    0x00, 0x00, 0x00, 0x00, 0x00, 0x00, 0x00, 0x00, 0x00, 0x00, 0x00, 0x00, 0x00, 0x00, 0x00, 0x00,
    0x00, 0x00, 0x00, 0x00, 0x00, 0x00, 0x00, 0x00, 0x00, 0x00, 0x00, 0x00, 0x00, 0x00, 0x00, 0x00,
    0x00, 0x00, 0x00, 0x00, 0x00, 0x00, 0x00, 0x00, 0x00, 0x00, 0x00, 0x00, 0x00, 0x00, 0x00, 0x00,
    0x00, 0x00, 0x00, 0x00, 0x00, 0x00, 0x00, 0x00, 0x00, 0x00, 0x00, 0x00, 0x00, 0x00, 0x00, 0x00,
    0x00, 0x00, 0x00, 0x00, 0x00, 0x00, 0x00, 0x00, 0x00, 0x00, 0x00, 0x00, 0x00, 0x00, 0x00, 0x00,
    0x00, 0x00, 0x00, 0x00, 0x00, 0x00, 0x00, 0x00, 0x00, 0x00, 0x00, 0x00, 0x00, 0x00, 0x00, 0x00,
    0x00, 0x00, 0x00, 0x00, 0x00, 0x00, 0x00, 0x00, 0x00, 0x00, 0x00, 0x00, 0x00, 0x00, 0x00, 0x00,
    0x00, 0x00, 0x00, 0x00, 0x00, 0x00, 0x00, 0x00, 0x00, 0x00, 0x00, 0x00, 0x00, 0x00, 0x00, 0x00,
    0x00, 0x00, 0x00, 0x00, 0x00, 0x00, 0x00, 0x00, 0x00, 0x00, 0x00, 0x00, 0x00, 0x00, 0x00, 0x00,
    0x00, 0x00, 0x00, 0x00, 0x00, 0x00, 0x00, 0x00, 0x00, 0x00, 0x00, 0x00, 0x00, 0x00, 0x00, 0x00,
    0x00, 0x00, 0x00, 0x00, 0x00, 0x00, 0x00, 0x00, 0x00, 0x00, 0x00, 0x00, 0x00, 0x00, 0x00, 0x00,
    0x00, 0x00, 0x00, 0x00, 0x00, 0x00, 0x00, 0x00, 0x00, 0x00, 0x00, 0x00, 0x00, 0x00, 0x00, 0x00,
    0x00, 0x00, 0x00, 0x00, 0x00, 0x00, 0x00, 0x00, 0x00, 0x00, 0x00, 0x00, 0x00, 0x00, 0x00, 0x00,
    0x00, 0x00, 0x00, 0x00, 0x00, 0x00, 0x00, 0x00, 0x00, 0x00, 0x00, 0x00, 0x00, 0x00, 0x00, 0x00,
    0x00, 0x00, 0x00, 0x00, 0x00, 0x00, 0x00, 0x00, 0x00, 0x00, 0x00, 0x00, 0x00, 0x00, 0x00, 0x00,
    0x00, 0x00, 0x00, 0x00, 0x00, 0x00, 0x00, 0x00, 0x00, 0x00, 0x00, 0x00, 0x00, 0x00, 0x00, 0x00,
    0x00, 0x00, 0x00, 0x00, 0x00, 0x00, 0x00, 0x00, 0x00, 0x00, 0x00, 0x00, 0x00, 0x00, 0x00, 0x00,
    0x00, 0x00, 0x00, 0x00, 0x00, 0x00, 0x00, 0x00, 0x00, 0x00, 0x00, 0x00, 0x00, 0x00, 0x00, 0x00,
    0x00, 0x00, 0x00, 0x00, 0x00, 0x00, 0x00, 0x00, 0x00, 0x00, 0x00, 0x00, 0x00, 0x00, 0x00, 0x00,
    0x00, 0x00, 0x00, 0x00, 0x00, 0x00, 0x00, 0x00, 0x00, 0x00, 0x00, 0x00, 0x00, 0x00, 0x00, 0x00,
    0x00, 0x00, 0x00, 0x00, 0x00, 0x00, 0x00, 0x00, 0x00, 0x00, 0x00, 0x00, 0x00, 0x00, 0x00, 0x00,
    0x00, 0x00, 0x00, 0x00, 0x00, 0x00, 0x00, 0x00, 0x00, 0x00, 0x00, 0x00, 0x00, 0x00, 0x00, 0x00,
    0x00, 0x00, 0x00, 0x00, 0x00, 0x00, 0x00, 0x00, 0x00, 0x00, 0x00, 0x00, 0x00, 0x00, 0x00, 0x00,
    0x00, 0x00, 0x00, 0x00, 0x00, 0x00, 0x00, 0x00, 0x00, 0x00, 0x00, 0x00, 0x00, 0x00, 0x00, 0x00,
    0x00, 0x00, 0x00, 0x00, 0x00, 0x00, 0x00, 0x00, 0x00, 0x00, 0x00, 0x00, 0x00, 0x00, 0x00, 0x00,
    0x00, 0x00, 0x00, 0x00, 0x00, 0x00, 0x00, 0x00, 0x00, 0x00, 0x00, 0x00, 0x00, 0x00, 0x00, 0x00,
    0x00, 0x00, 0x00, 0x00, 0x00, 0x00, 0x00, 0x00, 0x00, 0x00, 0x00, 0x00, 0x00, 0x00, 0x00, 0x00,
    0x00, 0x00, 0x00, 0x00, 0x00, 0x00, 0x00, 0x00, 0x00, 0x00, 0x00, 0x00, 0x00, 0x00, 0x00, 0x00,
    0x00, 0x00, 0x00, 0x00, 0x00, 0x00, 0x00, 0x00, 0x00, 0x00, 0x00, 0x00, 0x00, 0x00, 0x00, 0x00,
    0x00, 0x00, 0x00, 0x00, 0x00, 0x00, 0x00, 0x00, 0x00, 0x00, 0x00, 0x00, 0x00, 0x00, 0x00, 0x00,
    0x00, 0x00, 0x00, 0x00, 0x00, 0x00, 0x00, 0x00, 0x00, 0x00, 0x00, 0x00, 0x00, 0x00, 0x00, 0x00,
    0x00, 0x00, 0x00, 0x00, 0x00, 0x00, 0x00, 0x00, 0x00, 0x00, 0x00, 0x00, 0x00, 0x00, 0x00, 0x00,
    0x00, 0x00, 0x00, 0x00, 0x00, 0x00, 0x00, 0x00, 0x00, 0x00, 0x00, 0x00, 0x00, 0x00, 0x00, 0x00,
    0x00, 0x00, 0x00, 0x00, 0x00, 0x00, 0x00, 0x00, 0x00, 0x00, 0x00, 0x00, 0x00, 0x00, 0x00, 0x00,
    0x00, 0x00, 0x00, 0x00, 0x00, 0x00, 0x00, 0x00, 0x00, 0x00, 0x00, 0x00, 0x00, 0x00, 0x00, 0x00,
    0x00, 0x00, 0x00, 0x00, 0x00, 0x00, 0x00, 0x00, 0x00, 0x00, 0x00, 0x00, 0x00, 0x00, 0x00, 0x00,
    0x00, 0x00, 0x00, 0x00, 0x00, 0x00, 0x00, 0x00, 0x00, 0x00, 0x00, 0x00, 0x00, 0x00, 0x00, 0x00,
    0x00, 0x00, 0x00, 0x00, 0x00, 0x00, 0x00, 0x00, 0x00, 0x00, 0x00, 0x00, 0x00, 0x00, 0x00, 0x00,
    0x00, 0x00, 0x00, 0x00, 0x00, 0x00, 0x00, 0x00, 0x00, 0x00, 0x00, 0x00, 0x00, 0x00, 0x00, 0x00,
    0x00, 0x00, 0x00, 0x00, 0x00, 0x00, 0x00, 0x00, 0x00, 0x00, 0x00, 0x00, 0x00, 0x00, 0x00, 0x00,
    0x00, 0x00, 0x00, 0x00, 0x00, 0x00, 0x00, 0x00, 0x00, 0x00, 0x00, 0x00, 0x00, 0x00, 0x00, 0x00,
    0x00, 0x00, 0x00, 0x00, 0x00, 0x00, 0x00, 0x00, 0x00, 0x00, 0x00, 0x00, 0x00, 0x00, 0x00, 0x00,
    0x00, 0x00, 0x00, 0x00, 0x00, 0x00, 0x00, 0x00, 0x00, 0x00, 0x00, 0x00, 0x00, 0x00, 0x00, 0x00,
    0x00, 0x00, 0x00, 0x00, 0x00, 0x00, 0x00, 0x00, 0x00, 0x00, 0x00, 0x00, 0x00, 0x00, 0x00, 0x00,
    0x00, 0x00, 0x00, 0x00, 0x00, 0x00, 0x00, 0x00, 0x00, 0x00, 0x00, 0x00, 0x00, 0x00, 0x00, 0x00,
    0x00, 0x00, 0x00, 0x00, 0x00, 0x00, 0x00, 0x00, 0x00, 0x00, 0x00, 0x00, 0x00, 0x00, 0x00, 0x00,
    0x00, 0x00, 0x00, 0x00, 0x00, 0x00, 0x00, 0x00, 0x00, 0x00, 0x00, 0x00, 0x00, 0x00, 0x00, 0x00,
    0x00, 0x00, 0x00, 0x00, 0x00, 0x00, 0x00, 0x00, 0x00, 0x00, 0x00, 0x00, 0x00, 0x00, 0x00, 0x00,
    0x00, 0x00, 0x00, 0x00, 0x00, 0x00, 0x00, 0x00, 0x00, 0x00, 0x00, 0x00, 0x00, 0x00, 0x00, 0x00,
    0x00, 0x00, 0x00, 0x00, 0x00, 0x00, 0x00, 0x00, 0x00, 0x00, 0x00, 0x00, 0x00, 0x00, 0x00, 0x00,
    0x00, 0x00, 0x00, 0x00, 0x00, 0x00, 0x00, 0x00, 0x00, 0x00, 0x00, 0x00, 0x00, 0x00, 0x00, 0x00,
    0x00, 0x00, 0x00, 0x00, 0x00, 0x00, 0x00, 0x00, 0x00, 0x00, 0x00, 0x00, 0x00, 0x00, 0x00, 0x00,
    0x00, 0x00, 0x00, 0x00, 0x00, 0x00, 0x00, 0x00, 0x00, 0x00, 0x00, 0x00, 0x00, 0x00, 0x00, 0x00,
    0x00, 0x00, 0x00, 0x00, 0x00, 0x00, 0x00, 0x00, 0x00, 0x00, 0x00, 0x00, 0x00, 0x00, 0x00, 0x00,
    0x00, 0x00, 0x00, 0x00, 0x00, 0x00, 0x00, 0x00, 0x00, 0x00, 0x00, 0x00, 0x00, 0x00, 0x00, 0x00,
    0x00, 0x00, 0x00, 0x00, 0x00, 0x00, 0x00, 0x00, 0x00, 0x00, 0x00, 0x00, 0x00, 0x00, 0x00, 0x00,
    0x00, 0x00, 0x00, 0x00, 0x00, 0x00, 0x00, 0x00, 0x00, 0x00, 0x00, 0x00, 0x00, 0x00, 0x00, 0x00,
    0x00, 0x00, 0x00, 0x00, 0x00, 0x00, 0x00, 0x00, 0x00, 0x00, 0x00, 0x00, 0x00, 0x00, 0x00, 0x00,
    0x00, 0x00, 0x00, 0x00, 0x00, 0x00, 0x00, 0x00, 0x00, 0x00, 0x00, 0x00, 0x00, 0x00, 0x00, 0x00,
    0x00, 0x00, 0x00, 0x00, 0x00, 0x00, 0x00, 0x00, 0x00, 0x00, 0x00, 0x00, 0x00, 0x00, 0x00, 0x00,
    0x00, 0x00, 0x00, 0x00, 0x00, 0x00, 0x00, 0x00, 0x00, 0x00, 0x00, 0x00, 0x00, 0x00, 0x00, 0x00,
    0x00, 0x00, 0x00, 0x00, 0x00, 0x00, 0x00, 0x00, 0x00, 0x00, 0x00, 0x00, 0x00, 0x00, 0x00, 0x00,
    0x00, 0x00, 0x00, 0x00, 0x00, 0x00, 0x00, 0x00, 0x00, 0x00, 0x00, 0x00, 0x00, 0x00, 0x00, 0x00,
    0x00, 0x00, 0x00, 0x00, 0x00, 0x00, 0x00, 0x00, 0x00, 0x00, 0x00, 0x00, 0x00, 0x00, 0x00, 0x00,
    0x00, 0x00, 0x00, 0x00, 0x00, 0x00, 0x00, 0x00, 0x00, 0x00, 0x00, 0x00, 0x00, 0x00, 0x00, 0x00,
    0x00, 0x00, 0x00, 0x00, 0x00, 0x00, 0x00, 0x00, 0x00, 0x00, 0x00, 0x00, 0x00, 0x00, 0x00, 0x00,
    0x00, 0x00, 0x00, 0x00, 0x00, 0x00, 0x00, 0x00, 0x00, 0x00, 0x00, 0x00, 0x00, 0x00, 0x00, 0x00,
    0x00, 0x00, 0x00, 0x00, 0x00, 0x00, 0x00, 0x00, 0x00, 0x00, 0x00, 0x00, 0x00, 0x00, 0x00, 0x00,
    0x00, 0x00, 0x00, 0x00, 0x00, 0x00, 0x00, 0x00, 0x00, 0x00, 0x00, 0x00, 0x00, 0x00, 0x00, 0x00,
    0x00, 0x00, 0x00, 0x00, 0x00, 0x00, 0x00, 0x00, 0x00, 0x00, 0x00, 0x00, 0x00, 0x00, 0x00, 0x00,
    0x00, 0x00, 0x00, 0x00, 0x00, 0x00, 0x00, 0x00, 0x00, 0x00, 0x00, 0x00, 0x00, 0x00, 0x00, 0x00,
    0x00, 0x00, 0x00, 0x00, 0x00, 0x00, 0x00, 0x00, 0x00, 0x00, 0x00, 0x00, 0x00, 0x00, 0x00, 0x00,
    0x00, 0x00, 0x00, 0x00, 0x00, 0x00, 0x00, 0x00, 0x00, 0x00, 0x00, 0x00, 0x00, 0x00, 0x00, 0x00,
    0x00, 0x00, 0x00, 0x00, 0x00, 0x00, 0x00, 0x00, 0x00, 0x00, 0x00, 0x00, 0x00, 0x00, 0x00, 0x00,
    0x00, 0x00, 0x00, 0x00, 0x00, 0x00, 0x00, 0x00, 0x00, 0x00, 0x00, 0x00, 0x00, 0x00, 0x00, 0x00,
    0x00, 0x00, 0x00, 0x00, 0x00, 0x00, 0x00, 0x00, 0x00, 0x00, 0x00, 0x00, 0x00, 0x00, 0x00, 0x00,
    0x00, 0x00, 0x00, 0x00, 0x00, 0x00, 0x00, 0x00, 0x00, 0x00, 0x00, 0x00, 0x00, 0x00, 0x00, 0x00,
    0x00, 0x00, 0x00, 0x00, 0x00, 0x00, 0x00, 0x00, 0x00, 0x00, 0x00, 0x00, 0x00, 0x00, 0x00, 0x00,
    0x00, 0x00, 0x00, 0x00, 0x00, 0x00, 0x00, 0x00, 0x00, 0x00, 0x00, 0x00, 0x00, 0x00, 0x00, 0x00,
    0x00, 0x00, 0x00, 0x00, 0x00, 0x00, 0x00, 0x00, 0x00, 0x00, 0x00, 0x00, 0x00, 0x00, 0x00, 0x00,
    0x00, 0x00, 0x00, 0x00, 0x00, 0x00, 0x00, 0x00, 0x00, 0x00, 0x00, 0x00, 0x00, 0x00, 0x00, 0x00,
    0x00, 0x00, 0x00, 0x00, 0x00, 0x00, 0x00, 0x00, 0x00, 0x00, 0x00, 0x00, 0x00, 0x00, 0x00, 0x00,
    0x00, 0x00, 0x00, 0x00, 0x00, 0x00, 0x00, 0x00, 0x00, 0x00, 0x00, 0x00, 0x00, 0x00, 0x00, 0x00,
    0x00, 0x00, 0x00, 0x00, 0x00, 0x00, 0x00, 0x00, 0x00, 0x00, 0x00, 0x00, 0x00, 0x00, 0x00, 0x00,
    0x00, 0x00, 0x00, 0x00, 0x00, 0x00, 0x00, 0x00, 0x00, 0x00, 0x00, 0x00, 0x00, 0x00, 0x00, 0x00,
    0x00, 0x00, 0x00, 0x00, 0x00, 0x00, 0x00, 0x00, 0x00, 0x00, 0x00, 0x00, 0x00, 0x00, 0x00, 0x00,
    0x00, 0x00, 0x00, 0x00, 0x00, 0x00, 0x00, 0x00, 0x00, 0x00, 0x00, 0x00, 0x00, 0x00, 0x00, 0x00,
    0x00, 0x00, 0x00, 0x00, 0x00, 0x00, 0x00, 0x00, 0x00, 0x00, 0x00, 0x00, 0x00, 0x00, 0x00, 0x00,
    0x00, 0x00, 0x00, 0x00, 0x00, 0x00, 0x00, 0x00, 0x00, 0x00, 0x00, 0x00, 0x00, 0x00, 0x00, 0x00,
    0x00, 0x00, 0x00, 0x00, 0x00, 0x00, 0x00, 0x00, 0x00, 0x00, 0x00, 0x00, 0x00, 0x00, 0x00, 0x00,
    0x00, 0x00, 0x00, 0x00, 0x00, 0x00, 0x00, 0x00, 0x00, 0x00, 0x00, 0x00, 0x00, 0x00, 0x00, 0x00,
    0x00, 0x00, 0x00, 0x00, 0x00, 0x00, 0x00, 0x00, 0x00, 0x00, 0x00, 0x00, 0x00, 0x00, 0x00, 0x00,
    0x00, 0x00, 0x00, 0x00, 0x00, 0x00, 0x00, 0x00, 0x00, 0x00, 0x00, 0x00, 0x00, 0x00, 0x00, 0x00,
    0x00, 0x00, 0x00, 0x00, 0x00, 0x00, 0x00, 0x00, 0x00, 0x00, 0x00, 0x00, 0x00, 0x00, 0x00, 0x00,
    0x00, 0x00, 0x00, 0x00, 0x00, 0x00, 0x00, 0x00, 0x00, 0x00, 0x00, 0x00, 0x00, 0x00, 0x00, 0x00,
    0x00, 0x00, 0x00, 0x00, 0x00, 0x00, 0x00, 0x00, 0x00, 0x00, 0x00, 0x00, 0x00, 0x00, 0x00, 0x00,
    0x00, 0x00, 0x00, 0x00, 0x00, 0x00, 0x00, 0x00, 0x00, 0x00, 0x00, 0x00, 0x00, 0x00, 0x00, 0x00,
    0x00, 0x00, 0x00, 0x00, 0x00, 0x00, 0x00, 0x00, 0x00, 0x00, 0x00, 0x00, 0x00, 0x00, 0x00, 0x00,
    0x00, 0x00, 0x00, 0x00, 0x00, 0x00, 0x00, 0x00, 0x00, 0x00, 0x00, 0x00, 0x00, 0x00, 0x00, 0x00,
    0x00, 0x00, 0x00, 0x00, 0x00, 0x00, 0x00, 0x00, 0x00, 0x00, 0x00, 0x00, 0x00, 0x00, 0x00, 0x00,
    0x00, 0x00, 0x00, 0x16, 0x81, 0x00, 0x00, 0x00, 0x00, 0x15, 0x53, 0x00, 0x00, 0x00, 0x14, 0x27,
    0x0a, 0x00, 0x00, 0x00, 0x90, 0x06, 0x92, 0x00, 0x09, 0xfd, 0x09, 0xd8, 0x09, 0xf1, 0x0a, 0x0c,
    0x09, 0xe4, 0x0a, 0x55, 0x0a, 0x2f, 0x0a, 0x49, 0x0a, 0x3c, 0x0a, 0x1d, 0x09, 0x61, 0x09, 0x4f,
    0x09, 0x8c, 0x09, 0xcb, 0x09, 0x6f, 0x09, 0x3d, 0x09, 0x9f, 0x09, 0xbd, 0x09, 0xab, 0x09, 0x80,
    0x07, 0xbb, 0x07, 0x2f, 0x07, 0x1b, 0x07, 0x82, 0x07, 0x96, 0x07, 0x5a, 0x07, 0x6e, 0x07, 0xa9,
    0x07, 0x47, 0x09, 0x07, 0x08, 0xe8, 0x08, 0xf7, 0x09, 0x1b, 0x09, 0x2d, 0x0c, 0xd2, 0x0c, 0x45,
    0x0c, 0x96, 0x0c, 0xfd, 0x0d, 0x39, 0x0c, 0xaf, 0x0c, 0x6b, 0x0d, 0x26, 0x0c, 0x7f, 0x0c, 0xa3,
    0x0c, 0x59, 0x0c, 0xbd, 0x0d, 0x12, 0x0c, 0xe7, 0x0c, 0x8c, 0x08, 0x6b, 0x08, 0x5d, 0x08, 0x4e,
    0x0d, 0xba, 0x0e, 0x32, 0x0e, 0x0b, 0x0e, 0x5d, 0x0e, 0x49, 0x0e, 0x24, 0x0d, 0xe0, 0x0d, 0xf4,
    0x0d, 0x84, 0x0d, 0xa8, 0x0e, 0x18, 0x0d, 0xce, 0x0d, 0x5c, 0x0d, 0x49, 0x0d, 0x96, 0x0d, 0x71,
    0x0e, 0x01, 0x0f, 0x64, 0x0f, 0x73, 0x0e, 0xde, 0x0e, 0xc8, 0x0f, 0x45, 0x0f, 0x36, 0x0f, 0x08,
    0x0f, 0xe0, 0x0f, 0xca, 0x0f, 0x27, 0x0f, 0x57, 0x0e, 0xf4, 0x0f, 0xb7, 0x0e, 0x9c, 0x0e, 0x86,
    0x0f, 0x1a, 0x0f, 0x87, 0x0f, 0xa9, 0x0f, 0x97, 0x0e, 0xb5, 0x0e, 0x6d, 0x0f, 0xf2, 0x08, 0xdc,
    0x08, 0xa9, 0x08, 0xbf, 0x08, 0xcd, 0x08, 0x97, 0x08, 0x8a, 0x08, 0x77, 0x07, 0xcb, 0x08, 0x30,
    0x07, 0xd9, 0x07, 0xea, 0x08, 0x1f, 0x08, 0x0e, 0x07, 0xfd, 0x08, 0x40, 0x06, 0x92, 0x06, 0xa3,
    0x07, 0x08, 0x06, 0xe7, 0x06, 0xd9, 0x06, 0xfb, 0x06, 0xc9, 0x06, 0xb5, 0x0a, 0xdd, 0x0a, 0x76,
    0x0a, 0x9d, 0x0a, 0x8c, 0x0b, 0x28, 0x0a, 0x61, 0x0a, 0xae, 0x0a, 0xcb, 0x0a, 0xbc, 0x0b, 0x15,
    0x0b, 0x00, 0x0a, 0xeb, 0x0b, 0x40, 0x0b, 0x85, 0x0b, 0x71, 0x0b, 0x5f, 0x0c, 0x09, 0x0b, 0x4e,
    0x0b, 0xe1, 0x0b, 0xc5, 0x0b, 0xb8, 0x0b, 0xab, 0x0b, 0xd2, 0x0c, 0x27, 0x0b, 0x9e, 0x0b, 0x91,
    0x0b, 0xed, 0x0b, 0xfc, 0x0c, 0x37, 0x0c, 0x18, 0x00, 0x00, 0x00, 0x00, 0x00, 0x00, 0x00, 0x00,
    0x00, 0x00, 0x00, 0x00, 0x00, 0x00, 0x00, 0x00, 0x00, 0x00, 0x00, 0x00, 0x00, 0x00, 0x00, 0x00,
    0x00, 0x00, 0x00, 0x00, 0x00, 0x00, 0x00, 0x00, 0x00, 0x00, 0x00, 0x00, 0x00, 0x00, 0x00, 0x00,
    0x00, 0x00, 0x00, 0x00, 0x00, 0x00, 0x00, 0x00, 0x00, 0x00, 0x00, 0x00, 0x00, 0x00, 0x00, 0x00,
    0x00, 0x00, 0x00, 0x00, 0x00, 0x00, 0x00, 0x00, 0x00, 0x00, 0x00, 0x00, 0x00, 0x00, 0x00, 0x00,
    0x00, 0x00, 0x00, 0x00, 0x00, 0x00, 0x00, 0x00, 0x00, 0x00, 0x00, 0x00, 0x00, 0x00, 0x00, 0x00,
    0x00, 0x00, 0x00, 0x00, 0x00, 0x00, 0x00, 0x00, 0x00, 0x00, 0x00, 0x00, 0x00, 0x00, 0x00, 0x00,
    0x00, 0x00, 0x00, 0x00, 0x00, 0x00, 0x00, 0x00, 0x00, 0x00, 0x00, 0x00, 0x00, 0x00, 0x00, 0x00,
    0x00, 0x00, 0x00, 0x00, 0x00, 0x00, 0x00, 0x00, 0x00, 0x00, 0x00, 0x00, 0x00, 0x00, 0x00, 0x00,
    0x00, 0x00, 0x00, 0x00, 0x00, 0x00, 0x00, 0x00, 0x00, 0x00, 0x00, 0x00, 0x00, 0x00, 0x00, 0x00,
    0x00, 0x00, 0x00, 0x00, 0x00, 0x00, 0x00, 0x00, 0x00, 0x00, 0x00, 0x00, 0x00, 0x00, 0x00, 0x00,
    0x00, 0x00, 0x00, 0x00, 0x00, 0x00, 0x00, 0x00, 0x00, 0x00, 0x00, 0x00, 0x00, 0x00, 0x00, 0x00,
    0x00, 0x00, 0x00, 0x00, 0x00, 0x00, 0x00, 0x00, 0x00, 0x00, 0x00, 0x00, 0x00, 0x00, 0x00, 0x00,
    0x00, 0x00, 0x00, 0x00, 0x00, 0x00, 0x00, 0x00, 0x00, 0x00, 0x00, 0x00, 0x00, 0x00, 0x00, 0x00,
    0x00, 0x00, 0x00, 0x00, 0x00, 0x00, 0x00, 0x00, 0x00, 0x00, 0x00, 0x00, 0x00, 0x00, 0x00, 0x00,
    0x00, 0x00, 0x00, 0x00, 0x00, 0x00, 0x00, 0x00, 0x00, 0x00, 0x00, 0x00, 0x00, 0x00, 0x00, 0x00,
    0x00, 0x00, 0x00, 0x00, 0x00, 0x00, 0x00, 0x00, 0x00, 0x00, 0x00, 0x00, 0x00, 0x00, 0x00, 0x00,
    0x00, 0x00, 0x00, 0x00, 0x00, 0x00, 0x00, 0x00, 0x00, 0x00, 0x00, 0x00, 0x00, 0x00, 0x00, 0x00,
    0x00, 0x00, 0x00, 0x00, 0x00, 0x00, 0x00, 0x00, 0x00, 0x00, 0x00, 0x00, 0x00, 0x00, 0x00, 0x00,
    0x00, 0x00, 0x00, 0x00, 0x00, 0x00, 0x00, 0x00, 0x00, 0x00, 0x00, 0x00, 0x00, 0x00, 0x00, 0x00,
    0x00, 0x00, 0x00, 0x00, 0x00, 0x00, 0x00, 0x00, 0x00, 0x00, 0x00, 0x00, 0x00, 0x00, 0x00, 0x00,
    0x00, 0x00, 0x00, 0x00, 0x00, 0x00, 0x00, 0x00, 0x00, 0x00, 0x00, 0x00, 0x00, 0x00, 0x00, 0x00,
    0x00, 0x00, 0x00, 0x00, 0x00, 0x00, 0x00, 0x00, 0x00, 0x00, 0x00, 0x00, 0x00, 0x00, 0x00, 0x00,
    0x00, 0x00, 0x00, 0x00, 0x00, 0x00, 0x00, 0x00, 0x00, 0x00, 0x00, 0x00, 0x00, 0x00, 0x00, 0x00,
    0x00, 0x00, 0x00, 0x00, 0x00, 0x00, 0x00, 0x00, 0x00, 0x00, 0x00, 0x00, 0x00, 0x00, 0x00, 0x00,
    0x00, 0x00, 0x00, 0x00, 0x00, 0x00, 0x00, 0x00, 0x00, 0x00, 0x00, 0x00, 0x00, 0x00, 0x00, 0x00,
    0x00, 0x00, 0x00, 0x00, 0x00, 0x00, 0x00, 0x00, 0x00, 0x00, 0x00, 0x00, 0x00, 0x00, 0x00, 0x00,
    0x00, 0x00, 0x00, 0x00, 0x00, 0x00, 0x00, 0x00, 0x00, 0x00, 0x00, 0x00, 0x00, 0x00, 0x00, 0x00,
    0x00, 0x00, 0x00, 0x00, 0x00, 0x00, 0x00, 0x00, 0x00, 0x00, 0x00, 0x00, 0x00, 0x00, 0x00, 0x00,
    0x00, 0x00, 0x00, 0x00, 0x00, 0x00, 0x00, 0x00, 0x00, 0x00, 0x00, 0x00, 0x00, 0x00, 0x00, 0x00,
    0x00, 0x00, 0x00, 0x00, 0x00, 0x00, 0x00, 0x00, 0x00, 0x00, 0x00, 0x00, 0x00, 0x00, 0x00, 0x00,
    0x00, 0x00, 0x00, 0x00, 0x00, 0x00, 0x00, 0x00, 0x00, 0x00, 0x00, 0x00, 0x00, 0x00, 0x00, 0x00,
    0x00, 0x00, 0x00, 0x00, 0x00, 0x00, 0x00, 0x00, 0x00, 0x00, 0x00, 0x00, 0x00, 0x00, 0x00, 0x00,
    0x00, 0x00, 0x00, 0x00, 0x00, 0x00, 0x00, 0x00, 0x00, 0x00, 0x00, 0x00, 0x00, 0x00, 0x00, 0x00,
    0x00, 0x00, 0x00, 0x00, 0x00, 0x00, 0x00, 0x00, 0x00, 0x00, 0x00, 0x00, 0x00, 0x00, 0x00, 0x00,
    0x00, 0x00, 0x00, 0x00, 0x00, 0x00, 0x00, 0x00, 0x00, 0x00, 0x00, 0x00, 0x00, 0x00, 0x00, 0x00,
    0x00, 0x00, 0x00, 0x00, 0x00, 0x00, 0x00, 0x00, 0x00, 0x00, 0x00, 0x00, 0x00, 0x00, 0x00, 0x00,
    0x00, 0x00, 0x00, 0x00, 0x00, 0x00, 0x00, 0x00, 0x00, 0x00, 0x00, 0x00, 0x00, 0x00, 0x00, 0x00,
    0x00, 0x00, 0x00, 0x00, 0x00, 0x00, 0x00, 0x00, 0x00, 0x00, 0x00, 0x00, 0x00, 0x00, 0x00, 0x00,
    0x00, 0x00, 0x00, 0x00, 0x00, 0x00, 0x00, 0x00, 0x00, 0x00, 0x00, 0x00, 0x00, 0x00, 0x00, 0x00,
    0x00, 0x00, 0x00, 0x00, 0x00, 0x00, 0x00, 0x00, 0x00, 0x00, 0x00, 0x00, 0x00, 0x00, 0x00, 0x00,
    0x00, 0x00, 0x00, 0x00, 0x00, 0x00, 0x00, 0x00, 0x00, 0x00, 0x00, 0x00, 0x00, 0x00, 0x00, 0x00,
    0x00, 0x00, 0x00, 0x00, 0x00, 0x00, 0x00, 0x00, 0x00, 0x00, 0x00, 0x00, 0x00, 0x00, 0x00, 0x00,
    0x00, 0x00, 0x00, 0x00, 0x00, 0x00, 0x00, 0x00, 0x00, 0x00, 0x00, 0x00, 0x00, 0x00, 0x00, 0x00,
    0x00, 0x00, 0x00, 0x00, 0x00, 0x00, 0x00, 0x00, 0x00, 0x00, 0x00, 0x00, 0x00, 0x00, 0x00, 0x00,
    0x00, 0x00, 0x00, 0x00, 0x00, 0x00, 0x00, 0x00, 0x00, 0x00, 0x00, 0x00, 0x00, 0x00, 0x00, 0x00,
    0x00, 0x00, 0x00, 0x00, 0x00, 0x00, 0x00, 0x00, 0x00, 0x00, 0x00, 0x00, 0x00, 0x00, 0x00, 0x00,
    0x00, 0x00, 0x00, 0x00, 0x00, 0x00, 0x00, 0x00, 0x00, 0x00, 0x00, 0x00, 0x00, 0x00, 0x00, 0x00,
    0x00, 0x00, 0x00, 0x00, 0x00, 0x00, 0x00, 0x00, 0x00, 0x00, 0x00, 0x00, 0x00, 0x00, 0x00, 0x00,
    0x00, 0x00, 0x00, 0x00, 0x00, 0x00, 0x00, 0x00, 0x00, 0x00, 0x00, 0x00, 0x00, 0x00, 0x00, 0x00,
    0x00, 0x00, 0x00, 0x00, 0x00, 0x00, 0x00, 0x00, 0x00, 0x00, 0x00, 0x00, 0x00, 0x00, 0x00, 0x00,
    0x00, 0x00, 0x00, 0x00, 0x00, 0x00, 0x00, 0x00, 0x00, 0x00, 0x00, 0x00, 0x00, 0x00, 0x00, 0x00,
    0x00, 0x00, 0x00, 0x00, 0x00, 0x00, 0x00, 0x00, 0x00, 0x00, 0x00, 0x00, 0x00, 0x00, 0x00, 0x00,
    0x00, 0x00, 0x00, 0x00, 0x00, 0x00, 0x00, 0x00, 0x00, 0x00, 0x00, 0x00, 0x00, 0x00, 0x00, 0x00,
    0x00, 0x00, 0x00, 0x00, 0x00, 0x00, 0x00, 0x00, 0x00, 0x00, 0x00, 0x00, 0x00, 0x00, 0x00, 0x00,
    0x00, 0x00, 0x00, 0x00, 0x00, 0x00, 0x00, 0x00, 0x00, 0x00, 0x00, 0x00, 0x00, 0x00, 0x00, 0x00,
    0x00, 0x00, 0x00, 0x00, 0x00, 0x00, 0x00, 0x00, 0x00, 0x00, 0x00, 0x00, 0x00, 0x00, 0x00, 0x00,
    0x00, 0x00, 0x00, 0x00, 0x00, 0x00, 0x00, 0x00, 0x00, 0x00, 0x00, 0x00, 0x00, 0x00, 0x00, 0x00,
    0x00, 0x00, 0x00, 0x00, 0x00, 0x00, 0x00, 0x00, 0x00, 0x00, 0x00, 0x00, 0x00, 0x00, 0x00, 0x00,
    0x00, 0x00, 0x00, 0x00, 0x00, 0x00, 0x00, 0x00, 0x00, 0x00, 0x00, 0x00, 0x00, 0x00, 0x00, 0x00,
    0x00, 0x00, 0x00, 0x00, 0x00, 0x00, 0x00, 0x00, 0x00, 0x00, 0x00, 0x00, 0x00, 0x00, 0x00, 0x00,
    0x00, 0x00, 0x00, 0x00, 0x00, 0x00, 0x00, 0x00, 0x00, 0x00, 0x00, 0x00, 0x00, 0x00, 0x00, 0x00,
    0x00, 0x00, 0x00, 0x00, 0x00, 0x00, 0x00, 0x00, 0x00, 0x00, 0x00, 0x00, 0x00, 0x00, 0x00, 0x00,
    0x00, 0x00, 0x00, 0x00, 0x00, 0x00, 0x00, 0x00, 0x00, 0x00, 0x00, 0x00, 0x00, 0x00, 0x00, 0x00,
    0x00, 0x00, 0x00, 0x00, 0x00, 0x00, 0x00, 0x00, 0x00, 0x00, 0x00, 0x00, 0x00, 0x00, 0x00, 0x00,
    0x00, 0x00, 0x00, 0x00, 0x00, 0x00, 0x00, 0x00, 0x00, 0x00, 0x00, 0x00, 0x00, 0x00, 0x00, 0x00,
    0x00, 0x00, 0x00, 0x00, 0x00, 0x00, 0x00, 0x00, 0x00, 0x00, 0x00, 0x00, 0x00, 0x00, 0x00, 0x00,
    0x00, 0x00, 0x00, 0x00, 0x00, 0x00, 0x00, 0x00, 0x00, 0x00, 0x00, 0x00, 0x00, 0x00, 0x00, 0x00,
    0x00, 0x00, 0x00, 0x00, 0x00, 0x00, 0x00, 0x00, 0x00, 0x00, 0x00, 0x00, 0x00, 0x00, 0x00, 0x00,
    0x00, 0x00, 0x00, 0x00, 0x00, 0x00, 0x00, 0x00, 0x00, 0x00, 0x00, 0x00, 0x00, 0x00, 0x00, 0x00,
    0x00, 0x00, 0x00, 0x00, 0x00, 0x00, 0x00, 0x00, 0x00, 0x00, 0x00, 0x00, 0x00, 0x00, 0x00, 0x00,
    0x00, 0x00, 0x00, 0x00, 0x00, 0x00, 0x00, 0x00, 0x00, 0x00, 0x00, 0x00, 0x00, 0x00, 0x00, 0x00,
    0x00, 0x00, 0x00, 0x00, 0x00, 0x00, 0x00, 0x00, 0x00, 0x00, 0x00, 0x00, 0x00, 0x00, 0x00, 0x00,
    0x00, 0x00, 0x00, 0x00, 0x00, 0x00, 0x00, 0x00, 0x00, 0x00, 0x00, 0x00, 0x00, 0x00, 0x00, 0x00,
    0x00, 0x00, 0x00, 0x00, 0x00, 0x00, 0x00, 0x00, 0x00, 0x00, 0x00, 0x00, 0x00, 0x00, 0x00, 0x00,
    0x00, 0x00, 0x00, 0x00, 0x00, 0x00, 0x00, 0x00, 0x00, 0x00, 0x00, 0x00, 0x00, 0x00, 0x00, 0x00,
    0x00, 0x00, 0x00, 0x00, 0x00, 0x00, 0x00, 0x00, 0x00, 0x00, 0x00, 0x00, 0x00, 0x00, 0x00, 0x00,
    0x00, 0x00, 0x00, 0x00, 0x00, 0x00, 0x00, 0x00, 0x00, 0x00, 0x00, 0x00, 0x00, 0x00, 0x00, 0x00,
    0x00, 0x00, 0x00, 0x00, 0x00, 0x00, 0x00, 0x00, 0x00, 0x00, 0x00, 0x00, 0x00, 0x00, 0x00, 0x00,
    0x00, 0x00, 0x00, 0x00, 0x00, 0x00, 0x00, 0x00, 0x00, 0x00, 0x00, 0x00, 0x00, 0x00, 0x00, 0x00,
    0x00, 0x00, 0x00, 0x00, 0x00, 0x00, 0x00, 0x00, 0x00, 0x00, 0x00, 0x00, 0x00, 0x00, 0x00, 0x00,
    0x00, 0x00, 0x00, 0x00, 0x00, 0x00, 0x00, 0x00, 0x00, 0x00, 0x00, 0x00, 0x00, 0x00, 0x00, 0x00,
    0x00, 0x00, 0x00, 0x00, 0x00, 0x00, 0x00, 0x00, 0x00, 0x00, 0x00, 0x00, 0x00, 0x00, 0x00, 0x00,
    0x00, 0x00, 0x00, 0x00, 0x00, 0x00, 0x00, 0x00, 0x00, 0x00, 0x00, 0x00, 0x00, 0x00, 0x00, 0x00,
    0x00, 0x00, 0x00, 0x00, 0x00, 0x00, 0x00, 0x00, 0x00, 0x00, 0x00, 0x00, 0x00, 0x00, 0x00, 0x00,
    0x00, 0x00, 0x00, 0x00, 0x00, 0x00, 0x00, 0x00, 0x00, 0x00, 0x00, 0x00, 0x00, 0x00, 0x00, 0x00,
    0x00, 0x00, 0x00, 0x00, 0x00, 0x00, 0x00, 0x00, 0x00, 0x00, 0x00, 0x00, 0x00, 0x00, 0x00, 0x00,
    0x00, 0x00, 0x10, 0x03, 0x23, 0x02, 0x70, 0x70, 0x5f, 0x63, 0x6f, 0x75, 0x6e, 0x74, 0x65, 0x72,
    0x73, 0x00, 0x90, 0x11, 0x03, 0x25, 0x02, 0x70, 0x70, 0x5f, 0x67, 0x61, 0x6d, 0x65, 0x73, 0x74,
    0x61, 0x74, 0x65, 0x00, 0x8f, 0x13, 0x03, 0x29, 0x02, 0x70, 0x70, 0x5f, 0x74, 0x69, 0x6d, 0x65,
    0x5f, 0x70, 0x6c, 0x61, 0x79, 0x65, 0x64, 0x00, 0x8e, 0x0f, 0x03, 0x21, 0x02, 0x70, 0x70, 0x5f,
    0x70, 0x65, 0x72, 0x63, 0x65, 0x6e, 0x74, 0x00, 0x8d, 0x0d, 0x03, 0x1d, 0x02, 0x70, 0x70, 0x5f,
    0x6c, 0x65, 0x76, 0x65, 0x6c, 0x00, 0x8c, 0x13, 0x03, 0x29, 0x02, 0x70, 0x70, 0x5f, 0x6c, 0x61,
    0x73, 0x74, 0x5f, 0x70, 0x6c, 0x61, 0x79, 0x65, 0x64, 0x00, 0x8b, 0x0c, 0x03, 0x1b, 0x02, 0x70,
    0x70, 0x5f, 0x6e, 0x61, 0x6d, 0x65, 0x00, 0x8a, 0x12, 0x03, 0x27, 0x02, 0x70, 0x70, 0x5f, 0x69,
    0x64, 0x65, 0x6e, 0x74, 0x69, 0x66, 0x69, 0x65, 0x72, 0x00, 0x89, 0x13, 0x03, 0x29, 0x02, 0x63,
    0x63, 0x63, 0x5f, 0x69, 0x73, 0x5f, 0x63, 0x61, 0x73, 0x74, 0x69, 0x6e, 0x67, 0x00, 0x88, 0x17,
    0x03, 0x31, 0x02, 0x63, 0x63, 0x63, 0x5f, 0x66, 0x61, 0x73, 0x74, 0x5f, 0x72, 0x75, 0x6e, 0x5f,
    0x73, 0x70, 0x65, 0x65, 0x64, 0x00, 0x87, 0x12, 0x03, 0x27, 0x02, 0x63, 0x63, 0x63, 0x5f, 0x72,
    0x75, 0x6e, 0x5f, 0x73, 0x70, 0x65, 0x65, 0x64, 0x00, 0x86, 0x13, 0x03, 0x29, 0x02, 0x63, 0x63,
    0x63, 0x5f, 0x6a, 0x75, 0x6d, 0x70, 0x5f, 0x73, 0x70, 0x65, 0x65, 0x64, 0x00, 0x85, 0x13, 0x03,
    0x29, 0x02, 0x63, 0x63, 0x63, 0x5f, 0x6a, 0x75, 0x6d, 0x70, 0x5f, 0x73, 0x74, 0x61, 0x74, 0x65,
    0x00, 0x84, 0x13, 0x03, 0x29, 0x02, 0x63, 0x63, 0x63, 0x5f, 0x69, 0x73, 0x5f, 0x6a, 0x75, 0x6d,
    0x70, 0x69, 0x6e, 0x67, 0x00, 0x83, 0x12, 0x03, 0x27, 0x02, 0x63, 0x63, 0x63, 0x5f, 0x69, 0x73,
    0x5f, 0x6d, 0x6f, 0x76, 0x69, 0x6e, 0x67, 0x00, 0x82, 0x11, 0x03, 0x25, 0x02, 0x63, 0x63, 0x63,
    0x5f, 0x6d, 0x6f, 0x76, 0x65, 0x5f, 0x64, 0x69, 0x72, 0x00, 0x81, 0x0f, 0x03, 0x21, 0x02, 0x63,
    0x63, 0x63, 0x5f, 0x66, 0x61, 0x63, 0x69, 0x6e, 0x67, 0x00, 0x80, 0x0d, 0x03, 0x1f, 0x01, 0x70,
    0x6f, 0x73, 0x5f, 0x61, 0x63, 0x63, 0x65, 0x6c, 0x7f, 0x10, 0x03, 0x25, 0x01, 0x70, 0x6f, 0x73,
    0x5f, 0x66, 0x72, 0x69, 0x63, 0x74, 0x69, 0x6f, 0x6e, 0x7e, 0x12, 0x03, 0x29, 0x01, 0x70, 0x6f,
    0x73, 0x5f, 0x67, 0x72, 0x6f, 0x75, 0x6e, 0x64, 0x5f, 0x6f, 0x62, 0x6a, 0x7d, 0x10, 0x03, 0x25,
    0x01, 0x70, 0x6f, 0x73, 0x5f, 0x6f, 0x6e, 0x5f, 0x73, 0x74, 0x65, 0x65, 0x70, 0x7c, 0x10, 0x03,
    0x25, 0x01, 0x70, 0x6f, 0x73, 0x5f, 0x6e, 0x6f, 0x72, 0x6d, 0x61, 0x6c, 0x5f, 0x79, 0x7b, 0x10,
    0x03, 0x25, 0x01, 0x70, 0x6f, 0x73, 0x5f, 0x6e, 0x6f, 0x72, 0x6d, 0x61, 0x6c, 0x5f, 0x78, 0x7a,
    0x0f, 0x03, 0x23, 0x01, 0x70, 0x6f, 0x73, 0x5f, 0x61, 0x69, 0x72, 0x74, 0x69, 0x6d, 0x65, 0x79,
    0x0d, 0x03, 0x1f, 0x01, 0x70, 0x6f, 0x73, 0x5f, 0x6f, 0x77, 0x6e, 0x65, 0x72, 0x78, 0x0e, 0x03,
    0x21, 0x01, 0x65, 0x63, 0x5f, 0x70, 0x68, 0x79, 0x73, 0x69, 0x63, 0x73, 0x77, 0x0d, 0x03, 0x1f,
    0x01, 0x65, 0x63, 0x5f, 0x66, 0x61, 0x63, 0x69, 0x6e, 0x67, 0x76, 0x0b, 0x03, 0x1b, 0x01, 0x65,
    0x63, 0x5f, 0x62, 0x61, 0x73, 0x65, 0x75, 0x12, 0x03, 0x29, 0x01, 0x68, 0x63, 0x5f, 0x74, 0x6f,
    0x6f, 0x6b, 0x5f, 0x64, 0x61, 0x6d, 0x61, 0x67, 0x65, 0x74, 0x0c, 0x03, 0x1d, 0x01, 0x68, 0x63,
    0x5f, 0x72, 0x65, 0x67, 0x65, 0x6e, 0x73, 0x11, 0x03, 0x27, 0x01, 0x68, 0x63, 0x5f, 0x6d, 0x61,
    0x78, 0x5f, 0x68, 0x65, 0x61, 0x6c, 0x74, 0x68, 0x72, 0x15, 0x03, 0x2f, 0x01, 0x68, 0x63, 0x5f,
    0x63, 0x75, 0x72, 0x72, 0x65, 0x6e, 0x74, 0x5f, 0x68, 0x65, 0x61, 0x6c, 0x74, 0x68, 0x71, 0x0d,
    0x03, 0x1f, 0x01, 0x68, 0x63, 0x5f, 0x68, 0x65, 0x61, 0x6c, 0x74, 0x68, 0x70, 0x0e, 0x03, 0x21,
    0x01, 0x68, 0x63, 0x5f, 0x69, 0x73, 0x5f, 0x64, 0x65, 0x61, 0x64, 0x6f, 0x0b, 0x03, 0x1b, 0x01,
    0x68, 0x63, 0x5f, 0x62, 0x61, 0x73, 0x65, 0x6e, 0x0e, 0x03, 0x21, 0x01, 0x63, 0x6f, 0x6d, 0x70,
    0x5f, 0x6c, 0x61, 0x62, 0x65, 0x6c, 0x6d, 0x0f, 0x03, 0x23, 0x01, 0x63, 0x6f, 0x6d, 0x70, 0x5f,
    0x6f, 0x62, 0x6a, 0x65, 0x63, 0x74, 0x6c, 0x13, 0x03, 0x2b, 0x01, 0x63, 0x6f, 0x6d, 0x70, 0x5f,
    0x69, 0x64, 0x65, 0x6e, 0x74, 0x69, 0x66, 0x69, 0x65, 0x72, 0x6b, 0x11, 0x03, 0x27, 0x01, 0x63,
    0x6f, 0x6d, 0x70, 0x5f, 0x72, 0x65, 0x66, 0x63, 0x6f, 0x75, 0x6e, 0x74, 0x6a, 0x0f, 0x03, 0x23,
    0x01, 0x63, 0x6f, 0x6d, 0x70, 0x5f, 0x76, 0x74, 0x61, 0x62, 0x6c, 0x65, 0x69, 0x11, 0x03, 0x27,
    0x01, 0x63, 0x63, 0x5f, 0x66, 0x6f, 0x6c, 0x6c, 0x6f, 0x77, 0x5f, 0x6f, 0x62, 0x6a, 0x68, 0x11,
    0x03, 0x27, 0x01, 0x63, 0x63, 0x5f, 0x63, 0x61, 0x6d, 0x65, 0x72, 0x61, 0x5f, 0x72, 0x65, 0x66,
    0x67, 0x0d, 0x03, 0x1f, 0x01, 0x63, 0x63, 0x5f, 0x63, 0x61, 0x6d, 0x65, 0x72, 0x61, 0x66, 0x10,
    0x03, 0x25, 0x01, 0x63, 0x63, 0x5f, 0x66, 0x6f, 0x63, 0x75, 0x73, 0x5f, 0x70, 0x6f, 0x73, 0x65,
    0x0b, 0x03, 0x1b, 0x01, 0x63, 0x63, 0x5f, 0x7a, 0x6f, 0x6f, 0x6d, 0x64, 0x12, 0x03, 0x29, 0x01,
    0x63, 0x63, 0x5f, 0x63, 0x75, 0x72, 0x72, 0x65, 0x6e, 0x74, 0x5f, 0x70, 0x6f, 0x73, 0x63, 0x0b,
    0x03, 0x1b, 0x01, 0x63, 0x63, 0x5f, 0x6c, 0x65, 0x72, 0x70, 0x62, 0x11, 0x03, 0x27, 0x01, 0x63,
    0x63, 0x5f, 0x74, 0x61, 0x72, 0x67, 0x65, 0x74, 0x5f, 0x70, 0x6f, 0x73, 0x61, 0x0d, 0x03, 0x1f,
    0x01, 0x63, 0x63, 0x5f, 0x6f, 0x66, 0x66, 0x73, 0x65, 0x74, 0x60, 0x0c, 0x03, 0x1d, 0x01, 0x63,
    0x63, 0x5f, 0x66, 0x6c, 0x61, 0x67, 0x73, 0x5f, 0x0b, 0x03, 0x1b, 0x01, 0x63, 0x61, 0x6d, 0x5f,
    0x66, 0x61, 0x72, 0x5e, 0x0c, 0x03, 0x1d, 0x01, 0x63, 0x61, 0x6d, 0x5f, 0x6e, 0x65, 0x61, 0x72,
    0x5d, 0x0b, 0x03, 0x1b, 0x01, 0x63, 0x61, 0x6d, 0x5f, 0x66, 0x6f, 0x76, 0x5c, 0x0e, 0x03, 0x21,
    0x01, 0x63, 0x61, 0x6d, 0x5f, 0x61, 0x73, 0x70, 0x65, 0x63, 0x74, 0x5b, 0x10, 0x03, 0x25, 0x01,
    0x63, 0x61, 0x6d, 0x5f, 0x69, 0x73, 0x5f, 0x6f, 0x72, 0x74, 0x68, 0x6f, 0x5a, 0x11, 0x03, 0x27,
    0x01, 0x63, 0x61, 0x6d, 0x5f, 0x76, 0x69, 0x65, 0x77, 0x5f, 0x70, 0x72, 0x6f, 0x6a, 0x59, 0x0c,
    0x03, 0x1d, 0x01, 0x63, 0x61, 0x6d, 0x5f, 0x70, 0x72, 0x6f, 0x6a, 0x58, 0x0c, 0x03, 0x1d, 0x01,
    0x63, 0x61, 0x6d, 0x5f, 0x76, 0x69, 0x65, 0x77, 0x57, 0x0b, 0x03, 0x1b, 0x01, 0x63, 0x61, 0x6d,
    0x5f, 0x72, 0x6f, 0x74, 0x56, 0x0b, 0x03, 0x1b, 0x01, 0x63, 0x61, 0x6d, 0x5f, 0x70, 0x6f, 0x73,
    0x55, 0x14, 0x03, 0x2d, 0x01, 0x73, 0x63, 0x5f, 0x67, 0x61, 0x6d, 0x65, 0x70, 0x6c, 0x61, 0x79,
    0x5f, 0x67, 0x72, 0x69, 0x64, 0x54, 0x15, 0x03, 0x2f, 0x01, 0x73, 0x63, 0x5f, 0x63, 0x6f, 0x6c,
    0x6c, 0x69, 0x73, 0x69, 0x6f, 0x6e, 0x5f, 0x67, 0x72, 0x69, 0x64, 0x53, 0x10, 0x03, 0x25, 0x01,
    0x73, 0x63, 0x5f, 0x63, 0x6f, 0x6d, 0x70, 0x5f, 0x6d, 0x67, 0x72, 0x31, 0x52, 0x10, 0x03, 0x25,
    0x01, 0x73, 0x63, 0x5f, 0x63, 0x6f, 0x6d, 0x70, 0x5f, 0x6d, 0x67, 0x72, 0x30, 0x51, 0x0d, 0x03,
    0x1f, 0x01, 0x73, 0x63, 0x5f, 0x67, 0x72, 0x6f, 0x75, 0x70, 0x73, 0x50, 0x0e, 0x03, 0x21, 0x01,
    0x73, 0x63, 0x5f, 0x6f, 0x62, 0x6a, 0x65, 0x63, 0x74, 0x73, 0x4f, 0x11, 0x03, 0x27, 0x01, 0x73,
    0x63, 0x5f, 0x6f, 0x62, 0x6a, 0x65, 0x63, 0x74, 0x5f, 0x6c, 0x69, 0x62, 0x4e, 0x0d, 0x03, 0x1f,
    0x01, 0x73, 0x63, 0x5f, 0x62, 0x6f, 0x75, 0x6e, 0x64, 0x73, 0x4d, 0x14, 0x03, 0x2d, 0x01, 0x73,
    0x63, 0x5f, 0x73, 0x63, 0x65, 0x6e, 0x65, 0x5f, 0x70, 0x72, 0x6f, 0x67, 0x72, 0x61, 0x6d, 0x4c,
    0x14, 0x03, 0x2d, 0x01, 0x73, 0x63, 0x5f, 0x70, 0x72, 0x6f, 0x67, 0x72, 0x61, 0x6d, 0x5f, 0x73,
    0x74, 0x61, 0x74, 0x65, 0x4b, 0x12, 0x03, 0x29, 0x01, 0x73, 0x63, 0x5f, 0x70, 0x61, 0x75, 0x73,
    0x65, 0x5f, 0x63, 0x6f, 0x75, 0x6e, 0x74, 0x4a, 0x17, 0x03, 0x33, 0x01, 0x73, 0x63, 0x5f, 0x66,
    0x69, 0x6e, 0x69, 0x73, 0x68, 0x65, 0x64, 0x5f, 0x6c, 0x6f, 0x61, 0x64, 0x69, 0x6e, 0x67, 0x49,
    0x0d, 0x03, 0x1f, 0x01, 0x73, 0x63, 0x5f, 0x76, 0x74, 0x61, 0x62, 0x6c, 0x65, 0x48, 0x10, 0x03,
    0x25, 0x01, 0x73, 0x6f, 0x5f, 0x69, 0x73, 0x5f, 0x68, 0x69, 0x64, 0x64, 0x65, 0x6e, 0x47, 0x11,
    0x03, 0x27, 0x01, 0x73, 0x6f, 0x5f, 0x63, 0x6f, 0x6d, 0x70, 0x6f, 0x6e, 0x65, 0x6e, 0x74, 0x73,
    0x46, 0x13, 0x03, 0x2b, 0x01, 0x73, 0x6f, 0x5f, 0x62, 0x6f, 0x75, 0x6e, 0x64, 0x73, 0x5f, 0x64,
    0x69, 0x72, 0x74, 0x79, 0x45, 0x0b, 0x03, 0x1b, 0x01, 0x73, 0x6f, 0x5f, 0x61, 0x61, 0x62, 0x62,
    0x44, 0x0c, 0x03, 0x1d, 0x01, 0x73, 0x6f, 0x5f, 0x73, 0x63, 0x61, 0x6c, 0x65, 0x43, 0x0c, 0x03,
    0x1d, 0x01, 0x73, 0x6f, 0x5f, 0x72, 0x6f, 0x74, 0x5f, 0x7a, 0x42, 0x0c, 0x03, 0x1d, 0x01, 0x73,
    0x6f, 0x5f, 0x70, 0x6f, 0x73, 0x5f, 0x7a, 0x41, 0x0c, 0x03, 0x1d, 0x01, 0x73, 0x6f, 0x5f, 0x70,
    0x6f, 0x73, 0x5f, 0x79, 0x40, 0x0c, 0x03, 0x1d, 0x01, 0x73, 0x6f, 0x5f, 0x70, 0x6f, 0x73, 0x5f,
    0x78, 0x3f, 0x0e, 0x03, 0x21, 0x01, 0x73, 0x6f, 0x5f, 0x70, 0x72, 0x6f, 0x67, 0x72, 0x61, 0x6d,
    0x3e, 0x0b, 0x03, 0x1b, 0x01, 0x73, 0x6f, 0x5f, 0x6e, 0x61, 0x6d, 0x65, 0x3d, 0x0e, 0x03, 0x21,
    0x01, 0x73, 0x6f, 0x5f, 0x73, 0x63, 0x61, 0x6c, 0x69, 0x6e, 0x67, 0x3c, 0x0c, 0x03, 0x1d, 0x01,
    0x73, 0x6f, 0x5f, 0x73, 0x63, 0x65, 0x6e, 0x65, 0x3b, 0x0e, 0x03, 0x21, 0x01, 0x73, 0x6f, 0x5f,
    0x65, 0x6e, 0x61, 0x62, 0x6c, 0x65, 0x64, 0x3a, 0x0e, 0x03, 0x21, 0x01, 0x73, 0x6f, 0x5f, 0x76,
    0x74, 0x61, 0x62, 0x6c, 0x65, 0x32, 0x39, 0x0f, 0x03, 0x23, 0x01, 0x73, 0x6f, 0x5f, 0x72, 0x65,
    0x66, 0x63, 0x6f, 0x75, 0x6e, 0x74, 0x38, 0x0d, 0x03, 0x1f, 0x01, 0x73, 0x6f, 0x5f, 0x76, 0x74,
    0x61, 0x62, 0x6c, 0x65, 0x37, 0x13, 0x03, 0x2b, 0x01, 0x63, 0x73, 0x5f, 0x61, 0x74, 0x74, 0x61,
    0x63, 0x6b, 0x5f, 0x6c, 0x65, 0x76, 0x65, 0x6c, 0x36, 0x11, 0x03, 0x27, 0x01, 0x63, 0x73, 0x5f,
    0x6d, 0x61, 0x6e, 0x61, 0x5f, 0x6c, 0x65, 0x76, 0x65, 0x6c, 0x35, 0x13, 0x03, 0x2b, 0x01, 0x63,
    0x73, 0x5f, 0x68, 0x65, 0x61, 0x6c, 0x74, 0x68, 0x5f, 0x6c, 0x65, 0x76, 0x65, 0x6c, 0x34, 0x0c,
    0x03, 0x1d, 0x01, 0x63, 0x73, 0x5f, 0x6c, 0x65, 0x76, 0x65, 0x6c, 0x33, 0x09, 0x03, 0x17, 0x01,
    0x63, 0x73, 0x5f, 0x78, 0x70, 0x32, 0x0c, 0x03, 0x1d, 0x01, 0x63, 0x73, 0x5f, 0x63, 0x6f, 0x69,
    0x6e, 0x73, 0x31, 0x0b, 0x03, 0x1b, 0x01, 0x63, 0x73, 0x5f, 0x6d, 0x61, 0x6e, 0x61, 0x30, 0x0d,
    0x03, 0x1f, 0x01, 0x63, 0x73, 0x5f, 0x68, 0x65, 0x61, 0x6c, 0x74, 0x68, 0x2f, 0x14, 0x03, 0x2d,
    0x01, 0x63, 0x73, 0x5f, 0x73, 0x6b, 0x69, 0x6c, 0x6c, 0x5f, 0x74, 0x72, 0x69, 0x6e, 0x6b, 0x65,
    0x74, 0x2e, 0x14, 0x03, 0x2d, 0x01, 0x63, 0x73, 0x5f, 0x61, 0x72, 0x6d, 0x6f, 0x72, 0x5f, 0x74,
    0x72, 0x69, 0x6e, 0x6b, 0x65, 0x74, 0x2d, 0x15, 0x03, 0x2f, 0x01, 0x63, 0x73, 0x5f, 0x77, 0x65,
    0x61, 0x70, 0x6f, 0x6e, 0x5f, 0x74, 0x72, 0x69, 0x6e, 0x6b, 0x65, 0x74, 0x2c, 0x14, 0x03, 0x2d,
    0x01, 0x63, 0x73, 0x5f, 0x63, 0x75, 0x72, 0x72, 0x65, 0x6e, 0x74, 0x5f, 0x73, 0x6b, 0x69, 0x6c,
    0x6c, 0x2b, 0x13, 0x03, 0x2b, 0x01, 0x63, 0x73, 0x5f, 0x73, 0x6b, 0x69, 0x6c, 0x6c, 0x73, 0x5f,
    0x62, 0x65, 0x67, 0x69, 0x6e, 0x2a, 0x12, 0x03, 0x29, 0x01, 0x63, 0x73, 0x5f, 0x69, 0x74, 0x65,
    0x6d, 0x73, 0x5f, 0x62, 0x65, 0x67, 0x69, 0x6e, 0x29, 0x0f, 0x03, 0x23, 0x01, 0x63, 0x73, 0x5f,
    0x67, 0x61, 0x6d, 0x65, 0x64, 0x61, 0x74, 0x61, 0x28, 0x12, 0x03, 0x29, 0x01, 0x67, 0x73, 0x5f,
    0x71, 0x75, 0x65, 0x73, 0x74, 0x5f, 0x74, 0x65, 0x78, 0x74, 0x73, 0x27, 0x14, 0x03, 0x2d, 0x01,
    0x67, 0x73, 0x5f, 0x6d, 0x61, 0x70, 0x5f, 0x6e, 0x6f, 0x64, 0x65, 0x5f, 0x6e, 0x61, 0x6d, 0x65,
    0x26, 0x12, 0x03, 0x29, 0x01, 0x67, 0x73, 0x5f, 0x73, 0x70, 0x61, 0x77, 0x6e, 0x5f, 0x70, 0x6f,
    0x69, 0x6e, 0x74, 0x25, 0x11, 0x03, 0x27, 0x01, 0x67, 0x73, 0x5f, 0x6c, 0x65, 0x76, 0x65, 0x6c,
    0x5f, 0x6e, 0x61, 0x6d, 0x65, 0x24, 0x11, 0x03, 0x27, 0x01, 0x67, 0x73, 0x5f, 0x71, 0x75, 0x65,
    0x73, 0x74, 0x73, 0x5f, 0x6d, 0x61, 0x70, 0x23, 0x11, 0x03, 0x27, 0x01, 0x67, 0x73, 0x5f, 0x6c,
    0x65, 0x76, 0x65, 0x6c, 0x73, 0x5f, 0x6d, 0x61, 0x70, 0x22, 0x13, 0x03, 0x2b, 0x01, 0x67, 0x73,
    0x5f, 0x61, 0x74, 0x74, 0x61, 0x63, 0x6b, 0x5f, 0x6c, 0x65, 0x76, 0x65, 0x6c, 0x21, 0x11, 0x03,
    0x27, 0x01, 0x67, 0x73, 0x5f, 0x6d, 0x61, 0x6e, 0x61, 0x5f, 0x6c, 0x65, 0x76, 0x65, 0x6c, 0x20,
    0x13, 0x03, 0x2b, 0x01, 0x67, 0x73, 0x5f, 0x68, 0x65, 0x61, 0x6c, 0x74, 0x68, 0x5f, 0x6c, 0x65,
    0x76, 0x65, 0x6c, 0x1f, 0x0c, 0x03, 0x1d, 0x01, 0x67, 0x73, 0x5f, 0x6c, 0x65, 0x76, 0x65, 0x6c,
    0x1e, 0x09, 0x03, 0x17, 0x01, 0x67, 0x73, 0x5f, 0x78, 0x70, 0x1d, 0x0c, 0x03, 0x1d, 0x01, 0x67,
    0x73, 0x5f, 0x63, 0x6f, 0x69, 0x6e, 0x73, 0x1c, 0x0b, 0x03, 0x1b, 0x01, 0x67, 0x73, 0x5f, 0x6d,
    0x61, 0x6e, 0x61, 0x1b, 0x0d, 0x03, 0x1f, 0x01, 0x67, 0x73, 0x5f, 0x68, 0x65, 0x61, 0x6c, 0x74,
    0x68, 0x1a, 0x16, 0x03, 0x31, 0x01, 0x67, 0x73, 0x5f, 0x63, 0x68, 0x61, 0x72, 0x61, 0x63, 0x74,
    0x65, 0x72, 0x5f, 0x73, 0x74, 0x61, 0x74, 0x65, 0x19, 0x13, 0x03, 0x2b, 0x01, 0x67, 0x73, 0x5f,
    0x67, 0x61, 0x6d, 0x65, 0x64, 0x61, 0x74, 0x61, 0x5f, 0x72, 0x65, 0x66, 0x18, 0x0f, 0x03, 0x23,
    0x01, 0x67, 0x73, 0x5f, 0x67, 0x61, 0x6d, 0x65, 0x64, 0x61, 0x74, 0x61, 0x17, 0x18, 0x03, 0x35,
    0x01, 0x67, 0x73, 0x63, 0x5f, 0x75, 0x70, 0x64, 0x61, 0x74, 0x65, 0x73, 0x5f, 0x64, 0x69, 0x73,
    0x61, 0x62, 0x6c, 0x65, 0x64, 0x16, 0x15, 0x03, 0x2f, 0x01, 0x67, 0x73, 0x63, 0x5f, 0x6c, 0x65,
    0x76, 0x65, 0x6c, 0x75, 0x70, 0x5f, 0x74, 0x69, 0x6d, 0x65, 0x72, 0x15, 0x18, 0x03, 0x35, 0x01,
    0x67, 0x73, 0x63, 0x5f, 0x6c, 0x65, 0x76, 0x65, 0x6c, 0x75, 0x70, 0x5f, 0x70, 0x72, 0x6f, 0x67,
    0x72, 0x65, 0x73, 0x73, 0x14, 0x12, 0x03, 0x29, 0x01, 0x67, 0x73, 0x63, 0x5f, 0x74, 0x61, 0x72,
    0x67, 0x65, 0x74, 0x5f, 0x6f, 0x62, 0x6a, 0x13, 0x15, 0x03, 0x2f, 0x01, 0x67, 0x73, 0x63, 0x5f,
    0x63, 0x61, 0x73, 0x74, 0x69, 0x6e, 0x67, 0x5f, 0x74, 0x69, 0x6d, 0x65, 0x72, 0x12, 0x15, 0x03,
    0x2f, 0x01, 0x67, 0x73, 0x63, 0x5f, 0x63, 0x61, 0x73, 0x74, 0x69, 0x6e, 0x67, 0x5f, 0x73, 0x6b,
    0x69, 0x6c, 0x6c, 0x11, 0x13, 0x03, 0x2b, 0x01, 0x67, 0x73, 0x63, 0x5f, 0x68, 0x65, 0x72, 0x6f,
    0x5f, 0x66, 0x61, 0x63, 0x69, 0x6e, 0x67, 0x10, 0x11, 0x03, 0x27, 0x01, 0x67, 0x73, 0x63, 0x5f,
    0x65, 0x71, 0x75, 0x69, 0x70, 0x6d, 0x65, 0x6e, 0x74, 0x0f, 0x0c, 0x03, 0x1d, 0x01, 0x67, 0x73,
    0x63, 0x5f, 0x6d, 0x61, 0x6e, 0x61, 0x0e, 0x0e, 0x03, 0x21, 0x01, 0x67, 0x73, 0x63, 0x5f, 0x68,
    0x65, 0x61, 0x6c, 0x74, 0x68, 0x0d, 0x0e, 0x03, 0x21, 0x01, 0x67, 0x73, 0x63, 0x5f, 0x65, 0x6e,
    0x74, 0x69, 0x74, 0x79, 0x0c, 0x11, 0x03, 0x27, 0x01, 0x67, 0x73, 0x63, 0x5f, 0x63, 0x68, 0x61,
    0x72, 0x5f, 0x63, 0x74, 0x72, 0x6c, 0x0b, 0x0c, 0x03, 0x1d, 0x01, 0x67, 0x73, 0x63, 0x5f, 0x68,
    0x65, 0x72, 0x6f, 0x0a, 0x0e, 0x03, 0x21, 0x01, 0x67, 0x73, 0x63, 0x5f, 0x63, 0x61, 0x6d, 0x65,
    0x72, 0x61, 0x09, 0x13, 0x03, 0x2b, 0x01, 0x67, 0x73, 0x63, 0x5f, 0x63, 0x61, 0x6d, 0x65, 0x72,
    0x61, 0x5f, 0x63, 0x74, 0x72, 0x6c, 0x08, 0x0f, 0x03, 0x23, 0x01, 0x67, 0x73, 0x63, 0x5f, 0x6f,
    0x76, 0x65, 0x72, 0x6c, 0x61, 0x79, 0x07, 0x11, 0x03, 0x27, 0x01, 0x67, 0x73, 0x63, 0x5f, 0x73,
    0x63, 0x65, 0x6e, 0x65, 0x5f, 0x72, 0x65, 0x66, 0x06, 0x0d, 0x03, 0x1f, 0x01, 0x67, 0x73, 0x63,
    0x5f, 0x73, 0x63, 0x65, 0x6e, 0x65, 0x05, 0x12, 0x03, 0x29, 0x01, 0x67, 0x73, 0x63, 0x5f, 0x6c,
    0x65, 0x76, 0x65, 0x6c, 0x73, 0x74, 0x61, 0x74, 0x65, 0x04, 0x15, 0x03, 0x2f, 0x01, 0x67, 0x73,
    0x63, 0x5f, 0x67, 0x61, 0x6d, 0x65, 0x73, 0x74, 0x61, 0x74, 0x65, 0x5f, 0x72, 0x65, 0x66, 0x03,
    0x11, 0x03, 0x27, 0x01, 0x67, 0x73, 0x63, 0x5f, 0x67, 0x61, 0x6d, 0x65, 0x73, 0x74, 0x61, 0x74,
    0x65, 0x02, 0x0d, 0x03, 0x21, 0x09, 0x67, 0x73, 0x63, 0x5f, 0x76, 0x74, 0x61, 0x62, 0x6c, 0x65,
    0x0d, 0x00, 0x00, 0x00, 0x09, 0x0e, 0x17, 0x00, 0x0f, 0xc7, 0x0f, 0xa9, 0x0f, 0x79, 0x0f, 0x4f,
    0x0f, 0x17, 0x0e, 0xdf, 0x0e, 0x9a, 0x0e, 0x4c, 0x0e, 0x17, 0x00, 0x00, 0x00, 0x00, 0x00, 0x00,
    0x00, 0x00, 0x00, 0x00, 0x00, 0x00, 0x00, 0x00, 0x00, 0x00, 0x00, 0x00, 0x00, 0x00, 0x00, 0x00,
    0x00, 0x00, 0x00, 0x00, 0x00, 0x00, 0x00, 0x00, 0x00, 0x00, 0x00, 0x00, 0x00, 0x00, 0x00, 0x00,
    0x00, 0x00, 0x00, 0x00, 0x00, 0x00, 0x00, 0x00, 0x00, 0x00, 0x00, 0x00, 0x00, 0x00, 0x00, 0x00,
    0x00, 0x00, 0x00, 0x00, 0x00, 0x00, 0x00, 0x00, 0x00, 0x00, 0x00, 0x00, 0x00, 0x00, 0x00, 0x00,
    0x00, 0x00, 0x00, 0x00, 0x00, 0x00, 0x00, 0x00, 0x00, 0x00, 0x00, 0x00, 0x00, 0x00, 0x00, 0x00,
    0x00, 0x00, 0x00, 0x00, 0x00, 0x00, 0x00, 0x00, 0x00, 0x00, 0x00, 0x00, 0x00, 0x00, 0x00, 0x00,
    0x00, 0x00, 0x00, 0x00, 0x00, 0x00, 0x00, 0x00, 0x00, 0x00, 0x00, 0x00, 0x00, 0x00, 0x00, 0x00,
    0x00, 0x00, 0x00, 0x00, 0x00, 0x00, 0x00, 0x00, 0x00, 0x00, 0x00, 0x00, 0x00, 0x00, 0x00, 0x00,
    0x00, 0x00, 0x00, 0x00, 0x00, 0x00, 0x00, 0x00, 0x00, 0x00, 0x00, 0x00, 0x00, 0x00, 0x00, 0x00,
    0x00, 0x00, 0x00, 0x00, 0x00, 0x00, 0x00, 0x00, 0x00, 0x00, 0x00, 0x00, 0x00, 0x00, 0x00, 0x00,
    0x00, 0x00, 0x00, 0x00, 0x00, 0x00, 0x00, 0x00, 0x00, 0x00, 0x00, 0x00, 0x00, 0x00, 0x00, 0x00,
    0x00, 0x00, 0x00, 0x00, 0x00, 0x00, 0x00, 0x00, 0x00, 0x00, 0x00, 0x00, 0x00, 0x00, 0x00, 0x00,
    0x00, 0x00, 0x00, 0x00, 0x00, 0x00, 0x00, 0x00, 0x00, 0x00, 0x00, 0x00, 0x00, 0x00, 0x00, 0x00,
    0x00, 0x00, 0x00, 0x00, 0x00, 0x00, 0x00, 0x00, 0x00, 0x00, 0x00, 0x00, 0x00, 0x00, 0x00, 0x00,
    0x00, 0x00, 0x00, 0x00, 0x00, 0x00, 0x00, 0x00, 0x00, 0x00, 0x00, 0x00, 0x00, 0x00, 0x00, 0x00,
    0x00, 0x00, 0x00, 0x00, 0x00, 0x00, 0x00, 0x00, 0x00, 0x00, 0x00, 0x00, 0x00, 0x00, 0x00, 0x00,
    0x00, 0x00, 0x00, 0x00, 0x00, 0x00, 0x00, 0x00, 0x00, 0x00, 0x00, 0x00, 0x00, 0x00, 0x00, 0x00,
    0x00, 0x00, 0x00, 0x00, 0x00, 0x00, 0x00, 0x00, 0x00, 0x00, 0x00, 0x00, 0x00, 0x00, 0x00, 0x00,
    0x00, 0x00, 0x00, 0x00, 0x00, 0x00, 0x00, 0x00, 0x00, 0x00, 0x00, 0x00, 0x00, 0x00, 0x00, 0x00,
    0x00, 0x00, 0x00, 0x00, 0x00, 0x00, 0x00, 0x00, 0x00, 0x00, 0x00, 0x00, 0x00, 0x00, 0x00, 0x00,
    0x00, 0x00, 0x00, 0x00, 0x00, 0x00, 0x00, 0x00, 0x00, 0x00, 0x00, 0x00, 0x00, 0x00, 0x00, 0x00,
    0x00, 0x00, 0x00, 0x00, 0x00, 0x00, 0x00, 0x00, 0x00, 0x00, 0x00, 0x00, 0x00, 0x00, 0x00, 0x00,
    0x00, 0x00, 0x00, 0x00, 0x00, 0x00, 0x00, 0x00, 0x00, 0x00, 0x00, 0x00, 0x00, 0x00, 0x00, 0x00,
    0x00, 0x00, 0x00, 0x00, 0x00, 0x00, 0x00, 0x00, 0x00, 0x00, 0x00, 0x00, 0x00, 0x00, 0x00, 0x00,
    0x00, 0x00, 0x00, 0x00, 0x00, 0x00, 0x00, 0x00, 0x00, 0x00, 0x00, 0x00, 0x00, 0x00, 0x00, 0x00,
    0x00, 0x00, 0x00, 0x00, 0x00, 0x00, 0x00, 0x00, 0x00, 0x00, 0x00, 0x00, 0x00, 0x00, 0x00, 0x00,
    0x00, 0x00, 0x00, 0x00, 0x00, 0x00, 0x00, 0x00, 0x00, 0x00, 0x00, 0x00, 0x00, 0x00, 0x00, 0x00,
    0x00, 0x00, 0x00, 0x00, 0x00, 0x00, 0x00, 0x00, 0x00, 0x00, 0x00, 0x00, 0x00, 0x00, 0x00, 0x00,
    0x00, 0x00, 0x00, 0x00, 0x00, 0x00, 0x00, 0x00, 0x00, 0x00, 0x00, 0x00, 0x00, 0x00, 0x00, 0x00,
    0x00, 0x00, 0x00, 0x00, 0x00, 0x00, 0x00, 0x00, 0x00, 0x00, 0x00, 0x00, 0x00, 0x00, 0x00, 0x00,
    0x00, 0x00, 0x00, 0x00, 0x00, 0x00, 0x00, 0x00, 0x00, 0x00, 0x00, 0x00, 0x00, 0x00, 0x00, 0x00,
    0x00, 0x00, 0x00, 0x00, 0x00, 0x00, 0x00, 0x00, 0x00, 0x00, 0x00, 0x00, 0x00, 0x00, 0x00, 0x00,
    0x00, 0x00, 0x00, 0x00, 0x00, 0x00, 0x00, 0x00, 0x00, 0x00, 0x00, 0x00, 0x00, 0x00, 0x00, 0x00,
    0x00, 0x00, 0x00, 0x00, 0x00, 0x00, 0x00, 0x00, 0x00, 0x00, 0x00, 0x00, 0x00, 0x00, 0x00, 0x00,
    0x00, 0x00, 0x00, 0x00, 0x00, 0x00, 0x00, 0x00, 0x00, 0x00, 0x00, 0x00, 0x00, 0x00, 0x00, 0x00,
    0x00, 0x00, 0x00, 0x00, 0x00, 0x00, 0x00, 0x00, 0x00, 0x00, 0x00, 0x00, 0x00, 0x00, 0x00, 0x00,
    0x00, 0x00, 0x00, 0x00, 0x00, 0x00, 0x00, 0x00, 0x00, 0x00, 0x00, 0x00, 0x00, 0x00, 0x00, 0x00,
    0x00, 0x00, 0x00, 0x00, 0x00, 0x00, 0x00, 0x00, 0x00, 0x00, 0x00, 0x00, 0x00, 0x00, 0x00, 0x00,
    0x00, 0x00, 0x00, 0x00, 0x00, 0x00, 0x00, 0x00, 0x00, 0x00, 0x00, 0x00, 0x00, 0x00, 0x00, 0x00,
    0x00, 0x00, 0x00, 0x00, 0x00, 0x00, 0x00, 0x00, 0x00, 0x00, 0x00, 0x00, 0x00, 0x00, 0x00, 0x00,
    0x00, 0x00, 0x00, 0x00, 0x00, 0x00, 0x00, 0x00, 0x00, 0x00, 0x00, 0x00, 0x00, 0x00, 0x00, 0x00,
    0x00, 0x00, 0x00, 0x00, 0x00, 0x00, 0x00, 0x00, 0x00, 0x00, 0x00, 0x00, 0x00, 0x00, 0x00, 0x00,
    0x00, 0x00, 0x00, 0x00, 0x00, 0x00, 0x00, 0x00, 0x00, 0x00, 0x00, 0x00, 0x00, 0x00, 0x00, 0x00,
    0x00, 0x00, 0x00, 0x00, 0x00, 0x00, 0x00, 0x00, 0x00, 0x00, 0x00, 0x00, 0x00, 0x00, 0x00, 0x00,
    0x00, 0x00, 0x00, 0x00, 0x00, 0x00, 0x00, 0x00, 0x00, 0x00, 0x00, 0x00, 0x00, 0x00, 0x00, 0x00,
    0x00, 0x00, 0x00, 0x00, 0x00, 0x00, 0x00, 0x00, 0x00, 0x00, 0x00, 0x00, 0x00, 0x00, 0x00, 0x00,
    0x00, 0x00, 0x00, 0x00, 0x00, 0x00, 0x00, 0x00, 0x00, 0x00, 0x00, 0x00, 0x00, 0x00, 0x00, 0x00,
    0x00, 0x00, 0x00, 0x00, 0x00, 0x00, 0x00, 0x00, 0x00, 0x00, 0x00, 0x00, 0x00, 0x00, 0x00, 0x00,
    0x00, 0x00, 0x00, 0x00, 0x00, 0x00, 0x00, 0x00, 0x00, 0x00, 0x00, 0x00, 0x00, 0x00, 0x00, 0x00,
    0x00, 0x00, 0x00, 0x00, 0x00, 0x00, 0x00, 0x00, 0x00, 0x00, 0x00, 0x00, 0x00, 0x00, 0x00, 0x00,
    0x00, 0x00, 0x00, 0x00, 0x00, 0x00, 0x00, 0x00, 0x00, 0x00, 0x00, 0x00, 0x00, 0x00, 0x00, 0x00,
    0x00, 0x00, 0x00, 0x00, 0x00, 0x00, 0x00, 0x00, 0x00, 0x00, 0x00, 0x00, 0x00, 0x00, 0x00, 0x00,
    0x00, 0x00, 0x00, 0x00, 0x00, 0x00, 0x00, 0x00, 0x00, 0x00, 0x00, 0x00, 0x00, 0x00, 0x00, 0x00,
    0x00, 0x00, 0x00, 0x00, 0x00, 0x00, 0x00, 0x00, 0x00, 0x00, 0x00, 0x00, 0x00, 0x00, 0x00, 0x00,
    0x00, 0x00, 0x00, 0x00, 0x00, 0x00, 0x00, 0x00, 0x00, 0x00, 0x00, 0x00, 0x00, 0x00, 0x00, 0x00,
    0x00, 0x00, 0x00, 0x00, 0x00, 0x00, 0x00, 0x00, 0x00, 0x00, 0x00, 0x00, 0x00, 0x00, 0x00, 0x00,
    0x00, 0x00, 0x00, 0x00, 0x00, 0x00, 0x00, 0x00, 0x00, 0x00, 0x00, 0x00, 0x00, 0x00, 0x00, 0x00,
    0x00, 0x00, 0x00, 0x00, 0x00, 0x00, 0x00, 0x00, 0x00, 0x00, 0x00, 0x00, 0x00, 0x00, 0x00, 0x00,
    0x00, 0x00, 0x00, 0x00, 0x00, 0x00, 0x00, 0x00, 0x00, 0x00, 0x00, 0x00, 0x00, 0x00, 0x00, 0x00,
    0x00, 0x00, 0x00, 0x00, 0x00, 0x00, 0x00, 0x00, 0x00, 0x00, 0x00, 0x00, 0x00, 0x00, 0x00, 0x00,
    0x00, 0x00, 0x00, 0x00, 0x00, 0x00, 0x00, 0x00, 0x00, 0x00, 0x00, 0x00, 0x00, 0x00, 0x00, 0x00,
    0x00, 0x00, 0x00, 0x00, 0x00, 0x00, 0x00, 0x00, 0x00, 0x00, 0x00, 0x00, 0x00, 0x00, 0x00, 0x00,
    0x00, 0x00, 0x00, 0x00, 0x00, 0x00, 0x00, 0x00, 0x00, 0x00, 0x00, 0x00, 0x00, 0x00, 0x00, 0x00,
    0x00, 0x00, 0x00, 0x00, 0x00, 0x00, 0x00, 0x00, 0x00, 0x00, 0x00, 0x00, 0x00, 0x00, 0x00, 0x00,
    0x00, 0x00, 0x00, 0x00, 0x00, 0x00, 0x00, 0x00, 0x00, 0x00, 0x00, 0x00, 0x00, 0x00, 0x00, 0x00,
    0x00, 0x00, 0x00, 0x00, 0x00, 0x00, 0x00, 0x00, 0x00, 0x00, 0x00, 0x00, 0x00, 0x00, 0x00, 0x00,
    0x00, 0x00, 0x00, 0x00, 0x00, 0x00, 0x00, 0x00, 0x00, 0x00, 0x00, 0x00, 0x00, 0x00, 0x00, 0x00,
    0x00, 0x00, 0x00, 0x00, 0x00, 0x00, 0x00, 0x00, 0x00, 0x00, 0x00, 0x00, 0x00, 0x00, 0x00, 0x00,
    0x00, 0x00, 0x00, 0x00, 0x00, 0x00, 0x00, 0x00, 0x00, 0x00, 0x00, 0x00, 0x00, 0x00, 0x00, 0x00,
    0x00, 0x00, 0x00, 0x00, 0x00, 0x00, 0x00, 0x00, 0x00, 0x00, 0x00, 0x00, 0x00, 0x00, 0x00, 0x00,
    0x00, 0x00, 0x00, 0x00, 0x00, 0x00, 0x00, 0x00, 0x00, 0x00, 0x00, 0x00, 0x00, 0x00, 0x00, 0x00,
    0x00, 0x00, 0x00, 0x00, 0x00, 0x00, 0x00, 0x00, 0x00, 0x00, 0x00, 0x00, 0x00, 0x00, 0x00, 0x00,
    0x00, 0x00, 0x00, 0x00, 0x00, 0x00, 0x00, 0x00, 0x00, 0x00, 0x00, 0x00, 0x00, 0x00, 0x00, 0x00,
    0x00, 0x00, 0x00, 0x00, 0x00, 0x00, 0x00, 0x00, 0x00, 0x00, 0x00, 0x00, 0x00, 0x00, 0x00, 0x00,
    0x00, 0x00, 0x00, 0x00, 0x00, 0x00, 0x00, 0x00, 0x00, 0x00, 0x00, 0x00, 0x00, 0x00, 0x00, 0x00,
    0x00, 0x00, 0x00, 0x00, 0x00, 0x00, 0x00, 0x00, 0x00, 0x00, 0x00, 0x00, 0x00, 0x00, 0x00, 0x00,
    0x00, 0x00, 0x00, 0x00, 0x00, 0x00, 0x00, 0x00, 0x00, 0x00, 0x00, 0x00, 0x00, 0x00, 0x00, 0x00,
    0x00, 0x00, 0x00, 0x00, 0x00, 0x00, 0x00, 0x00, 0x00, 0x00, 0x00, 0x00, 0x00, 0x00, 0x00, 0x00,
    0x00, 0x00, 0x00, 0x00, 0x00, 0x00, 0x00, 0x00, 0x00, 0x00, 0x00, 0x00, 0x00, 0x00, 0x00, 0x00,
    0x00, 0x00, 0x00, 0x00, 0x00, 0x00, 0x00, 0x00, 0x00, 0x00, 0x00, 0x00, 0x00, 0x00, 0x00, 0x00,
    0x00, 0x00, 0x00, 0x00, 0x00, 0x00, 0x00, 0x00, 0x00, 0x00, 0x00, 0x00, 0x00, 0x00, 0x00, 0x00,
    0x00, 0x00, 0x00, 0x00, 0x00, 0x00, 0x00, 0x00, 0x00, 0x00, 0x00, 0x00, 0x00, 0x00, 0x00, 0x00,
    0x00, 0x00, 0x00, 0x00, 0x00, 0x00, 0x00, 0x00, 0x00, 0x00, 0x00, 0x00, 0x00, 0x00, 0x00, 0x00,
    0x00, 0x00, 0x00, 0x00, 0x00, 0x00, 0x00, 0x00, 0x00, 0x00, 0x00, 0x00, 0x00, 0x00, 0x00, 0x00,
    0x00, 0x00, 0x00, 0x00, 0x00, 0x00, 0x00, 0x00, 0x00, 0x00, 0x00, 0x00, 0x00, 0x00, 0x00, 0x00,
    0x00, 0x00, 0x00, 0x00, 0x00, 0x00, 0x00, 0x00, 0x00, 0x00, 0x00, 0x00, 0x00, 0x00, 0x00, 0x00,
    0x00, 0x00, 0x00, 0x00, 0x00, 0x00, 0x00, 0x00, 0x00, 0x00, 0x00, 0x00, 0x00, 0x00, 0x00, 0x00,
    0x00, 0x00, 0x00, 0x00, 0x00, 0x00, 0x00, 0x00, 0x00, 0x00, 0x00, 0x00, 0x00, 0x00, 0x00, 0x00,
    0x00, 0x00, 0x00, 0x00, 0x00, 0x00, 0x00, 0x00, 0x00, 0x00, 0x00, 0x00, 0x00, 0x00, 0x00, 0x00,
    0x00, 0x00, 0x00, 0x00, 0x00, 0x00, 0x00, 0x00, 0x00, 0x00, 0x00, 0x00, 0x00, 0x00, 0x00, 0x00,
    0x00, 0x00, 0x00, 0x00, 0x00, 0x00, 0x00, 0x00, 0x00, 0x00, 0x00, 0x00, 0x00, 0x00, 0x00, 0x00,
    0x00, 0x00, 0x00, 0x00, 0x00, 0x00, 0x00, 0x00, 0x00, 0x00, 0x00, 0x00, 0x00, 0x00, 0x00, 0x00,
    0x00, 0x00, 0x00, 0x00, 0x00, 0x00, 0x00, 0x00, 0x00, 0x00, 0x00, 0x00, 0x00, 0x00, 0x00, 0x00,
    0x00, 0x00, 0x00, 0x00, 0x00, 0x00, 0x00, 0x00, 0x00, 0x00, 0x00, 0x00, 0x00, 0x00, 0x00, 0x00,
    0x00, 0x00, 0x00, 0x00, 0x00, 0x00, 0x00, 0x00, 0x00, 0x00, 0x00, 0x00, 0x00, 0x00, 0x00, 0x00,
    0x00, 0x00, 0x00, 0x00, 0x00, 0x00, 0x00, 0x00, 0x00, 0x00, 0x00, 0x00, 0x00, 0x00, 0x00, 0x00,
    0x00, 0x00, 0x00, 0x00, 0x00, 0x00, 0x00, 0x00, 0x00, 0x00, 0x00, 0x00, 0x00, 0x00, 0x00, 0x00,
    0x00, 0x00, 0x00, 0x00, 0x00, 0x00, 0x00, 0x00, 0x00, 0x00, 0x00, 0x00, 0x00, 0x00, 0x00, 0x00,
    0x00, 0x00, 0x00, 0x00, 0x00, 0x00, 0x00, 0x00, 0x00, 0x00, 0x00, 0x00, 0x00, 0x00, 0x00, 0x00,
    0x00, 0x00, 0x00, 0x00, 0x00, 0x00, 0x00, 0x00, 0x00, 0x00, 0x00, 0x00, 0x00, 0x00, 0x00, 0x00,
    0x00, 0x00, 0x00, 0x00, 0x00, 0x00, 0x00, 0x00, 0x00, 0x00, 0x00, 0x00, 0x00, 0x00, 0x00, 0x00,
    0x00, 0x00, 0x00, 0x00, 0x00, 0x00, 0x00, 0x00, 0x00, 0x00, 0x00, 0x00, 0x00, 0x00, 0x00, 0x00,
    0x00, 0x00, 0x00, 0x00, 0x00, 0x00, 0x00, 0x00, 0x00, 0x00, 0x00, 0x00, 0x00, 0x00, 0x00, 0x00,
    0x00, 0x00, 0x00, 0x00, 0x00, 0x00, 0x00, 0x00, 0x00, 0x00, 0x00, 0x00, 0x00, 0x00, 0x00, 0x00,
    0x00, 0x00, 0x00, 0x00, 0x00, 0x00, 0x00, 0x00, 0x00, 0x00, 0x00, 0x00, 0x00, 0x00, 0x00, 0x00,
    0x00, 0x00, 0x00, 0x00, 0x00, 0x00, 0x00, 0x00, 0x00, 0x00, 0x00, 0x00, 0x00, 0x00, 0x00, 0x00,
    0x00, 0x00, 0x00, 0x00, 0x00, 0x00, 0x00, 0x00, 0x00, 0x00, 0x00, 0x00, 0x00, 0x00, 0x00, 0x00,
    0x00, 0x00, 0x00, 0x00, 0x00, 0x00, 0x00, 0x00, 0x00, 0x00, 0x00, 0x00, 0x00, 0x00, 0x00, 0x00,
    0x00, 0x00, 0x00, 0x00, 0x00, 0x00, 0x00, 0x00, 0x00, 0x00, 0x00, 0x00, 0x00, 0x00, 0x00, 0x00,
    0x00, 0x00, 0x00, 0x00, 0x00, 0x00, 0x00, 0x00, 0x00, 0x00, 0x00, 0x00, 0x00, 0x00, 0x00, 0x00,
    0x00, 0x00, 0x00, 0x00, 0x00, 0x00, 0x00, 0x00, 0x00, 0x00, 0x00, 0x00, 0x00, 0x00, 0x00, 0x00,
    0x00, 0x00, 0x00, 0x00, 0x00, 0x00, 0x00, 0x00, 0x00, 0x00, 0x00, 0x00, 0x00, 0x00, 0x00, 0x00,
    0x00, 0x00, 0x00, 0x00, 0x00, 0x00, 0x00, 0x00, 0x00, 0x00, 0x00, 0x00, 0x00, 0x00, 0x00, 0x00,
    0x00, 0x00, 0x00, 0x00, 0x00, 0x00, 0x00, 0x00, 0x00, 0x00, 0x00, 0x00, 0x00, 0x00, 0x00, 0x00,
    0x00, 0x00, 0x00, 0x00, 0x00, 0x00, 0x00, 0x00, 0x00, 0x00, 0x00, 0x00, 0x00, 0x00, 0x00, 0x00,
    0x00, 0x00, 0x00, 0x00, 0x00, 0x00, 0x00, 0x00, 0x00, 0x00, 0x00, 0x00, 0x00, 0x00, 0x00, 0x00,
    0x00, 0x00, 0x00, 0x00, 0x00, 0x00, 0x00, 0x00, 0x00, 0x00, 0x00, 0x00, 0x00, 0x00, 0x00, 0x00,
    0x00, 0x00, 0x00, 0x00, 0x00, 0x00, 0x00, 0x00, 0x00, 0x00, 0x00, 0x00, 0x00, 0x00, 0x00, 0x00,
    0x00, 0x00, 0x00, 0x00, 0x00, 0x00, 0x00, 0x00, 0x00, 0x00, 0x00, 0x00, 0x00, 0x00, 0x00, 0x00,
    0x00, 0x00, 0x00, 0x00, 0x00, 0x00, 0x00, 0x00, 0x00, 0x00, 0x00, 0x00, 0x00, 0x00, 0x00, 0x00,
    0x00, 0x00, 0x00, 0x00, 0x00, 0x00, 0x00, 0x00, 0x00, 0x00, 0x00, 0x00, 0x00, 0x00, 0x00, 0x00,
    0x00, 0x00, 0x00, 0x00, 0x00, 0x00, 0x00, 0x00, 0x00, 0x00, 0x00, 0x00, 0x00, 0x00, 0x00, 0x00,
    0x00, 0x00, 0x00, 0x00, 0x00, 0x00, 0x00, 0x00, 0x00, 0x00, 0x00, 0x00, 0x00, 0x00, 0x00, 0x00,
    0x00, 0x00, 0x00, 0x00, 0x00, 0x00, 0x00, 0x00, 0x00, 0x00, 0x00, 0x00, 0x00, 0x00, 0x00, 0x00,
    0x00, 0x00, 0x00, 0x00, 0x00, 0x00, 0x00, 0x00, 0x00, 0x00, 0x00, 0x00, 0x00, 0x00, 0x00, 0x00,
    0x00, 0x00, 0x00, 0x00, 0x00, 0x00, 0x00, 0x00, 0x00, 0x00, 0x00, 0x00, 0x00, 0x00, 0x00, 0x00,
    0x00, 0x00, 0x00, 0x00, 0x00, 0x00, 0x00, 0x00, 0x00, 0x00, 0x00, 0x00, 0x00, 0x00, 0x00, 0x00,
    0x00, 0x00, 0x00, 0x00, 0x00, 0x00, 0x00, 0x00, 0x00, 0x00, 0x00, 0x00, 0x00, 0x00, 0x00, 0x00,
    0x00, 0x00, 0x00, 0x00, 0x00, 0x00, 0x00, 0x00, 0x00, 0x00, 0x00, 0x00, 0x00, 0x00, 0x00, 0x00,
    0x00, 0x00, 0x00, 0x00, 0x00, 0x00, 0x00, 0x00, 0x00, 0x00, 0x00, 0x00, 0x00, 0x00, 0x00, 0x00,
    0x00, 0x00, 0x00, 0x00, 0x00, 0x00, 0x00, 0x00, 0x00, 0x00, 0x00, 0x00, 0x00, 0x00, 0x00, 0x00,
    0x00, 0x00, 0x00, 0x00, 0x00, 0x00, 0x00, 0x00, 0x00, 0x00, 0x00, 0x00, 0x00, 0x00, 0x00, 0x00,
    0x00, 0x00, 0x00, 0x00, 0x00, 0x00, 0x00, 0x00, 0x00, 0x00, 0x00, 0x00, 0x00, 0x00, 0x00, 0x00,
    0x00, 0x00, 0x00, 0x00, 0x00, 0x00, 0x00, 0x00, 0x00, 0x00, 0x00, 0x00, 0x00, 0x00, 0x00, 0x00,
    0x00, 0x00, 0x00, 0x00, 0x00, 0x00, 0x00, 0x00, 0x00, 0x00, 0x00, 0x00, 0x00, 0x00, 0x00, 0x00,
    0x00, 0x00, 0x00, 0x00, 0x00, 0x00, 0x00, 0x00, 0x00, 0x00, 0x00, 0x00, 0x00, 0x00, 0x00, 0x00,
    0x00, 0x00, 0x00, 0x00, 0x00, 0x00, 0x00, 0x00, 0x00, 0x00, 0x00, 0x00, 0x00, 0x00, 0x00, 0x00,
    0x00, 0x00, 0x00, 0x00, 0x00, 0x00, 0x00, 0x00, 0x00, 0x00, 0x00, 0x00, 0x00, 0x00, 0x00, 0x00,
    0x00, 0x00, 0x00, 0x00, 0x00, 0x00, 0x00, 0x00, 0x00, 0x00, 0x00, 0x00, 0x00, 0x00, 0x00, 0x00,
    0x00, 0x00, 0x00, 0x00, 0x00, 0x00, 0x00, 0x00, 0x00, 0x00, 0x00, 0x00, 0x00, 0x00, 0x00, 0x00,
    0x00, 0x00, 0x00, 0x00, 0x00, 0x00, 0x00, 0x00, 0x00, 0x00, 0x00, 0x00, 0x00, 0x00, 0x00, 0x00,
    0x00, 0x00, 0x00, 0x00, 0x00, 0x00, 0x00, 0x00, 0x00, 0x00, 0x00, 0x00, 0x00, 0x00, 0x00, 0x00,
    0x00, 0x00, 0x00, 0x00, 0x00, 0x00, 0x00, 0x00, 0x00, 0x00, 0x00, 0x00, 0x00, 0x00, 0x00, 0x00,
    0x00, 0x00, 0x00, 0x00, 0x00, 0x00, 0x00, 0x00, 0x00, 0x00, 0x00, 0x00, 0x00, 0x00, 0x00, 0x00,
    0x00, 0x00, 0x00, 0x00, 0x00, 0x00, 0x00, 0x00, 0x00, 0x00, 0x00, 0x00, 0x00, 0x00, 0x00, 0x00,
    0x00, 0x00, 0x00, 0x00, 0x00, 0x00, 0x00, 0x00, 0x00, 0x00, 0x00, 0x00, 0x00, 0x00, 0x00, 0x00,
    0x00, 0x00, 0x00, 0x00, 0x00, 0x00, 0x00, 0x00, 0x00, 0x00, 0x00, 0x00, 0x00, 0x00, 0x00, 0x00,
    0x00, 0x00, 0x00, 0x00, 0x00, 0x00, 0x00, 0x00, 0x00, 0x00, 0x00, 0x00, 0x00, 0x00, 0x00, 0x00,
    0x00, 0x00, 0x00, 0x00, 0x00, 0x00, 0x00, 0x00, 0x00, 0x00, 0x00, 0x00, 0x00, 0x00, 0x00, 0x00,
    0x00, 0x00, 0x00, 0x00, 0x00, 0x00, 0x00, 0x00, 0x00, 0x00, 0x00, 0x00, 0x00, 0x00, 0x00, 0x00,
    0x00, 0x00, 0x00, 0x00, 0x00, 0x00, 0x00, 0x00, 0x00, 0x00, 0x00, 0x00, 0x00, 0x00, 0x00, 0x00,
    0x00, 0x00, 0x00, 0x00, 0x00, 0x00, 0x00, 0x00, 0x00, 0x00, 0x00, 0x00, 0x00, 0x00, 0x00, 0x00,
    0x00, 0x00, 0x00, 0x00, 0x00, 0x00, 0x00, 0x00, 0x00, 0x00, 0x00, 0x00, 0x00, 0x00, 0x00, 0x00,
    0x00, 0x00, 0x00, 0x00, 0x00, 0x00, 0x00, 0x00, 0x00, 0x00, 0x00, 0x00, 0x00, 0x00, 0x00, 0x00,
    0x00, 0x00, 0x00, 0x00, 0x00, 0x00, 0x00, 0x00, 0x00, 0x00, 0x00, 0x00, 0x00, 0x00, 0x00, 0x00,
    0x00, 0x00, 0x00, 0x00, 0x00, 0x00, 0x00, 0x00, 0x00, 0x00, 0x00, 0x00, 0x00, 0x00, 0x00, 0x00,
    0x00, 0x00, 0x00, 0x00, 0x00, 0x00, 0x00, 0x00, 0x00, 0x00, 0x00, 0x00, 0x00, 0x00, 0x00, 0x00,
    0x00, 0x00, 0x00, 0x00, 0x00, 0x00, 0x00, 0x00, 0x00, 0x00, 0x00, 0x00, 0x00, 0x00, 0x00, 0x00,
    0x00, 0x00, 0x00, 0x00, 0x00, 0x00, 0x00, 0x00, 0x00, 0x00, 0x00, 0x00, 0x00, 0x00, 0x00, 0x00,
    0x00, 0x00, 0x00, 0x00, 0x00, 0x00, 0x00, 0x00, 0x00, 0x00, 0x00, 0x00, 0x00, 0x00, 0x00, 0x00,
    0x00, 0x00, 0x00, 0x00, 0x00, 0x00, 0x00, 0x00, 0x00, 0x00, 0x00, 0x00, 0x00, 0x00, 0x00, 0x00,
    0x00, 0x00, 0x00, 0x00, 0x00, 0x00, 0x00, 0x00, 0x00, 0x00, 0x00, 0x00, 0x00, 0x00, 0x00, 0x00,
    0x00, 0x00, 0x00, 0x00, 0x00, 0x00, 0x00, 0x00, 0x00, 0x00, 0x00, 0x00, 0x00, 0x00, 0x00, 0x00,
    0x00, 0x00, 0x00, 0x00, 0x00, 0x00, 0x00, 0x00, 0x00, 0x00, 0x00, 0x00, 0x00, 0x00, 0x00, 0x00,
    0x00, 0x00, 0x00, 0x00, 0x00, 0x00, 0x00, 0x00, 0x00, 0x00, 0x00, 0x00, 0x00, 0x00, 0x00, 0x00,
    0x00, 0x00, 0x00, 0x00, 0x00, 0x00, 0x00, 0x00, 0x00, 0x00, 0x00, 0x00, 0x00, 0x00, 0x00, 0x00,
    0x00, 0x00, 0x00, 0x00, 0x00, 0x00, 0x00, 0x00, 0x00, 0x00, 0x00, 0x00, 0x00, 0x00, 0x00, 0x00,
    0x00, 0x00, 0x00, 0x00, 0x00, 0x00, 0x00, 0x00, 0x00, 0x00, 0x00, 0x00, 0x00, 0x00, 0x00, 0x00,
    0x00, 0x00, 0x00, 0x00, 0x00, 0x00, 0x00, 0x00, 0x00, 0x00, 0x00, 0x00, 0x00, 0x00, 0x00, 0x00,
    0x00, 0x00, 0x00, 0x00, 0x00, 0x00, 0x00, 0x00, 0x00, 0x00, 0x00, 0x00, 0x00, 0x00, 0x00, 0x00,
    0x00, 0x00, 0x00, 0x00, 0x00, 0x00, 0x00, 0x00, 0x00, 0x00, 0x00, 0x00, 0x00, 0x00, 0x00, 0x00,
    0x00, 0x00, 0x00, 0x00, 0x00, 0x00, 0x00, 0x00, 0x00, 0x00, 0x00, 0x00, 0x00, 0x00, 0x00, 0x00,
    0x00, 0x00, 0x00, 0x00, 0x00, 0x00, 0x00, 0x00, 0x00, 0x00, 0x00, 0x00, 0x00, 0x00, 0x00, 0x00,
    0x00, 0x00, 0x00, 0x00, 0x00, 0x00, 0x00, 0x00, 0x00, 0x00, 0x00, 0x00, 0x00, 0x00, 0x00, 0x00,
    0x00, 0x00, 0x00, 0x00, 0x00, 0x00, 0x00, 0x00, 0x00, 0x00, 0x00, 0x00, 0x00, 0x00, 0x00, 0x00,
    0x00, 0x00, 0x00, 0x00, 0x00, 0x00, 0x00, 0x00, 0x00, 0x00, 0x00, 0x00, 0x00, 0x00, 0x00, 0x00,
    0x00, 0x00, 0x00, 0x00, 0x00, 0x00, 0x00, 0x00, 0x00, 0x00, 0x00, 0x00, 0x00, 0x00, 0x00, 0x00,
    0x00, 0x00, 0x00, 0x00, 0x00, 0x00, 0x00, 0x00, 0x00, 0x00, 0x00, 0x00, 0x00, 0x00, 0x00, 0x00,
    0x00, 0x00, 0x00, 0x00, 0x00, 0x00, 0x00, 0x00, 0x00, 0x00, 0x00, 0x00, 0x00, 0x00, 0x00, 0x00,
    0x00, 0x00, 0x00, 0x00, 0x00, 0x00, 0x00, 0x00, 0x00, 0x00, 0x00, 0x00, 0x00, 0x00, 0x00, 0x00,
    0x00, 0x00, 0x00, 0x00, 0x00, 0x00, 0x00, 0x00, 0x00, 0x00, 0x00, 0x00, 0x00, 0x00, 0x00, 0x00,
    0x00, 0x00, 0x00, 0x00, 0x00, 0x00, 0x00, 0x00, 0x00, 0x00, 0x00, 0x00, 0x00, 0x00, 0x00, 0x00,
    0x00, 0x00, 0x00, 0x00, 0x00, 0x00, 0x00, 0x00, 0x00, 0x00, 0x00, 0x00, 0x00, 0x00, 0x00, 0x00,
    0x00, 0x00, 0x00, 0x00, 0x00, 0x00, 0x00, 0x00, 0x00, 0x00, 0x00, 0x00, 0x00, 0x00, 0x00, 0x00,
    0x00, 0x00, 0x00, 0x00, 0x00, 0x00, 0x00, 0x00, 0x00, 0x00, 0x00, 0x00, 0x00, 0x00, 0x00, 0x00,
    0x00, 0x00, 0x00, 0x00, 0x00, 0x00, 0x00, 0x00, 0x00, 0x00, 0x00, 0x00, 0x00, 0x00, 0x00, 0x00,
    0x00, 0x00, 0x00, 0x00, 0x00, 0x00, 0x00, 0x00, 0x00, 0x00, 0x00, 0x00, 0x00, 0x00, 0x00, 0x00,
    0x00, 0x00, 0x00, 0x00, 0x00, 0x00, 0x00, 0x00, 0x00, 0x00, 0x00, 0x00, 0x00, 0x00, 0x00, 0x00,
    0x00, 0x00, 0x00, 0x00, 0x00, 0x00, 0x00, 0x00, 0x00, 0x00, 0x00, 0x00, 0x00, 0x00, 0x00, 0x00,
    0x00, 0x00, 0x00, 0x00, 0x00, 0x00, 0x00, 0x00, 0x00, 0x00, 0x00, 0x00, 0x00, 0x00, 0x00, 0x00,
    0x00, 0x00, 0x00, 0x00, 0x00, 0x00, 0x00, 0x00, 0x00, 0x00, 0x00, 0x00, 0x00, 0x00, 0x00, 0x00,
    0x00, 0x00, 0x00, 0x00, 0x00, 0x00, 0x00, 0x00, 0x00, 0x00, 0x00, 0x00, 0x00, 0x00, 0x00, 0x00,
    0x00, 0x00, 0x00, 0x00, 0x00, 0x00, 0x00, 0x00, 0x00, 0x00, 0x00, 0x00, 0x00, 0x00, 0x00, 0x00,
    0x00, 0x00, 0x00, 0x00, 0x00, 0x00, 0x00, 0x00, 0x00, 0x00, 0x00, 0x00, 0x00, 0x00, 0x00, 0x00,
    0x00, 0x00, 0x00, 0x00, 0x00, 0x00, 0x00, 0x00, 0x00, 0x00, 0x00, 0x00, 0x00, 0x00, 0x00, 0x00,
    0x00, 0x00, 0x00, 0x00, 0x00, 0x00, 0x00, 0x00, 0x00, 0x00, 0x00, 0x00, 0x00, 0x00, 0x00, 0x00,
    0x00, 0x00, 0x00, 0x00, 0x00, 0x00, 0x00, 0x00, 0x00, 0x00, 0x00, 0x00, 0x00, 0x00, 0x00, 0x00,
    0x00, 0x00, 0x00, 0x00, 0x00, 0x00, 0x00, 0x00, 0x00, 0x00, 0x00, 0x00, 0x00, 0x00, 0x00, 0x00,
    0x00, 0x00, 0x00, 0x00, 0x00, 0x00, 0x00, 0x00, 0x00, 0x00, 0x00, 0x00, 0x00, 0x00, 0x00, 0x00,
    0x00, 0x00, 0x00, 0x00, 0x00, 0x00, 0x00, 0x00, 0x00, 0x00, 0x00, 0x00, 0x00, 0x00, 0x00, 0x00,
    0x00, 0x00, 0x00, 0x00, 0x00, 0x00, 0x00, 0x00, 0x00, 0x00, 0x00, 0x00, 0x00, 0x00, 0x00, 0x00,
    0x00, 0x00, 0x00, 0x00, 0x00, 0x00, 0x00, 0x00, 0x00, 0x00, 0x00, 0x00, 0x00, 0x00, 0x00, 0x00,
    0x00, 0x00, 0x00, 0x00, 0x00, 0x00, 0x00, 0x00, 0x00, 0x00, 0x00, 0x00, 0x00, 0x00, 0x00, 0x00,
    0x00, 0x00, 0x00, 0x00, 0x00, 0x00, 0x00, 0x00, 0x00, 0x00, 0x00, 0x00, 0x00, 0x00, 0x00, 0x00,
    0x00, 0x00, 0x00, 0x00, 0x00, 0x00, 0x00, 0x00, 0x00, 0x00, 0x00, 0x00, 0x00, 0x00, 0x00, 0x00,
    0x00, 0x00, 0x00, 0x00, 0x00, 0x00, 0x00, 0x00, 0x00, 0x00, 0x00, 0x00, 0x00, 0x00, 0x00, 0x00,
    0x00, 0x00, 0x00, 0x00, 0x00, 0x00, 0x00, 0x00, 0x00, 0x00, 0x00, 0x00, 0x00, 0x00, 0x00, 0x00,
    0x00, 0x00, 0x00, 0x00, 0x00, 0x00, 0x00, 0x00, 0x00, 0x00, 0x00, 0x00, 0x00, 0x00, 0x00, 0x00,
    0x00, 0x00, 0x00, 0x00, 0x00, 0x00, 0x00, 0x00, 0x00, 0x00, 0x00, 0x00, 0x00, 0x00, 0x00, 0x00,
    0x00, 0x00, 0x00, 0x00, 0x00, 0x00, 0x00, 0x00, 0x00, 0x00, 0x00, 0x00, 0x00, 0x00, 0x00, 0x00,
    0x00, 0x00, 0x00, 0x00, 0x00, 0x00, 0x00, 0x00, 0x00, 0x00, 0x00, 0x00, 0x00, 0x00, 0x00, 0x00,
    0x00, 0x00, 0x00, 0x00, 0x00, 0x00, 0x00, 0x00, 0x00, 0x00, 0x00, 0x00, 0x00, 0x00, 0x00, 0x00,
    0x00, 0x00, 0x00, 0x00, 0x00, 0x00, 0x00, 0x00, 0x00, 0x00, 0x00, 0x00, 0x00, 0x00, 0x00, 0x00,
    0x00, 0x00, 0x00, 0x00, 0x00, 0x00, 0x00, 0x00, 0x00, 0x00, 0x00, 0x00, 0x00, 0x00, 0x00, 0x00,
    0x00, 0x00, 0x00, 0x00, 0x00, 0x00, 0x00, 0x00, 0x00, 0x00, 0x00, 0x00, 0x00, 0x00, 0x00, 0x00,
    0x00, 0x00, 0x00, 0x00, 0x00, 0x00, 0x00, 0x00, 0x00, 0x00, 0x00, 0x00, 0x00, 0x00, 0x00, 0x00,
    0x00, 0x00, 0x00, 0x00, 0x00, 0x00, 0x00, 0x00, 0x00, 0x00, 0x00, 0x00, 0x00, 0x00, 0x00, 0x00,
    0x00, 0x00, 0x00, 0x00, 0x00, 0x00, 0x00, 0x00, 0x00, 0x00, 0x00, 0x00, 0x00, 0x00, 0x00, 0x00,
    0x00, 0x00, 0x00, 0x00, 0x00, 0x00, 0x00, 0x00, 0x00, 0x00, 0x00, 0x00, 0x00, 0x00, 0x00, 0x00,
    0x00, 0x00, 0x00, 0x00, 0x00, 0x00, 0x00, 0x00, 0x00, 0x00, 0x00, 0x00, 0x00, 0x00, 0x00, 0x00,
    0x00, 0x00, 0x00, 0x00, 0x00, 0x00, 0x00, 0x00, 0x00, 0x00, 0x00, 0x00, 0x00, 0x00, 0x00, 0x00,
    0x00, 0x00, 0x00, 0x00, 0x00, 0x00, 0x00, 0x00, 0x00, 0x00, 0x00, 0x00, 0x00, 0x00, 0x00, 0x00,
    0x00, 0x00, 0x00, 0x00, 0x00, 0x00, 0x00, 0x00, 0x00, 0x00, 0x00, 0x00, 0x00, 0x00, 0x00, 0x00,
    0x00, 0x00, 0x00, 0x00, 0x00, 0x00, 0x00, 0x33, 0x09, 0x06, 0x19, 0x31, 0x03, 0x2f, 0x01, 0x76,
    0x74, 0x5f, 0x67, 0x76, 0x63, 0x47, 0x61, 0x6d, 0x65, 0x56, 0x69, 0x65, 0x77, 0x43, 0x6f, 0x6e,
    0x74, 0x72, 0x6f, 0x6c, 0x6c, 0x65, 0x72, 0x62, 0xa9, 0x28, 0x47, 0x55, 0x49, 0x56, 0x69, 0x65,
    0x77, 0x43, 0x6f, 0x6e, 0x74, 0x72, 0x6f, 0x6c, 0x6c, 0x65, 0x72, 0x0c, 0x4c, 0x08, 0x06, 0x39,
    0x39, 0x03, 0x39, 0x01, 0x76, 0x74, 0x5f, 0x6d, 0x6f, 0x6e, 0x73, 0x74, 0x65, 0x72, 0x5f, 0x65,
    0x6e, 0x74, 0x69, 0x74, 0x79, 0x5f, 0x63, 0x6f, 0x6d, 0x70, 0x4d, 0x6f, 0x6e, 0x73, 0x74, 0x65,
    0x72, 0x45, 0x6e, 0x74, 0x69, 0x74, 0x79, 0x43, 0x6f, 0x6d, 0x70, 0x6f, 0x6e, 0x65, 0x6e, 0x74,
    0x61, 0xf0, 0x50, 0x4d, 0x6f, 0x6e, 0x73, 0x74, 0x65, 0x72, 0x45, 0x6e, 0x74, 0x69, 0x74, 0x79,
    0x43, 0x6f, 0x6d, 0x70, 0x6f, 0x6e, 0x65, 0x6e, 0x74, 0x21, 0x43, 0x07, 0x06, 0x33, 0x33, 0x03,
    0x33, 0x01, 0x76, 0x74, 0x5f, 0x68, 0x65, 0x72, 0x6f, 0x5f, 0x65, 0x6e, 0x74, 0x69, 0x74, 0x79,
    0x5f, 0x63, 0x6f, 0x6d, 0x70, 0x48, 0x65, 0x72, 0x6f, 0x45, 0x6e, 0x74, 0x69, 0x74, 0x79, 0x43,
    0x6f, 0x6d, 0x70, 0x6f, 0x6e, 0x65, 0x6e, 0x74, 0x61, 0xeb, 0x40, 0x48, 0x65, 0x72, 0x6f, 0x45,
    0x6e, 0x74, 0x69, 0x74, 0x79, 0x43, 0x6f, 0x6d, 0x70, 0x6f, 0x6e, 0x65, 0x6e, 0x74, 0x21, 0x36,
    0x06, 0x06, 0x29, 0x2b, 0x03, 0x2b, 0x01, 0x76, 0x74, 0x5f, 0x65, 0x6e, 0x74, 0x69, 0x74, 0x79,
    0x5f, 0x63, 0x6f, 0x6d, 0x70, 0x45, 0x6e, 0x74, 0x69, 0x74, 0x79, 0x43, 0x6f, 0x6d, 0x70, 0x6f,
    0x6e, 0x65, 0x6e, 0x74, 0x61, 0xe1, 0xd0, 0x45, 0x6e, 0x74, 0x69, 0x74, 0x79, 0x43, 0x6f, 0x6d,
    0x70, 0x6f, 0x6e, 0x65, 0x6e, 0x74, 0x21, 0x36, 0x05, 0x06, 0x29, 0x2b, 0x03, 0x2b, 0x01, 0x76,
    0x74, 0x5f, 0x68, 0x65, 0x61, 0x6c, 0x74, 0x68, 0x5f, 0x63, 0x6f, 0x6d, 0x70, 0x48, 0x65, 0x61,
    0x6c, 0x74, 0x68, 0x43, 0x6f, 0x6d, 0x70, 0x6f, 0x6e, 0x65, 0x6e, 0x74, 0x61, 0xe9, 0x20, 0x48,
    0x65, 0x61, 0x6c, 0x74, 0x68, 0x43, 0x6f, 0x6d, 0x70, 0x6f, 0x6e, 0x65, 0x6e, 0x74, 0x21, 0x28,
    0x04, 0x06, 0x25, 0x1f, 0x03, 0x1f, 0x01, 0x76, 0x74, 0x5f, 0x63, 0x6f, 0x6d, 0x70, 0x6f, 0x6e,
    0x65, 0x6e, 0x74, 0x43, 0x6f, 0x6d, 0x70, 0x6f, 0x6e, 0x65, 0x6e, 0x74, 0x61, 0xbf, 0xd8, 0x43,
    0x6f, 0x6d, 0x70, 0x6f, 0x6e, 0x65, 0x6e, 0x74, 0x21, 0x2e, 0x03, 0x06, 0x29, 0x23, 0x03, 0x23,
    0x01, 0x76, 0x74, 0x5f, 0x73, 0x63, 0x65, 0x6e, 0x65, 0x6f, 0x62, 0x6a, 0x65, 0x63, 0x74, 0x53,
    0x63, 0x65, 0x6e, 0x65, 0x4f, 0x62, 0x6a, 0x65, 0x63, 0x74, 0x63, 0x39, 0xf8, 0x53, 0x63, 0x65,
    0x6e, 0x65, 0x4f, 0x62, 0x6a, 0x65, 0x63, 0x74, 0x0a, 0x1c, 0x02, 0x06, 0x1d, 0x17, 0x03, 0x17,
    0x01, 0x76, 0x74, 0x5f, 0x73, 0x63, 0x65, 0x6e, 0x65, 0x53, 0x63, 0x65, 0x6e, 0x65, 0x63, 0x36,
    0xa0, 0x53, 0x63, 0x65, 0x6e, 0x65, 0x08, 0x37, 0x01, 0x06, 0x19, 0x33, 0x03, 0x35, 0x01, 0x76,
    0x74, 0x5f, 0x67, 0x73, 0x63, 0x47, 0x61, 0x6d, 0x65, 0x53, 0x63, 0x65, 0x6e, 0x65, 0x43, 0x6f,
    0x6e, 0x74, 0x72, 0x6f, 0x6c, 0x6c, 0x65, 0x72, 0x62, 0xa5, 0xe0, 0x49, 0x47, 0x61, 0x6d, 0x65,
    0x43, 0x6f, 0x6e, 0x74, 0x72, 0x6f, 0x6c, 0x44, 0x65, 0x6c, 0x65, 0x67, 0x61, 0x74, 0x65, 0x02,
    0x0a, 0x00, 0x00, 0x00, 0x09, 0x0f, 0x61, 0x00, 0x0f, 0xc5, 0x0f, 0x9f, 0x0f, 0xf6, 0x0f, 0x61,
    0x0f, 0xb2, 0x0f, 0x87, 0x0f, 0x6c, 0x0f, 0xe9, 0x0f, 0xd6, 0x00, 0x00, 0x00, 0x00, 0x00, 0x00,
    0x00, 0x00, 0x00, 0x00, 0x00, 0x00, 0x00, 0x00, 0x00, 0x00, 0x00, 0x00, 0x00, 0x00, 0x00, 0x00,
    0x00, 0x00, 0x00, 0x00, 0x00, 0x00, 0x00, 0x00, 0x00, 0x00, 0x00, 0x00, 0x00, 0x00, 0x00, 0x00,
    0x00, 0x00, 0x00, 0x00, 0x00, 0x00, 0x00, 0x00, 0x00, 0x00, 0x00, 0x00, 0x00, 0x00, 0x00, 0x00,
    0x00, 0x00, 0x00, 0x00, 0x00, 0x00, 0x00, 0x00, 0x00, 0x00, 0x00, 0x00, 0x00, 0x00, 0x00, 0x00,
    0x00, 0x00, 0x00, 0x00, 0x00, 0x00, 0x00, 0x00, 0x00, 0x00, 0x00, 0x00, 0x00, 0x00, 0x00, 0x00,
    0x00, 0x00, 0x00, 0x00, 0x00, 0x00, 0x00, 0x00, 0x00, 0x00, 0x00, 0x00, 0x00, 0x00, 0x00, 0x00,
    0x00, 0x00, 0x00, 0x00, 0x00, 0x00, 0x00, 0x00, 0x00, 0x00, 0x00, 0x00, 0x00, 0x00, 0x00, 0x00,
    0x00, 0x00, 0x00, 0x00, 0x00, 0x00, 0x00, 0x00, 0x00, 0x00, 0x00, 0x00, 0x00, 0x00, 0x00, 0x00,
    0x00, 0x00, 0x00, 0x00, 0x00, 0x00, 0x00, 0x00, 0x00, 0x00, 0x00, 0x00, 0x00, 0x00, 0x00, 0x00,
    0x00, 0x00, 0x00, 0x00, 0x00, 0x00, 0x00, 0x00, 0x00, 0x00, 0x00, 0x00, 0x00, 0x00, 0x00, 0x00,
    0x00, 0x00, 0x00, 0x00, 0x00, 0x00, 0x00, 0x00, 0x00, 0x00, 0x00, 0x00, 0x00, 0x00, 0x00, 0x00,
    0x00, 0x00, 0x00, 0x00, 0x00, 0x00, 0x00, 0x00, 0x00, 0x00, 0x00, 0x00, 0x00, 0x00, 0x00, 0x00,
    0x00, 0x00, 0x00, 0x00, 0x00, 0x00, 0x00, 0x00, 0x00, 0x00, 0x00, 0x00, 0x00, 0x00, 0x00, 0x00,
    0x00, 0x00, 0x00, 0x00, 0x00, 0x00, 0x00, 0x00, 0x00, 0x00, 0x00, 0x00, 0x00, 0x00, 0x00, 0x00,
    0x00, 0x00, 0x00, 0x00, 0x00, 0x00, 0x00, 0x00, 0x00, 0x00, 0x00, 0x00, 0x00, 0x00, 0x00, 0x00,
    0x00, 0x00, 0x00, 0x00, 0x00, 0x00, 0x00, 0x00, 0x00, 0x00, 0x00, 0x00, 0x00, 0x00, 0x00, 0x00,
    0x00, 0x00, 0x00, 0x00, 0x00, 0x00, 0x00, 0x00, 0x00, 0x00, 0x00, 0x00, 0x00, 0x00, 0x00, 0x00,
    0x00, 0x00, 0x00, 0x00, 0x00, 0x00, 0x00, 0x00, 0x00, 0x00, 0x00, 0x00, 0x00, 0x00, 0x00, 0x00,
    0x00, 0x00, 0x00, 0x00, 0x00, 0x00, 0x00, 0x00, 0x00, 0x00, 0x00, 0x00, 0x00, 0x00, 0x00, 0x00,
    0x00, 0x00, 0x00, 0x00, 0x00, 0x00, 0x00, 0x00, 0x00, 0x00, 0x00, 0x00, 0x00, 0x00, 0x00, 0x00,
    0x00, 0x00, 0x00, 0x00, 0x00, 0x00, 0x00, 0x00, 0x00, 0x00, 0x00, 0x00, 0x00, 0x00, 0x00, 0x00,
    0x00, 0x00, 0x00, 0x00, 0x00, 0x00, 0x00, 0x00, 0x00, 0x00, 0x00, 0x00, 0x00, 0x00, 0x00, 0x00,
    0x00, 0x00, 0x00, 0x00, 0x00, 0x00, 0x00, 0x00, 0x00, 0x00, 0x00, 0x00, 0x00, 0x00, 0x00, 0x00,
    0x00, 0x00, 0x00, 0x00, 0x00, 0x00, 0x00, 0x00, 0x00, 0x00, 0x00, 0x00, 0x00, 0x00, 0x00, 0x00,
    0x00, 0x00, 0x00, 0x00, 0x00, 0x00, 0x00, 0x00, 0x00, 0x00, 0x00, 0x00, 0x00, 0x00, 0x00, 0x00,
    0x00, 0x00, 0x00, 0x00, 0x00, 0x00, 0x00, 0x00, 0x00, 0x00, 0x00, 0x00, 0x00, 0x00, 0x00, 0x00,
    0x00, 0x00, 0x00, 0x00, 0x00, 0x00, 0x00, 0x00, 0x00, 0x00, 0x00, 0x00, 0x00, 0x00, 0x00, 0x00,
    0x00, 0x00, 0x00, 0x00, 0x00, 0x00, 0x00, 0x00, 0x00, 0x00, 0x00, 0x00, 0x00, 0x00, 0x00, 0x00,
    0x00, 0x00, 0x00, 0x00, 0x00, 0x00, 0x00, 0x00, 0x00, 0x00, 0x00, 0x00, 0x00, 0x00, 0x00, 0x00,
    0x00, 0x00, 0x00, 0x00, 0x00, 0x00, 0x00, 0x00, 0x00, 0x00, 0x00, 0x00, 0x00, 0x00, 0x00, 0x00,
    0x00, 0x00, 0x00, 0x00, 0x00, 0x00, 0x00, 0x00, 0x00, 0x00, 0x00, 0x00, 0x00, 0x00, 0x00, 0x00,
    0x00, 0x00, 0x00, 0x00, 0x00, 0x00, 0x00, 0x00, 0x00, 0x00, 0x00, 0x00, 0x00, 0x00, 0x00, 0x00,
    0x00, 0x00, 0x00, 0x00, 0x00, 0x00, 0x00, 0x00, 0x00, 0x00, 0x00, 0x00, 0x00, 0x00, 0x00, 0x00,
    0x00, 0x00, 0x00, 0x00, 0x00, 0x00, 0x00, 0x00, 0x00, 0x00, 0x00, 0x00, 0x00, 0x00, 0x00, 0x00,
    0x00, 0x00, 0x00, 0x00, 0x00, 0x00, 0x00, 0x00, 0x00, 0x00, 0x00, 0x00, 0x00, 0x00, 0x00, 0x00,
    0x00, 0x00, 0x00, 0x00, 0x00, 0x00, 0x00, 0x00, 0x00, 0x00, 0x00, 0x00, 0x00, 0x00, 0x00, 0x00,
    0x00, 0x00, 0x00, 0x00, 0x00, 0x00, 0x00, 0x00, 0x00, 0x00, 0x00, 0x00, 0x00, 0x00, 0x00, 0x00,
    0x00, 0x00, 0x00, 0x00, 0x00, 0x00, 0x00, 0x00, 0x00, 0x00, 0x00, 0x00, 0x00, 0x00, 0x00, 0x00,
    0x00, 0x00, 0x00, 0x00, 0x00, 0x00, 0x00, 0x00, 0x00, 0x00, 0x00, 0x00, 0x00, 0x00, 0x00, 0x00,
    0x00, 0x00, 0x00, 0x00, 0x00, 0x00, 0x00, 0x00, 0x00, 0x00, 0x00, 0x00, 0x00, 0x00, 0x00, 0x00,
    0x00, 0x00, 0x00, 0x00, 0x00, 0x00, 0x00, 0x00, 0x00, 0x00, 0x00, 0x00, 0x00, 0x00, 0x00, 0x00,
    0x00, 0x00, 0x00, 0x00, 0x00, 0x00, 0x00, 0x00, 0x00, 0x00, 0x00, 0x00, 0x00, 0x00, 0x00, 0x00,
    0x00, 0x00, 0x00, 0x00, 0x00, 0x00, 0x00, 0x00, 0x00, 0x00, 0x00, 0x00, 0x00, 0x00, 0x00, 0x00,
    0x00, 0x00, 0x00, 0x00, 0x00, 0x00, 0x00, 0x00, 0x00, 0x00, 0x00, 0x00, 0x00, 0x00, 0x00, 0x00,
    0x00, 0x00, 0x00, 0x00, 0x00, 0x00, 0x00, 0x00, 0x00, 0x00, 0x00, 0x00, 0x00, 0x00, 0x00, 0x00,
    0x00, 0x00, 0x00, 0x00, 0x00, 0x00, 0x00, 0x00, 0x00, 0x00, 0x00, 0x00, 0x00, 0x00, 0x00, 0x00,
    0x00, 0x00, 0x00, 0x00, 0x00, 0x00, 0x00, 0x00, 0x00, 0x00, 0x00, 0x00, 0x00, 0x00, 0x00, 0x00,
    0x00, 0x00, 0x00, 0x00, 0x00, 0x00, 0x00, 0x00, 0x00, 0x00, 0x00, 0x00, 0x00, 0x00, 0x00, 0x00,
    0x00, 0x00, 0x00, 0x00, 0x00, 0x00, 0x00, 0x00, 0x00, 0x00, 0x00, 0x00, 0x00, 0x00, 0x00, 0x00,
    0x00, 0x00, 0x00, 0x00, 0x00, 0x00, 0x00, 0x00, 0x00, 0x00, 0x00, 0x00, 0x00, 0x00, 0x00, 0x00,
    0x00, 0x00, 0x00, 0x00, 0x00, 0x00, 0x00, 0x00, 0x00, 0x00, 0x00, 0x00, 0x00, 0x00, 0x00, 0x00,
    0x00, 0x00, 0x00, 0x00, 0x00, 0x00, 0x00, 0x00, 0x00, 0x00, 0x00, 0x00, 0x00, 0x00, 0x00, 0x00,
    0x00, 0x00, 0x00, 0x00, 0x00, 0x00, 0x00, 0x00, 0x00, 0x00, 0x00, 0x00, 0x00, 0x00, 0x00, 0x00,
    0x00, 0x00, 0x00, 0x00, 0x00, 0x00, 0x00, 0x00, 0x00, 0x00, 0x00, 0x00, 0x00, 0x00, 0x00, 0x00,
    0x00, 0x00, 0x00, 0x00, 0x00, 0x00, 0x00, 0x00, 0x00, 0x00, 0x00, 0x00, 0x00, 0x00, 0x00, 0x00,
    0x00, 0x00, 0x00, 0x00, 0x00, 0x00, 0x00, 0x00, 0x00, 0x00, 0x00, 0x00, 0x00, 0x00, 0x00, 0x00,
    0x00, 0x00, 0x00, 0x00, 0x00, 0x00, 0x00, 0x00, 0x00, 0x00, 0x00, 0x00, 0x00, 0x00, 0x00, 0x00,
    0x00, 0x00, 0x00, 0x00, 0x00, 0x00, 0x00, 0x00, 0x00, 0x00, 0x00, 0x00, 0x00, 0x00, 0x00, 0x00,
    0x00, 0x00, 0x00, 0x00, 0x00, 0x00, 0x00, 0x00, 0x00, 0x00, 0x00, 0x00, 0x00, 0x00, 0x00, 0x00,
    0x00, 0x00, 0x00, 0x00, 0x00, 0x00, 0x00, 0x00, 0x00, 0x00, 0x00, 0x00, 0x00, 0x00, 0x00, 0x00,
    0x00, 0x00, 0x00, 0x00, 0x00, 0x00, 0x00, 0x00, 0x00, 0x00, 0x00, 0x00, 0x00, 0x00, 0x00, 0x00,
    0x00, 0x00, 0x00, 0x00, 0x00, 0x00, 0x00, 0x00, 0x00, 0x00, 0x00, 0x00, 0x00, 0x00, 0x00, 0x00,
    0x00, 0x00, 0x00, 0x00, 0x00, 0x00, 0x00, 0x00, 0x00, 0x00, 0x00, 0x00, 0x00, 0x00, 0x00, 0x00,
    0x00, 0x00, 0x00, 0x00, 0x00, 0x00, 0x00, 0x00, 0x00, 0x00, 0x00, 0x00, 0x00, 0x00, 0x00, 0x00,
    0x00, 0x00, 0x00, 0x00, 0x00, 0x00, 0x00, 0x00, 0x00, 0x00, 0x00, 0x00, 0x00, 0x00, 0x00, 0x00,
    0x00, 0x00, 0x00, 0x00, 0x00, 0x00, 0x00, 0x00, 0x00, 0x00, 0x00, 0x00, 0x00, 0x00, 0x00, 0x00,
    0x00, 0x00, 0x00, 0x00, 0x00, 0x00, 0x00, 0x00, 0x00, 0x00, 0x00, 0x00, 0x00, 0x00, 0x00, 0x00,
    0x00, 0x00, 0x00, 0x00, 0x00, 0x00, 0x00, 0x00, 0x00, 0x00, 0x00, 0x00, 0x00, 0x00, 0x00, 0x00,
    0x00, 0x00, 0x00, 0x00, 0x00, 0x00, 0x00, 0x00, 0x00, 0x00, 0x00, 0x00, 0x00, 0x00, 0x00, 0x00,
    0x00, 0x00, 0x00, 0x00, 0x00, 0x00, 0x00, 0x00, 0x00, 0x00, 0x00, 0x00, 0x00, 0x00, 0x00, 0x00,
    0x00, 0x00, 0x00, 0x00, 0x00, 0x00, 0x00, 0x00, 0x00, 0x00, 0x00, 0x00, 0x00, 0x00, 0x00, 0x00,
    0x00, 0x00, 0x00, 0x00, 0x00, 0x00, 0x00, 0x00, 0x00, 0x00, 0x00, 0x00, 0x00, 0x00, 0x00, 0x00,
    0x00, 0x00, 0x00, 0x00, 0x00, 0x00, 0x00, 0x00, 0x00, 0x00, 0x00, 0x00, 0x00, 0x00, 0x00, 0x00,
    0x00, 0x00, 0x00, 0x00, 0x00, 0x00, 0x00, 0x00, 0x00, 0x00, 0x00, 0x00, 0x00, 0x00, 0x00, 0x00,
    0x00, 0x00, 0x00, 0x00, 0x00, 0x00, 0x00, 0x00, 0x00, 0x00, 0x00, 0x00, 0x00, 0x00, 0x00, 0x00,
    0x00, 0x00, 0x00, 0x00, 0x00, 0x00, 0x00, 0x00, 0x00, 0x00, 0x00, 0x00, 0x00, 0x00, 0x00, 0x00,
    0x00, 0x00, 0x00, 0x00, 0x00, 0x00, 0x00, 0x00, 0x00, 0x00, 0x00, 0x00, 0x00, 0x00, 0x00, 0x00,
    0x00, 0x00, 0x00, 0x00, 0x00, 0x00, 0x00, 0x00, 0x00, 0x00, 0x00, 0x00, 0x00, 0x00, 0x00, 0x00,
    0x00, 0x00, 0x00, 0x00, 0x00, 0x00, 0x00, 0x00, 0x00, 0x00, 0x00, 0x00, 0x00, 0x00, 0x00, 0x00,
    0x00, 0x00, 0x00, 0x00, 0x00, 0x00, 0x00, 0x00, 0x00, 0x00, 0x00, 0x00, 0x00, 0x00, 0x00, 0x00,
    0x00, 0x00, 0x00, 0x00, 0x00, 0x00, 0x00, 0x00, 0x00, 0x00, 0x00, 0x00, 0x00, 0x00, 0x00, 0x00,
    0x00, 0x00, 0x00, 0x00, 0x00, 0x00, 0x00, 0x00, 0x00, 0x00, 0x00, 0x00, 0x00, 0x00, 0x00, 0x00,
    0x00, 0x00, 0x00, 0x00, 0x00, 0x00, 0x00, 0x00, 0x00, 0x00, 0x00, 0x00, 0x00, 0x00, 0x00, 0x00,
    0x00, 0x00, 0x00, 0x00, 0x00, 0x00, 0x00, 0x00, 0x00, 0x00, 0x00, 0x00, 0x00, 0x00, 0x00, 0x00,
    0x00, 0x00, 0x00, 0x00, 0x00, 0x00, 0x00, 0x00, 0x00, 0x00, 0x00, 0x00, 0x00, 0x00, 0x00, 0x00,
    0x00, 0x00, 0x00, 0x00, 0x00, 0x00, 0x00, 0x00, 0x00, 0x00, 0x00, 0x00, 0x00, 0x00, 0x00, 0x00,
    0x00, 0x00, 0x00, 0x00, 0x00, 0x00, 0x00, 0x00, 0x00, 0x00, 0x00, 0x00, 0x00, 0x00, 0x00, 0x00,
    0x00, 0x00, 0x00, 0x00, 0x00, 0x00, 0x00, 0x00, 0x00, 0x00, 0x00, 0x00, 0x00, 0x00, 0x00, 0x00,
    0x00, 0x00, 0x00, 0x00, 0x00, 0x00, 0x00, 0x00, 0x00, 0x00, 0x00, 0x00, 0x00, 0x00, 0x00, 0x00,
    0x00, 0x00, 0x00, 0x00, 0x00, 0x00, 0x00, 0x00, 0x00, 0x00, 0x00, 0x00, 0x00, 0x00, 0x00, 0x00,
    0x00, 0x00, 0x00, 0x00, 0x00, 0x00, 0x00, 0x00, 0x00, 0x00, 0x00, 0x00, 0x00, 0x00, 0x00, 0x00,
    0x00, 0x00, 0x00, 0x00, 0x00, 0x00, 0x00, 0x00, 0x00, 0x00, 0x00, 0x00, 0x00, 0x00, 0x00, 0x00,
    0x00, 0x00, 0x00, 0x00, 0x00, 0x00, 0x00, 0x00, 0x00, 0x00, 0x00, 0x00, 0x00, 0x00, 0x00, 0x00,
    0x00, 0x00, 0x00, 0x00, 0x00, 0x00, 0x00, 0x00, 0x00, 0x00, 0x00, 0x00, 0x00, 0x00, 0x00, 0x00,
    0x00, 0x00, 0x00, 0x00, 0x00, 0x00, 0x00, 0x00, 0x00, 0x00, 0x00, 0x00, 0x00, 0x00, 0x00, 0x00,
    0x00, 0x00, 0x00, 0x00, 0x00, 0x00, 0x00, 0x00, 0x00, 0x00, 0x00, 0x00, 0x00, 0x00, 0x00, 0x00,
    0x00, 0x00, 0x00, 0x00, 0x00, 0x00, 0x00, 0x00, 0x00, 0x00, 0x00, 0x00, 0x00, 0x00, 0x00, 0x00,
    0x00, 0x00, 0x00, 0x00, 0x00, 0x00, 0x00, 0x00, 0x00, 0x00, 0x00, 0x00, 0x00, 0x00, 0x00, 0x00,
    0x00, 0x00, 0x00, 0x00, 0x00, 0x00, 0x00, 0x00, 0x00, 0x00, 0x00, 0x00, 0x00, 0x00, 0x00, 0x00,
    0x00, 0x00, 0x00, 0x00, 0x00, 0x00, 0x00, 0x00, 0x00, 0x00, 0x00, 0x00, 0x00, 0x00, 0x00, 0x00,
    0x00, 0x00, 0x00, 0x00, 0x00, 0x00, 0x00, 0x00, 0x00, 0x00, 0x00, 0x00, 0x00, 0x00, 0x00, 0x00,
    0x00, 0x00, 0x00, 0x00, 0x00, 0x00, 0x00, 0x00, 0x00, 0x00, 0x00, 0x00, 0x00, 0x00, 0x00, 0x00,
    0x00, 0x00, 0x00, 0x00, 0x00, 0x00, 0x00, 0x00, 0x00, 0x00, 0x00, 0x00, 0x00, 0x00, 0x00, 0x00,
    0x00, 0x00, 0x00, 0x00, 0x00, 0x00, 0x00, 0x00, 0x00, 0x00, 0x00, 0x00, 0x00, 0x00, 0x00, 0x00,
    0x00, 0x00, 0x00, 0x00, 0x00, 0x00, 0x00, 0x00, 0x00, 0x00, 0x00, 0x00, 0x00, 0x00, 0x00, 0x00,
    0x00, 0x00, 0x00, 0x00, 0x00, 0x00, 0x00, 0x00, 0x00, 0x00, 0x00, 0x00, 0x00, 0x00, 0x00, 0x00,
    0x00, 0x00, 0x00, 0x00, 0x00, 0x00, 0x00, 0x00, 0x00, 0x00, 0x00, 0x00, 0x00, 0x00, 0x00, 0x00,
    0x00, 0x00, 0x00, 0x00, 0x00, 0x00, 0x00, 0x00, 0x00, 0x00, 0x00, 0x00, 0x00, 0x00, 0x00, 0x00,
    0x00, 0x00, 0x00, 0x00, 0x00, 0x00, 0x00, 0x00, 0x00, 0x00, 0x00, 0x00, 0x00, 0x00, 0x00, 0x00,
    0x00, 0x00, 0x00, 0x00, 0x00, 0x00, 0x00, 0x00, 0x00, 0x00, 0x00, 0x00, 0x00, 0x00, 0x00, 0x00,
    0x00, 0x00, 0x00, 0x00, 0x00, 0x00, 0x00, 0x00, 0x00, 0x00, 0x00, 0x00, 0x00, 0x00, 0x00, 0x00,
    0x00, 0x00, 0x00, 0x00, 0x00, 0x00, 0x00, 0x00, 0x00, 0x00, 0x00, 0x00, 0x00, 0x00, 0x00, 0x00,
    0x00, 0x00, 0x00, 0x00, 0x00, 0x00, 0x00, 0x00, 0x00, 0x00, 0x00, 0x00, 0x00, 0x00, 0x00, 0x00,
    0x00, 0x00, 0x00, 0x00, 0x00, 0x00, 0x00, 0x00, 0x00, 0x00, 0x00, 0x00, 0x00, 0x00, 0x00, 0x00,
    0x00, 0x00, 0x00, 0x00, 0x00, 0x00, 0x00, 0x00, 0x00, 0x00, 0x00, 0x00, 0x00, 0x00, 0x00, 0x00,
    0x00, 0x00, 0x00, 0x00, 0x00, 0x00, 0x00, 0x00, 0x00, 0x00, 0x00, 0x00, 0x00, 0x00, 0x00, 0x00,
    0x00, 0x00, 0x00, 0x00, 0x00, 0x00, 0x00, 0x00, 0x00, 0x00, 0x00, 0x00, 0x00, 0x00, 0x00, 0x00,
    0x00, 0x00, 0x00, 0x00, 0x00, 0x00, 0x00, 0x00, 0x00, 0x00, 0x00, 0x00, 0x00, 0x00, 0x00, 0x00,
    0x00, 0x00, 0x00, 0x00, 0x00, 0x00, 0x00, 0x00, 0x00, 0x00, 0x00, 0x00, 0x00, 0x00, 0x00, 0x00,
    0x00, 0x00, 0x00, 0x00, 0x00, 0x00, 0x00, 0x00, 0x00, 0x00, 0x00, 0x00, 0x00, 0x00, 0x00, 0x00,
    0x00, 0x00, 0x00, 0x00, 0x00, 0x00, 0x00, 0x00, 0x00, 0x00, 0x00, 0x00, 0x00, 0x00, 0x00, 0x00,
    0x00, 0x00, 0x00, 0x00, 0x00, 0x00, 0x00, 0x00, 0x00, 0x00, 0x00, 0x00, 0x00, 0x00, 0x00, 0x00,
    0x00, 0x00, 0x00, 0x00, 0x00, 0x00, 0x00, 0x00, 0x00, 0x00, 0x00, 0x00, 0x00, 0x00, 0x00, 0x00,
    0x00, 0x00, 0x00, 0x00, 0x00, 0x00, 0x00, 0x00, 0x00, 0x00, 0x00, 0x00, 0x00, 0x00, 0x00, 0x00,
    0x00, 0x00, 0x00, 0x00, 0x00, 0x00, 0x00, 0x00, 0x00, 0x00, 0x00, 0x00, 0x00, 0x00, 0x00, 0x00,
    0x00, 0x00, 0x00, 0x00, 0x00, 0x00, 0x00, 0x00, 0x00, 0x00, 0x00, 0x00, 0x00, 0x00, 0x00, 0x00,
    0x00, 0x00, 0x00, 0x00, 0x00, 0x00, 0x00, 0x00, 0x00, 0x00, 0x00, 0x00, 0x00, 0x00, 0x00, 0x00,
    0x00, 0x00, 0x00, 0x00, 0x00, 0x00, 0x00, 0x00, 0x00, 0x00, 0x00, 0x00, 0x00, 0x00, 0x00, 0x00,
    0x00, 0x00, 0x00, 0x00, 0x00, 0x00, 0x00, 0x00, 0x00, 0x00, 0x00, 0x00, 0x00, 0x00, 0x00, 0x00,
    0x00, 0x00, 0x00, 0x00, 0x00, 0x00, 0x00, 0x00, 0x00, 0x00, 0x00, 0x00, 0x00, 0x00, 0x00, 0x00,
    0x00, 0x00, 0x00, 0x00, 0x00, 0x00, 0x00, 0x00, 0x00, 0x00, 0x00, 0x00, 0x00, 0x00, 0x00, 0x00,
    0x00, 0x00, 0x00, 0x00, 0x00, 0x00, 0x00, 0x00, 0x00, 0x00, 0x00, 0x00, 0x00, 0x00, 0x00, 0x00,
    0x00, 0x00, 0x00, 0x00, 0x00, 0x00, 0x00, 0x00, 0x00, 0x00, 0x00, 0x00, 0x00, 0x00, 0x00, 0x00,
    0x00, 0x00, 0x00, 0x00, 0x00, 0x00, 0x00, 0x00, 0x00, 0x00, 0x00, 0x00, 0x00, 0x00, 0x00, 0x00,
    0x00, 0x00, 0x00, 0x00, 0x00, 0x00, 0x00, 0x00, 0x00, 0x00, 0x00, 0x00, 0x00, 0x00, 0x00, 0x00,
    0x00, 0x00, 0x00, 0x00, 0x00, 0x00, 0x00, 0x00, 0x00, 0x00, 0x00, 0x00, 0x00, 0x00, 0x00, 0x00,
    0x00, 0x00, 0x00, 0x00, 0x00, 0x00, 0x00, 0x00, 0x00, 0x00, 0x00, 0x00, 0x00, 0x00, 0x00, 0x00,
    0x00, 0x00, 0x00, 0x00, 0x00, 0x00, 0x00, 0x00, 0x00, 0x00, 0x00, 0x00, 0x00, 0x00, 0x00, 0x00,
    0x00, 0x00, 0x00, 0x00, 0x00, 0x00, 0x00, 0x00, 0x00, 0x00, 0x00, 0x00, 0x00, 0x00, 0x00, 0x00,
    0x00, 0x00, 0x00, 0x00, 0x00, 0x00, 0x00, 0x00, 0x00, 0x00, 0x00, 0x00, 0x00, 0x00, 0x00, 0x00,
    0x00, 0x00, 0x00, 0x00, 0x00, 0x00, 0x00, 0x00, 0x00, 0x00, 0x00, 0x00, 0x00, 0x00, 0x00, 0x00,
    0x00, 0x00, 0x00, 0x00, 0x00, 0x00, 0x00, 0x00, 0x00, 0x00, 0x00, 0x00, 0x00, 0x00, 0x00, 0x00,
    0x00, 0x00, 0x00, 0x00, 0x00, 0x00, 0x00, 0x00, 0x00, 0x00, 0x00, 0x00, 0x00, 0x00, 0x00, 0x00,
    0x00, 0x00, 0x00, 0x00, 0x00, 0x00, 0x00, 0x00, 0x00, 0x00, 0x00, 0x00, 0x00, 0x00, 0x00, 0x00,
    0x00, 0x00, 0x00, 0x00, 0x00, 0x00, 0x00, 0x00, 0x00, 0x00, 0x00, 0x00, 0x00, 0x00, 0x00, 0x00,
    0x00, 0x00, 0x00, 0x00, 0x00, 0x00, 0x00, 0x00, 0x00, 0x00, 0x00, 0x00, 0x00, 0x00, 0x00, 0x00,
    0x00, 0x00, 0x00, 0x00, 0x00, 0x00, 0x00, 0x00, 0x00, 0x00, 0x00, 0x00, 0x00, 0x00, 0x00, 0x00,
    0x00, 0x00, 0x00, 0x00, 0x00, 0x00, 0x00, 0x00, 0x00, 0x00, 0x00, 0x00, 0x00, 0x00, 0x00, 0x00,
    0x00, 0x00, 0x00, 0x00, 0x00, 0x00, 0x00, 0x00, 0x00, 0x00, 0x00, 0x00, 0x00, 0x00, 0x00, 0x00,
    0x00, 0x00, 0x00, 0x00, 0x00, 0x00, 0x00, 0x00, 0x00, 0x00, 0x00, 0x00, 0x00, 0x00, 0x00, 0x00,
    0x00, 0x00, 0x00, 0x00, 0x00, 0x00, 0x00, 0x00, 0x00, 0x00, 0x00, 0x00, 0x00, 0x00, 0x00, 0x00,
    0x00, 0x00, 0x00, 0x00, 0x00, 0x00, 0x00, 0x00, 0x00, 0x00, 0x00, 0x00, 0x00, 0x00, 0x00, 0x00,
    0x00, 0x00, 0x00, 0x00, 0x00, 0x00, 0x00, 0x00, 0x00, 0x00, 0x00, 0x00, 0x00, 0x00, 0x00, 0x00,
    0x00, 0x00, 0x00, 0x00, 0x00, 0x00, 0x00, 0x00, 0x00, 0x00, 0x00, 0x00, 0x00, 0x00, 0x00, 0x00,
    0x00, 0x00, 0x00, 0x00, 0x00, 0x00, 0x00, 0x00, 0x00, 0x00, 0x00, 0x00, 0x00, 0x00, 0x00, 0x00,
    0x00, 0x00, 0x00, 0x00, 0x00, 0x00, 0x00, 0x00, 0x00, 0x00, 0x00, 0x00, 0x00, 0x00, 0x00, 0x00,
    0x00, 0x00, 0x00, 0x00, 0x00, 0x00, 0x00, 0x00, 0x00, 0x00, 0x00, 0x00, 0x00, 0x00, 0x00, 0x00,
    0x00, 0x00, 0x00, 0x00, 0x00, 0x00, 0x00, 0x00, 0x00, 0x00, 0x00, 0x00, 0x00, 0x00, 0x00, 0x00,
    0x00, 0x00, 0x00, 0x00, 0x00, 0x00, 0x00, 0x00, 0x00, 0x00, 0x00, 0x00, 0x00, 0x00, 0x00, 0x00,
    0x00, 0x00, 0x00, 0x00, 0x00, 0x00, 0x00, 0x00, 0x00, 0x00, 0x00, 0x00, 0x00, 0x00, 0x00, 0x00,
    0x00, 0x00, 0x00, 0x00, 0x00, 0x00, 0x00, 0x00, 0x00, 0x00, 0x00, 0x00, 0x00, 0x00, 0x00, 0x00,
    0x00, 0x00, 0x00, 0x00, 0x00, 0x00, 0x00, 0x00, 0x00, 0x00, 0x00, 0x00, 0x00, 0x00, 0x00, 0x00,
    0x00, 0x00, 0x00, 0x00, 0x00, 0x00, 0x00, 0x00, 0x00, 0x00, 0x00, 0x00, 0x00, 0x00, 0x00, 0x00,
    0x00, 0x00, 0x00, 0x00, 0x00, 0x00, 0x00, 0x00, 0x00, 0x00, 0x00, 0x00, 0x00, 0x00, 0x00, 0x00,
    0x00, 0x00, 0x00, 0x00, 0x00, 0x00, 0x00, 0x00, 0x00, 0x00, 0x00, 0x00, 0x00, 0x00, 0x00, 0x00,
    0x00, 0x00, 0x00, 0x00, 0x00, 0x00, 0x00, 0x00, 0x00, 0x00, 0x00, 0x00, 0x00, 0x00, 0x00, 0x00,
    0x00, 0x00, 0x00, 0x00, 0x00, 0x00, 0x00, 0x00, 0x00, 0x00, 0x00, 0x00, 0x00, 0x00, 0x00, 0x00,
    0x00, 0x00, 0x00, 0x00, 0x00, 0x00, 0x00, 0x00, 0x00, 0x00, 0x00, 0x00, 0x00, 0x00, 0x00, 0x00,
    0x00, 0x00, 0x00, 0x00, 0x00, 0x00, 0x00, 0x00, 0x00, 0x00, 0x00, 0x00, 0x00, 0x00, 0x00, 0x00,
    0x00, 0x00, 0x00, 0x00, 0x00, 0x00, 0x00, 0x00, 0x00, 0x00, 0x00, 0x00, 0x00, 0x00, 0x00, 0x00,
    0x00, 0x00, 0x00, 0x00, 0x00, 0x00, 0x00, 0x00, 0x00, 0x00, 0x00, 0x00, 0x00, 0x00, 0x00, 0x00,
    0x00, 0x00, 0x00, 0x00, 0x00, 0x00, 0x00, 0x00, 0x00, 0x00, 0x00, 0x00, 0x00, 0x00, 0x00, 0x00,
    0x00, 0x00, 0x00, 0x00, 0x00, 0x00, 0x00, 0x00, 0x00, 0x00, 0x00, 0x00, 0x00, 0x00, 0x00, 0x00,
    0x00, 0x00, 0x00, 0x00, 0x00, 0x00, 0x00, 0x00, 0x00, 0x00, 0x00, 0x00, 0x00, 0x00, 0x00, 0x00,
    0x00, 0x00, 0x00, 0x00, 0x00, 0x00, 0x00, 0x00, 0x00, 0x00, 0x00, 0x00, 0x00, 0x00, 0x00, 0x00,
    0x00, 0x00, 0x00, 0x00, 0x00, 0x00, 0x00, 0x00, 0x00, 0x00, 0x00, 0x00, 0x00, 0x00, 0x00, 0x00,
    0x00, 0x00, 0x00, 0x00, 0x00, 0x00, 0x00, 0x00, 0x00, 0x00, 0x00, 0x00, 0x00, 0x00, 0x00, 0x00,
    0x00, 0x00, 0x00, 0x00, 0x00, 0x00, 0x00, 0x00, 0x00, 0x00, 0x00, 0x00, 0x00, 0x00, 0x00, 0x00,
    0x00, 0x00, 0x00, 0x00, 0x00, 0x00, 0x00, 0x00, 0x00, 0x00, 0x00, 0x00, 0x00, 0x00, 0x00, 0x00,
    0x00, 0x00, 0x00, 0x00, 0x00, 0x00, 0x00, 0x00, 0x00, 0x00, 0x00, 0x00, 0x00, 0x00, 0x00, 0x00,
    0x00, 0x00, 0x00, 0x00, 0x00, 0x00, 0x00, 0x00, 0x00, 0x00, 0x00, 0x00, 0x00, 0x00, 0x00, 0x00,
    0x00, 0x00, 0x00, 0x00, 0x00, 0x00, 0x00, 0x00, 0x00, 0x00, 0x00, 0x00, 0x00, 0x00, 0x00, 0x00,
    0x00, 0x00, 0x00, 0x00, 0x00, 0x00, 0x00, 0x00, 0x00, 0x00, 0x00, 0x00, 0x00, 0x00, 0x00, 0x00,
    0x00, 0x00, 0x00, 0x00, 0x00, 0x00, 0x00, 0x00, 0x00, 0x00, 0x00, 0x00, 0x00, 0x00, 0x00, 0x00,
    0x00, 0x00, 0x00, 0x00, 0x00, 0x00, 0x00, 0x00, 0x00, 0x00, 0x00, 0x00, 0x00, 0x00, 0x00, 0x00,
    0x00, 0x00, 0x00, 0x00, 0x00, 0x00, 0x00, 0x00, 0x00, 0x00, 0x00, 0x00, 0x00, 0x00, 0x00, 0x00,
    0x00, 0x00, 0x00, 0x00, 0x00, 0x00, 0x00, 0x00, 0x00, 0x00, 0x00, 0x00, 0x00, 0x00, 0x00, 0x00,
    0x00, 0x00, 0x00, 0x00, 0x00, 0x00, 0x00, 0x00, 0x00, 0x00, 0x00, 0x00, 0x00, 0x00, 0x00, 0x00,
    0x00, 0x00, 0x00, 0x00, 0x00, 0x00, 0x00, 0x00, 0x00, 0x00, 0x00, 0x00, 0x00, 0x00, 0x00, 0x00,
    0x00, 0x00, 0x00, 0x00, 0x00, 0x00, 0x00, 0x00, 0x00, 0x00, 0x00, 0x00, 0x00, 0x00, 0x00, 0x00,
    0x00, 0x00, 0x00, 0x00, 0x00, 0x00, 0x00, 0x00, 0x00, 0x00, 0x00, 0x00, 0x00, 0x00, 0x00, 0x00,
    0x00, 0x00, 0x00, 0x00, 0x00, 0x00, 0x00, 0x00, 0x00, 0x00, 0x00, 0x00, 0x00, 0x00, 0x00, 0x00,
    0x00, 0x00, 0x00, 0x00, 0x00, 0x00, 0x00, 0x00, 0x00, 0x00, 0x00, 0x00, 0x00, 0x00, 0x00, 0x00,
    0x00, 0x00, 0x00, 0x00, 0x00, 0x00, 0x00, 0x00, 0x00, 0x00, 0x00, 0x00, 0x00, 0x00, 0x00, 0x00,
    0x00, 0x00, 0x00, 0x00, 0x00, 0x00, 0x00, 0x00, 0x00, 0x00, 0x00, 0x00, 0x00, 0x00, 0x00, 0x00,
    0x00, 0x00, 0x00, 0x00, 0x00, 0x00, 0x00, 0x00, 0x00, 0x00, 0x00, 0x00, 0x00, 0x00, 0x00, 0x00,
    0x00, 0x00, 0x00, 0x00, 0x00, 0x00, 0x00, 0x00, 0x00, 0x00, 0x00, 0x00, 0x00, 0x00, 0x00, 0x00,
    0x00, 0x00, 0x00, 0x00, 0x00, 0x00, 0x00, 0x00, 0x00, 0x00, 0x00, 0x00, 0x00, 0x00, 0x00, 0x00,
    0x00, 0x00, 0x00, 0x00, 0x00, 0x00, 0x00, 0x00, 0x00, 0x00, 0x00, 0x00, 0x00, 0x00, 0x00, 0x00,
    0x00, 0x00, 0x00, 0x00, 0x00, 0x00, 0x00, 0x00, 0x00, 0x00, 0x00, 0x00, 0x00, 0x00, 0x00, 0x00,
    0x00, 0x00, 0x00, 0x00, 0x00, 0x00, 0x00, 0x00, 0x00, 0x00, 0x00, 0x00, 0x00, 0x00, 0x00, 0x00,
    0x00, 0x00, 0x00, 0x00, 0x00, 0x00, 0x00, 0x00, 0x00, 0x00, 0x00, 0x00, 0x00, 0x00, 0x00, 0x00,
    0x00, 0x00, 0x00, 0x00, 0x00, 0x00, 0x00, 0x00, 0x00, 0x00, 0x00, 0x00, 0x00, 0x00, 0x00, 0x00,
    0x00, 0x00, 0x00, 0x00, 0x00, 0x00, 0x00, 0x00, 0x00, 0x00, 0x00, 0x00, 0x00, 0x00, 0x00, 0x00,
    0x00, 0x00, 0x00, 0x00, 0x00, 0x00, 0x00, 0x00, 0x00, 0x00, 0x00, 0x00, 0x00, 0x00, 0x00, 0x00,
    0x00, 0x00, 0x00, 0x00, 0x00, 0x00, 0x00, 0x00, 0x00, 0x00, 0x00, 0x00, 0x00, 0x00, 0x00, 0x00,
    0x00, 0x00, 0x00, 0x00, 0x00, 0x00, 0x00, 0x00, 0x00, 0x00, 0x00, 0x00, 0x00, 0x00, 0x00, 0x00,
    0x00, 0x00, 0x00, 0x00, 0x00, 0x00, 0x00, 0x00, 0x00, 0x00, 0x00, 0x00, 0x00, 0x00, 0x00, 0x00,
    0x00, 0x00, 0x00, 0x00, 0x00, 0x00, 0x00, 0x00, 0x00, 0x00, 0x00, 0x00, 0x00, 0x00, 0x00, 0x00,
    0x00, 0x00, 0x00, 0x00, 0x00, 0x00, 0x00, 0x00, 0x00, 0x00, 0x00, 0x00, 0x00, 0x00, 0x00, 0x00,
    0x00, 0x00, 0x00, 0x00, 0x00, 0x00, 0x00, 0x00, 0x00, 0x00, 0x00, 0x00, 0x00, 0x00, 0x00, 0x00,
    0x00, 0x00, 0x00, 0x00, 0x00, 0x00, 0x00, 0x00, 0x00, 0x00, 0x00, 0x00, 0x00, 0x00, 0x00, 0x00,
    0x00, 0x00, 0x00, 0x00, 0x00, 0x00, 0x00, 0x00, 0x00, 0x00, 0x00, 0x00, 0x00, 0x00, 0x00, 0x00,
    0x00, 0x00, 0x00, 0x00, 0x00, 0x00, 0x00, 0x00, 0x00, 0x00, 0x00, 0x00, 0x00, 0x00, 0x00, 0x00,
    0x00, 0x00, 0x00, 0x00, 0x00, 0x00, 0x00, 0x00, 0x00, 0x00, 0x00, 0x00, 0x00, 0x00, 0x00, 0x00,
    0x00, 0x00, 0x00, 0x00, 0x00, 0x00, 0x00, 0x00, 0x00, 0x00, 0x00, 0x00, 0x00, 0x00, 0x00, 0x00,
    0x00, 0x00, 0x00, 0x00, 0x00, 0x00, 0x00, 0x00, 0x00, 0x00, 0x00, 0x00, 0x00, 0x00, 0x00, 0x00,
    0x00, 0x00, 0x00, 0x00, 0x00, 0x00, 0x00, 0x00, 0x00, 0x00, 0x00, 0x00, 0x00, 0x00, 0x00, 0x00,
    0x00, 0x00, 0x00, 0x00, 0x00, 0x00, 0x00, 0x00, 0x00, 0x00, 0x00, 0x00, 0x00, 0x00, 0x00, 0x00,
    0x00, 0x00, 0x00, 0x00, 0x00, 0x00, 0x00, 0x00, 0x00, 0x00, 0x00, 0x00, 0x00, 0x00, 0x00, 0x00,
    0x00, 0x00, 0x00, 0x00, 0x00, 0x00, 0x00, 0x00, 0x00, 0x00, 0x00, 0x00, 0x00, 0x00, 0x00, 0x00,
    0x00, 0x00, 0x00, 0x00, 0x00, 0x00, 0x00, 0x00, 0x00, 0x00, 0x00, 0x00, 0x00, 0x00, 0x00, 0x00,
    0x00, 0x00, 0x00, 0x00, 0x00, 0x00, 0x00, 0x00, 0x00, 0x00, 0x00, 0x00, 0x00, 0x00, 0x00, 0x00,
    0x00, 0x00, 0x00, 0x00, 0x00, 0x00, 0x00, 0x00, 0x00, 0x00, 0x00, 0x00, 0x00, 0x00, 0x00, 0x00,
    0x00, 0x00, 0x00, 0x00, 0x00, 0x00, 0x00, 0x00, 0x00, 0x00, 0x00, 0x00, 0x00, 0x00, 0x00, 0x00,
    0x00, 0x00, 0x00, 0x00, 0x00, 0x00, 0x00, 0x00, 0x00, 0x00, 0x00, 0x00, 0x00, 0x00, 0x00, 0x00,
    0x00, 0x00, 0x00, 0x00, 0x00, 0x00, 0x00, 0x00, 0x00, 0x00, 0x00, 0x00, 0x00, 0x00, 0x00, 0x00,
    0x00, 0x00, 0x00, 0x00, 0x00, 0x00, 0x00, 0x00, 0x00, 0x00, 0x00, 0x00, 0x00, 0x00, 0x00, 0x00,
    0x00, 0x00, 0x00, 0x00, 0x00, 0x00, 0x00, 0x00, 0x00, 0x00, 0x00, 0x00, 0x00, 0x00, 0x00, 0x00,
    0x00, 0x00, 0x00, 0x00, 0x00, 0x00, 0x00, 0x00, 0x00, 0x00, 0x00, 0x00, 0x00, 0x00, 0x00, 0x00,
    0x00, 0x00, 0x00, 0x00, 0x00, 0x00, 0x00, 0x00, 0x00, 0x00, 0x00, 0x00, 0x00, 0x00, 0x00, 0x00,
    0x00, 0x00, 0x00, 0x00, 0x00, 0x00, 0x00, 0x00, 0x00, 0x00, 0x00, 0x00, 0x00, 0x00, 0x00, 0x00,
    0x00, 0x00, 0x00, 0x00, 0x00, 0x00, 0x00, 0x00, 0x00, 0x00, 0x00, 0x00, 0x00, 0x00, 0x00, 0x00,
    0x00, 0x00, 0x00, 0x00, 0x00, 0x00, 0x00, 0x00, 0x00, 0x00, 0x00, 0x00, 0x00, 0x00, 0x00, 0x00,
    0x00, 0x00, 0x00, 0x00, 0x00, 0x00, 0x00, 0x00, 0x00, 0x00, 0x00, 0x00, 0x00, 0x00, 0x00, 0x00,
    0x00, 0x00, 0x00, 0x00, 0x00, 0x00, 0x00, 0x00, 0x00, 0x00, 0x00, 0x00, 0x00, 0x00, 0x00, 0x00,
    0x00, 0x00, 0x00, 0x00, 0x00, 0x00, 0x00, 0x00, 0x00, 0x00, 0x00, 0x00, 0x00, 0x00, 0x00, 0x00,
    0x00, 0x00, 0x00, 0x00, 0x00, 0x00, 0x00, 0x00, 0x00, 0x00, 0x00, 0x00, 0x00, 0x00, 0x00, 0x00,
    0x00, 0x00, 0x00, 0x00, 0x00, 0x00, 0x00, 0x00, 0x00, 0x00, 0x00, 0x00, 0x00, 0x00, 0x00, 0x00,
    0x00, 0x00, 0x00, 0x00, 0x00, 0x00, 0x00, 0x00, 0x00, 0x00, 0x00, 0x00, 0x00, 0x00, 0x00, 0x00,
    0x00, 0x00, 0x00, 0x00, 0x00, 0x00, 0x00, 0x00, 0x00, 0x00, 0x00, 0x00, 0x00, 0x00, 0x00, 0x00,
    0x00, 0x00, 0x00, 0x00, 0x00, 0x00, 0x00, 0x00, 0x00, 0x00, 0x00, 0x00, 0x00, 0x00, 0x00, 0x00,
    0x00, 0x00, 0x00, 0x00, 0x00, 0x00, 0x00, 0x00, 0x00, 0x00, 0x00, 0x00, 0x00, 0x00, 0x00, 0x00,
    0x00, 0x00, 0x00, 0x00, 0x00, 0x00, 0x00, 0x00, 0x00, 0x00, 0x00, 0x00, 0x00, 0x00, 0x00, 0x00,
    0x00, 0x0a, 0x03, 0x19, 0x01, 0x76, 0x74, 0x5f, 0x67, 0x76, 0x63, 0x09, 0x1a, 0x03, 0x39, 0x01,
    0x76, 0x74, 0x5f, 0x6d, 0x6f, 0x6e, 0x73, 0x74, 0x65, 0x72, 0x5f, 0x65, 0x6e, 0x74, 0x69, 0x74,
    0x79, 0x5f, 0x63, 0x6f, 0x6d, 0x70, 0x08, 0x17, 0x03, 0x33, 0x01, 0x76, 0x74, 0x5f, 0x68, 0x65,
    0x72, 0x6f, 0x5f, 0x65, 0x6e, 0x74, 0x69, 0x74, 0x79, 0x5f, 0x63, 0x6f, 0x6d, 0x70, 0x07, 0x12,
    0x03, 0x29, 0x01, 0x76, 0x74, 0x5f, 0x65, 0x6e, 0x74, 0x69, 0x74, 0x79, 0x5f, 0x63, 0x6f, 0x6d,
    0x70, 0x06, 0x12, 0x03, 0x29, 0x01, 0x76, 0x74, 0x5f, 0x68, 0x65, 0x61, 0x6c, 0x74, 0x68, 0x5f,
    0x63, 0x6f, 0x6d, 0x70, 0x05, 0x10, 0x03, 0x25, 0x01, 0x76, 0x74, 0x5f, 0x63, 0x6f, 0x6d, 0x70,
    0x6f, 0x6e, 0x65, 0x6e, 0x74, 0x04, 0x12, 0x03, 0x29, 0x01, 0x76, 0x74, 0x5f, 0x73, 0x63, 0x65,
    0x6e, 0x65, 0x6f, 0x62, 0x6a, 0x65, 0x63, 0x74, 0x03, 0x0c, 0x03, 0x1d, 0x01, 0x76, 0x74, 0x5f,
    0x73, 0x63, 0x65, 0x6e, 0x65, 0x02, 0x09, 0x03, 0x19, 0x09, 0x76, 0x74, 0x5f, 0x67, 0x73, 0x63,
    0x0d, 0x00, 0x00, 0x00, 0x14, 0x0b, 0xe1, 0x00, 0x0f, 0xc7, 0x0f, 0x8f, 0x0f, 0x67, 0x0f, 0x40,
    0x0f, 0x0f, 0x0e, 0xed, 0x0e, 0xb1, 0x0e, 0x7d, 0x0e, 0x40, 0x0e, 0x10, 0x0d, 0xdc, 0x0d, 0xa9,
    0x0d, 0x81, 0x0d, 0x4b, 0x0d, 0x1c, 0x0c, 0xd5, 0x0c, 0x9f, 0x0c, 0x51, 0x0c, 0x1e, 0x0b, 0xe1,
    0x00, 0x00, 0x00, 0x00, 0x00, 0x00, 0x00, 0x00, 0x00, 0x00, 0x00, 0x00, 0x00, 0x00, 0x00, 0x00,
    0x00, 0x00, 0x00, 0x00, 0x00, 0x00, 0x00, 0x00, 0x00, 0x00, 0x00, 0x00, 0x00, 0x00, 0x00, 0x00,
    0x00, 0x00, 0x00, 0x00, 0x00, 0x00, 0x00, 0x00, 0x00, 0x00, 0x00, 0x00, 0x00, 0x00, 0x00, 0x00,
    0x00, 0x00, 0x00, 0x00, 0x00, 0x00, 0x00, 0x00, 0x00, 0x00, 0x00, 0x00, 0x00, 0x00, 0x00, 0x00,
    0x00, 0x00, 0x00, 0x00, 0x00, 0x00, 0x00, 0x00, 0x00, 0x00, 0x00, 0x00, 0x00, 0x00, 0x00, 0x00,
    0x00, 0x00, 0x00, 0x00, 0x00, 0x00, 0x00, 0x00, 0x00, 0x00, 0x00, 0x00, 0x00, 0x00, 0x00, 0x00,
    0x00, 0x00, 0x00, 0x00, 0x00, 0x00, 0x00, 0x00, 0x00, 0x00, 0x00, 0x00, 0x00, 0x00, 0x00, 0x00,
    0x00, 0x00, 0x00, 0x00, 0x00, 0x00, 0x00, 0x00, 0x00, 0x00, 0x00, 0x00, 0x00, 0x00, 0x00, 0x00,
    0x00, 0x00, 0x00, 0x00, 0x00, 0x00, 0x00, 0x00, 0x00, 0x00, 0x00, 0x00, 0x00, 0x00, 0x00, 0x00,
    0x00, 0x00, 0x00, 0x00, 0x00, 0x00, 0x00, 0x00, 0x00, 0x00, 0x00, 0x00, 0x00, 0x00, 0x00, 0x00,
    0x00, 0x00, 0x00, 0x00, 0x00, 0x00, 0x00, 0x00, 0x00, 0x00, 0x00, 0x00, 0x00, 0x00, 0x00, 0x00,
    0x00, 0x00, 0x00, 0x00, 0x00, 0x00, 0x00, 0x00, 0x00, 0x00, 0x00, 0x00, 0x00, 0x00, 0x00, 0x00,
    0x00, 0x00, 0x00, 0x00, 0x00, 0x00, 0x00, 0x00, 0x00, 0x00, 0x00, 0x00, 0x00, 0x00, 0x00, 0x00,
    0x00, 0x00, 0x00, 0x00, 0x00, 0x00, 0x00, 0x00, 0x00, 0x00, 0x00, 0x00, 0x00, 0x00, 0x00, 0x00,
    0x00, 0x00, 0x00, 0x00, 0x00, 0x00, 0x00, 0x00, 0x00, 0x00, 0x00, 0x00, 0x00, 0x00, 0x00, 0x00,
    0x00, 0x00, 0x00, 0x00, 0x00, 0x00, 0x00, 0x00, 0x00, 0x00, 0x00, 0x00, 0x00, 0x00, 0x00, 0x00,
    0x00, 0x00, 0x00, 0x00, 0x00, 0x00, 0x00, 0x00, 0x00, 0x00, 0x00, 0x00, 0x00, 0x00, 0x00, 0x00,
    0x00, 0x00, 0x00, 0x00, 0x00, 0x00, 0x00, 0x00, 0x00, 0x00, 0x00, 0x00, 0x00, 0x00, 0x00, 0x00,
    0x00, 0x00, 0x00, 0x00, 0x00, 0x00, 0x00, 0x00, 0x00, 0x00, 0x00, 0x00, 0x00, 0x00, 0x00, 0x00,
    0x00, 0x00, 0x00, 0x00, 0x00, 0x00, 0x00, 0x00, 0x00, 0x00, 0x00, 0x00, 0x00, 0x00, 0x00, 0x00,
    0x00, 0x00, 0x00, 0x00, 0x00, 0x00, 0x00, 0x00, 0x00, 0x00, 0x00, 0x00, 0x00, 0x00, 0x00, 0x00,
    0x00, 0x00, 0x00, 0x00, 0x00, 0x00, 0x00, 0x00, 0x00, 0x00, 0x00, 0x00, 0x00, 0x00, 0x00, 0x00,
    0x00, 0x00, 0x00, 0x00, 0x00, 0x00, 0x00, 0x00, 0x00, 0x00, 0x00, 0x00, 0x00, 0x00, 0x00, 0x00,
    0x00, 0x00, 0x00, 0x00, 0x00, 0x00, 0x00, 0x00, 0x00, 0x00, 0x00, 0x00, 0x00, 0x00, 0x00, 0x00,
    0x00, 0x00, 0x00, 0x00, 0x00, 0x00, 0x00, 0x00, 0x00, 0x00, 0x00, 0x00, 0x00, 0x00, 0x00, 0x00,
    0x00, 0x00, 0x00, 0x00, 0x00, 0x00, 0x00, 0x00, 0x00, 0x00, 0x00, 0x00, 0x00, 0x00, 0x00, 0x00,
    0x00, 0x00, 0x00, 0x00, 0x00, 0x00, 0x00, 0x00, 0x00, 0x00, 0x00, 0x00, 0x00, 0x00, 0x00, 0x00,
    0x00, 0x00, 0x00, 0x00, 0x00, 0x00, 0x00, 0x00, 0x00, 0x00, 0x00, 0x00, 0x00, 0x00, 0x00, 0x00,
    0x00, 0x00, 0x00, 0x00, 0x00, 0x00, 0x00, 0x00, 0x00, 0x00, 0x00, 0x00, 0x00, 0x00, 0x00, 0x00,
    0x00, 0x00, 0x00, 0x00, 0x00, 0x00, 0x00, 0x00, 0x00, 0x00, 0x00, 0x00, 0x00, 0x00, 0x00, 0x00,
    0x00, 0x00, 0x00, 0x00, 0x00, 0x00, 0x00, 0x00, 0x00, 0x00, 0x00, 0x00, 0x00, 0x00, 0x00, 0x00,
    0x00, 0x00, 0x00, 0x00, 0x00, 0x00, 0x00, 0x00, 0x00, 0x00, 0x00, 0x00, 0x00, 0x00, 0x00, 0x00,
    0x00, 0x00, 0x00, 0x00, 0x00, 0x00, 0x00, 0x00, 0x00, 0x00, 0x00, 0x00, 0x00, 0x00, 0x00, 0x00,
    0x00, 0x00, 0x00, 0x00, 0x00, 0x00, 0x00, 0x00, 0x00, 0x00, 0x00, 0x00, 0x00, 0x00, 0x00, 0x00,
    0x00, 0x00, 0x00, 0x00, 0x00, 0x00, 0x00, 0x00, 0x00, 0x00, 0x00, 0x00, 0x00, 0x00, 0x00, 0x00,
    0x00, 0x00, 0x00, 0x00, 0x00, 0x00, 0x00, 0x00, 0x00, 0x00, 0x00, 0x00, 0x00, 0x00, 0x00, 0x00,
    0x00, 0x00, 0x00, 0x00, 0x00, 0x00, 0x00, 0x00, 0x00, 0x00, 0x00, 0x00, 0x00, 0x00, 0x00, 0x00,
    0x00, 0x00, 0x00, 0x00, 0x00, 0x00, 0x00, 0x00, 0x00, 0x00, 0x00, 0x00, 0x00, 0x00, 0x00, 0x00,
    0x00, 0x00, 0x00, 0x00, 0x00, 0x00, 0x00, 0x00, 0x00, 0x00, 0x00, 0x00, 0x00, 0x00, 0x00, 0x00,
    0x00, 0x00, 0x00, 0x00, 0x00, 0x00, 0x00, 0x00, 0x00, 0x00, 0x00, 0x00, 0x00, 0x00, 0x00, 0x00,
    0x00, 0x00, 0x00, 0x00, 0x00, 0x00, 0x00, 0x00, 0x00, 0x00, 0x00, 0x00, 0x00, 0x00, 0x00, 0x00,
    0x00, 0x00, 0x00, 0x00, 0x00, 0x00, 0x00, 0x00, 0x00, 0x00, 0x00, 0x00, 0x00, 0x00, 0x00, 0x00,
    0x00, 0x00, 0x00, 0x00, 0x00, 0x00, 0x00, 0x00, 0x00, 0x00, 0x00, 0x00, 0x00, 0x00, 0x00, 0x00,
    0x00, 0x00, 0x00, 0x00, 0x00, 0x00, 0x00, 0x00, 0x00, 0x00, 0x00, 0x00, 0x00, 0x00, 0x00, 0x00,
    0x00, 0x00, 0x00, 0x00, 0x00, 0x00, 0x00, 0x00, 0x00, 0x00, 0x00, 0x00, 0x00, 0x00, 0x00, 0x00,
    0x00, 0x00, 0x00, 0x00, 0x00, 0x00, 0x00, 0x00, 0x00, 0x00, 0x00, 0x00, 0x00, 0x00, 0x00, 0x00,
    0x00, 0x00, 0x00, 0x00, 0x00, 0x00, 0x00, 0x00, 0x00, 0x00, 0x00, 0x00, 0x00, 0x00, 0x00, 0x00,
    0x00, 0x00, 0x00, 0x00, 0x00, 0x00, 0x00, 0x00, 0x00, 0x00, 0x00, 0x00, 0x00, 0x00, 0x00, 0x00,
    0x00, 0x00, 0x00, 0x00, 0x00, 0x00, 0x00, 0x00, 0x00, 0x00, 0x00, 0x00, 0x00, 0x00, 0x00, 0x00,
    0x00, 0x00, 0x00, 0x00, 0x00, 0x00, 0x00, 0x00, 0x00, 0x00, 0x00, 0x00, 0x00, 0x00, 0x00, 0x00,
    0x00, 0x00, 0x00, 0x00, 0x00, 0x00, 0x00, 0x00, 0x00, 0x00, 0x00, 0x00, 0x00, 0x00, 0x00, 0x00,
    0x00, 0x00, 0x00, 0x00, 0x00, 0x00, 0x00, 0x00, 0x00, 0x00, 0x00, 0x00, 0x00, 0x00, 0x00, 0x00,
    0x00, 0x00, 0x00, 0x00, 0x00, 0x00, 0x00, 0x00, 0x00, 0x00, 0x00, 0x00, 0x00, 0x00, 0x00, 0x00,
    0x00, 0x00, 0x00, 0x00, 0x00, 0x00, 0x00, 0x00, 0x00, 0x00, 0x00, 0x00, 0x00, 0x00, 0x00, 0x00,
    0x00, 0x00, 0x00, 0x00, 0x00, 0x00, 0x00, 0x00, 0x00, 0x00, 0x00, 0x00, 0x00, 0x00, 0x00, 0x00,
    0x00, 0x00, 0x00, 0x00, 0x00, 0x00, 0x00, 0x00, 0x00, 0x00, 0x00, 0x00, 0x00, 0x00, 0x00, 0x00,
    0x00, 0x00, 0x00, 0x00, 0x00, 0x00, 0x00, 0x00, 0x00, 0x00, 0x00, 0x00, 0x00, 0x00, 0x00, 0x00,
    0x00, 0x00, 0x00, 0x00, 0x00, 0x00, 0x00, 0x00, 0x00, 0x00, 0x00, 0x00, 0x00, 0x00, 0x00, 0x00,
    0x00, 0x00, 0x00, 0x00, 0x00, 0x00, 0x00, 0x00, 0x00, 0x00, 0x00, 0x00, 0x00, 0x00, 0x00, 0x00,
    0x00, 0x00, 0x00, 0x00, 0x00, 0x00, 0x00, 0x00, 0x00, 0x00, 0x00, 0x00, 0x00, 0x00, 0x00, 0x00,
    0x00, 0x00, 0x00, 0x00, 0x00, 0x00, 0x00, 0x00, 0x00, 0x00, 0x00, 0x00, 0x00, 0x00, 0x00, 0x00,
    0x00, 0x00, 0x00, 0x00, 0x00, 0x00, 0x00, 0x00, 0x00, 0x00, 0x00, 0x00, 0x00, 0x00, 0x00, 0x00,
    0x00, 0x00, 0x00, 0x00, 0x00, 0x00, 0x00, 0x00, 0x00, 0x00, 0x00, 0x00, 0x00, 0x00, 0x00, 0x00,
    0x00, 0x00, 0x00, 0x00, 0x00, 0x00, 0x00, 0x00, 0x00, 0x00, 0x00, 0x00, 0x00, 0x00, 0x00, 0x00,
    0x00, 0x00, 0x00, 0x00, 0x00, 0x00, 0x00, 0x00, 0x00, 0x00, 0x00, 0x00, 0x00, 0x00, 0x00, 0x00,
    0x00, 0x00, 0x00, 0x00, 0x00, 0x00, 0x00, 0x00, 0x00, 0x00, 0x00, 0x00, 0x00, 0x00, 0x00, 0x00,
    0x00, 0x00, 0x00, 0x00, 0x00, 0x00, 0x00, 0x00, 0x00, 0x00, 0x00, 0x00, 0x00, 0x00, 0x00, 0x00,
    0x00, 0x00, 0x00, 0x00, 0x00, 0x00, 0x00, 0x00, 0x00, 0x00, 0x00, 0x00, 0x00, 0x00, 0x00, 0x00,
    0x00, 0x00, 0x00, 0x00, 0x00, 0x00, 0x00, 0x00, 0x00, 0x00, 0x00, 0x00, 0x00, 0x00, 0x00, 0x00,
    0x00, 0x00, 0x00, 0x00, 0x00, 0x00, 0x00, 0x00, 0x00, 0x00, 0x00, 0x00, 0x00, 0x00, 0x00, 0x00,
    0x00, 0x00, 0x00, 0x00, 0x00, 0x00, 0x00, 0x00, 0x00, 0x00, 0x00, 0x00, 0x00, 0x00, 0x00, 0x00,
    0x00, 0x00, 0x00, 0x00, 0x00, 0x00, 0x00, 0x00, 0x00, 0x00, 0x00, 0x00, 0x00, 0x00, 0x00, 0x00,
    0x00, 0x00, 0x00, 0x00, 0x00, 0x00, 0x00, 0x00, 0x00, 0x00, 0x00, 0x00, 0x00, 0x00, 0x00, 0x00,
    0x00, 0x00, 0x00, 0x00, 0x00, 0x00, 0x00, 0x00, 0x00, 0x00, 0x00, 0x00, 0x00, 0x00, 0x00, 0x00,
    0x00, 0x00, 0x00, 0x00, 0x00, 0x00, 0x00, 0x00, 0x00, 0x00, 0x00, 0x00, 0x00, 0x00, 0x00, 0x00,
    0x00, 0x00, 0x00, 0x00, 0x00, 0x00, 0x00, 0x00, 0x00, 0x00, 0x00, 0x00, 0x00, 0x00, 0x00, 0x00,
    0x00, 0x00, 0x00, 0x00, 0x00, 0x00, 0x00, 0x00, 0x00, 0x00, 0x00, 0x00, 0x00, 0x00, 0x00, 0x00,
    0x00, 0x00, 0x00, 0x00, 0x00, 0x00, 0x00, 0x00, 0x00, 0x00, 0x00, 0x00, 0x00, 0x00, 0x00, 0x00,
    0x00, 0x00, 0x00, 0x00, 0x00, 0x00, 0x00, 0x00, 0x00, 0x00, 0x00, 0x00, 0x00, 0x00, 0x00, 0x00,
    0x00, 0x00, 0x00, 0x00, 0x00, 0x00, 0x00, 0x00, 0x00, 0x00, 0x00, 0x00, 0x00, 0x00, 0x00, 0x00,
    0x00, 0x00, 0x00, 0x00, 0x00, 0x00, 0x00, 0x00, 0x00, 0x00, 0x00, 0x00, 0x00, 0x00, 0x00, 0x00,
    0x00, 0x00, 0x00, 0x00, 0x00, 0x00, 0x00, 0x00, 0x00, 0x00, 0x00, 0x00, 0x00, 0x00, 0x00, 0x00,
    0x00, 0x00, 0x00, 0x00, 0x00, 0x00, 0x00, 0x00, 0x00, 0x00, 0x00, 0x00, 0x00, 0x00, 0x00, 0x00,
    0x00, 0x00, 0x00, 0x00, 0x00, 0x00, 0x00, 0x00, 0x00, 0x00, 0x00, 0x00, 0x00, 0x00, 0x00, 0x00,
    0x00, 0x00, 0x00, 0x00, 0x00, 0x00, 0x00, 0x00, 0x00, 0x00, 0x00, 0x00, 0x00, 0x00, 0x00, 0x00,
    0x00, 0x00, 0x00, 0x00, 0x00, 0x00, 0x00, 0x00, 0x00, 0x00, 0x00, 0x00, 0x00, 0x00, 0x00, 0x00,
    0x00, 0x00, 0x00, 0x00, 0x00, 0x00, 0x00, 0x00, 0x00, 0x00, 0x00, 0x00, 0x00, 0x00, 0x00, 0x00,
    0x00, 0x00, 0x00, 0x00, 0x00, 0x00, 0x00, 0x00, 0x00, 0x00, 0x00, 0x00, 0x00, 0x00, 0x00, 0x00,
    0x00, 0x00, 0x00, 0x00, 0x00, 0x00, 0x00, 0x00, 0x00, 0x00, 0x00, 0x00, 0x00, 0x00, 0x00, 0x00,
    0x00, 0x00, 0x00, 0x00, 0x00, 0x00, 0x00, 0x00, 0x00, 0x00, 0x00, 0x00, 0x00, 0x00, 0x00, 0x00,
    0x00, 0x00, 0x00, 0x00, 0x00, 0x00, 0x00, 0x00, 0x00, 0x00, 0x00, 0x00, 0x00, 0x00, 0x00, 0x00,
    0x00, 0x00, 0x00, 0x00, 0x00, 0x00, 0x00, 0x00, 0x00, 0x00, 0x00, 0x00, 0x00, 0x00, 0x00, 0x00,
    0x00, 0x00, 0x00, 0x00, 0x00, 0x00, 0x00, 0x00, 0x00, 0x00, 0x00, 0x00, 0x00, 0x00, 0x00, 0x00,
    0x00, 0x00, 0x00, 0x00, 0x00, 0x00, 0x00, 0x00, 0x00, 0x00, 0x00, 0x00, 0x00, 0x00, 0x00, 0x00,
    0x00, 0x00, 0x00, 0x00, 0x00, 0x00, 0x00, 0x00, 0x00, 0x00, 0x00, 0x00, 0x00, 0x00, 0x00, 0x00,
    0x00, 0x00, 0x00, 0x00, 0x00, 0x00, 0x00, 0x00, 0x00, 0x00, 0x00, 0x00, 0x00, 0x00, 0x00, 0x00,
    0x00, 0x00, 0x00, 0x00, 0x00, 0x00, 0x00, 0x00, 0x00, 0x00, 0x00, 0x00, 0x00, 0x00, 0x00, 0x00,
    0x00, 0x00, 0x00, 0x00, 0x00, 0x00, 0x00, 0x00, 0x00, 0x00, 0x00, 0x00, 0x00, 0x00, 0x00, 0x00,
    0x00, 0x00, 0x00, 0x00, 0x00, 0x00, 0x00, 0x00, 0x00, 0x00, 0x00, 0x00, 0x00, 0x00, 0x00, 0x00,
    0x00, 0x00, 0x00, 0x00, 0x00, 0x00, 0x00, 0x00, 0x00, 0x00, 0x00, 0x00, 0x00, 0x00, 0x00, 0x00,
    0x00, 0x00, 0x00, 0x00, 0x00, 0x00, 0x00, 0x00, 0x00, 0x00, 0x00, 0x00, 0x00, 0x00, 0x00, 0x00,
    0x00, 0x00, 0x00, 0x00, 0x00, 0x00, 0x00, 0x00, 0x00, 0x00, 0x00, 0x00, 0x00, 0x00, 0x00, 0x00,
    0x00, 0x00, 0x00, 0x00, 0x00, 0x00, 0x00, 0x00, 0x00, 0x00, 0x00, 0x00, 0x00, 0x00, 0x00, 0x00,
    0x00, 0x00, 0x00, 0x00, 0x00, 0x00, 0x00, 0x00, 0x00, 0x00, 0x00, 0x00, 0x00, 0x00, 0x00, 0x00,
    0x00, 0x00, 0x00, 0x00, 0x00, 0x00, 0x00, 0x00, 0x00, 0x00, 0x00, 0x00, 0x00, 0x00, 0x00, 0x00,
    0x00, 0x00, 0x00, 0x00, 0x00, 0x00, 0x00, 0x00, 0x00, 0x00, 0x00, 0x00, 0x00, 0x00, 0x00, 0x00,
    0x00, 0x00, 0x00, 0x00, 0x00, 0x00, 0x00, 0x00, 0x00, 0x00, 0x00, 0x00, 0x00, 0x00, 0x00, 0x00,
    0x00, 0x00, 0x00, 0x00, 0x00, 0x00, 0x00, 0x00, 0x00, 0x00, 0x00, 0x00, 0x00, 0x00, 0x00, 0x00,
    0x00, 0x00, 0x00, 0x00, 0x00, 0x00, 0x00, 0x00, 0x00, 0x00, 0x00, 0x00, 0x00, 0x00, 0x00, 0x00,
    0x00, 0x00, 0x00, 0x00, 0x00, 0x00, 0x00, 0x00, 0x00, 0x00, 0x00, 0x00, 0x00, 0x00, 0x00, 0x00,
    0x00, 0x00, 0x00, 0x00, 0x00, 0x00, 0x00, 0x00, 0x00, 0x00, 0x00, 0x00, 0x00, 0x00, 0x00, 0x00,
    0x00, 0x00, 0x00, 0x00, 0x00, 0x00, 0x00, 0x00, 0x00, 0x00, 0x00, 0x00, 0x00, 0x00, 0x00, 0x00,
    0x00, 0x00, 0x00, 0x00, 0x00, 0x00, 0x00, 0x00, 0x00, 0x00, 0x00, 0x00, 0x00, 0x00, 0x00, 0x00,
    0x00, 0x00, 0x00, 0x00, 0x00, 0x00, 0x00, 0x00, 0x00, 0x00, 0x00, 0x00, 0x00, 0x00, 0x00, 0x00,
    0x00, 0x00, 0x00, 0x00, 0x00, 0x00, 0x00, 0x00, 0x00, 0x00, 0x00, 0x00, 0x00, 0x00, 0x00, 0x00,
    0x00, 0x00, 0x00, 0x00, 0x00, 0x00, 0x00, 0x00, 0x00, 0x00, 0x00, 0x00, 0x00, 0x00, 0x00, 0x00,
    0x00, 0x00, 0x00, 0x00, 0x00, 0x00, 0x00, 0x00, 0x00, 0x00, 0x00, 0x00, 0x00, 0x00, 0x00, 0x00,
    0x00, 0x00, 0x00, 0x00, 0x00, 0x00, 0x00, 0x00, 0x00, 0x00, 0x00, 0x00, 0x00, 0x00, 0x00, 0x00,
    0x00, 0x00, 0x00, 0x00, 0x00, 0x00, 0x00, 0x00, 0x00, 0x00, 0x00, 0x00, 0x00, 0x00, 0x00, 0x00,
    0x00, 0x00, 0x00, 0x00, 0x00, 0x00, 0x00, 0x00, 0x00, 0x00, 0x00, 0x00, 0x00, 0x00, 0x00, 0x00,
    0x00, 0x00, 0x00, 0x00, 0x00, 0x00, 0x00, 0x00, 0x00, 0x00, 0x00, 0x00, 0x00, 0x00, 0x00, 0x00,
    0x00, 0x00, 0x00, 0x00, 0x00, 0x00, 0x00, 0x00, 0x00, 0x00, 0x00, 0x00, 0x00, 0x00, 0x00, 0x00,
    0x00, 0x00, 0x00, 0x00, 0x00, 0x00, 0x00, 0x00, 0x00, 0x00, 0x00, 0x00, 0x00, 0x00, 0x00, 0x00,
    0x00, 0x00, 0x00, 0x00, 0x00, 0x00, 0x00, 0x00, 0x00, 0x00, 0x00, 0x00, 0x00, 0x00, 0x00, 0x00,
    0x00, 0x00, 0x00, 0x00, 0x00, 0x00, 0x00, 0x00, 0x00, 0x00, 0x00, 0x00, 0x00, 0x00, 0x00, 0x00,
    0x00, 0x00, 0x00, 0x00, 0x00, 0x00, 0x00, 0x00, 0x00, 0x00, 0x00, 0x00, 0x00, 0x00, 0x00, 0x00,
    0x00, 0x00, 0x00, 0x00, 0x00, 0x00, 0x00, 0x00, 0x00, 0x00, 0x00, 0x00, 0x00, 0x00, 0x00, 0x00,
    0x00, 0x00, 0x00, 0x00, 0x00, 0x00, 0x00, 0x00, 0x00, 0x00, 0x00, 0x00, 0x00, 0x00, 0x00, 0x00,
    0x00, 0x00, 0x00, 0x00, 0x00, 0x00, 0x00, 0x00, 0x00, 0x00, 0x00, 0x00, 0x00, 0x00, 0x00, 0x00,
    0x00, 0x00, 0x00, 0x00, 0x00, 0x00, 0x00, 0x00, 0x00, 0x00, 0x00, 0x00, 0x00, 0x00, 0x00, 0x00,
    0x00, 0x00, 0x00, 0x00, 0x00, 0x00, 0x00, 0x00, 0x00, 0x00, 0x00, 0x00, 0x00, 0x00, 0x00, 0x00,
    0x00, 0x00, 0x00, 0x00, 0x00, 0x00, 0x00, 0x00, 0x00, 0x00, 0x00, 0x00, 0x00, 0x00, 0x00, 0x00,
    0x00, 0x00, 0x00, 0x00, 0x00, 0x00, 0x00, 0x00, 0x00, 0x00, 0x00, 0x00, 0x00, 0x00, 0x00, 0x00,
    0x00, 0x00, 0x00, 0x00, 0x00, 0x00, 0x00, 0x00, 0x00, 0x00, 0x00, 0x00, 0x00, 0x00, 0x00, 0x00,
    0x00, 0x00, 0x00, 0x00, 0x00, 0x00, 0x00, 0x00, 0x00, 0x00, 0x00, 0x00, 0x00, 0x00, 0x00, 0x00,
    0x00, 0x00, 0x00, 0x00, 0x00, 0x00, 0x00, 0x00, 0x00, 0x00, 0x00, 0x00, 0x00, 0x00, 0x00, 0x00,
    0x00, 0x00, 0x00, 0x00, 0x00, 0x00, 0x00, 0x00, 0x00, 0x00, 0x00, 0x00, 0x00, 0x00, 0x00, 0x00,
    0x00, 0x00, 0x00, 0x00, 0x00, 0x00, 0x00, 0x00, 0x00, 0x00, 0x00, 0x00, 0x00, 0x00, 0x00, 0x00,
    0x00, 0x00, 0x00, 0x00, 0x00, 0x00, 0x00, 0x00, 0x00, 0x00, 0x00, 0x00, 0x00, 0x00, 0x00, 0x00,
    0x00, 0x00, 0x00, 0x00, 0x00, 0x00, 0x00, 0x00, 0x00, 0x00, 0x00, 0x00, 0x00, 0x00, 0x00, 0x00,
    0x00, 0x00, 0x00, 0x00, 0x00, 0x00, 0x00, 0x00, 0x00, 0x00, 0x00, 0x00, 0x00, 0x00, 0x00, 0x00,
    0x00, 0x00, 0x00, 0x00, 0x00, 0x00, 0x00, 0x00, 0x00, 0x00, 0x00, 0x00, 0x00, 0x00, 0x00, 0x00,
    0x00, 0x00, 0x00, 0x00, 0x00, 0x00, 0x00, 0x00, 0x00, 0x00, 0x00, 0x00, 0x00, 0x00, 0x00, 0x00,
    0x00, 0x00, 0x00, 0x00, 0x00, 0x00, 0x00, 0x00, 0x00, 0x00, 0x00, 0x00, 0x00, 0x00, 0x00, 0x00,
    0x00, 0x00, 0x00, 0x00, 0x00, 0x00, 0x00, 0x00, 0x00, 0x00, 0x00, 0x00, 0x00, 0x00, 0x00, 0x00,
    0x00, 0x00, 0x00, 0x00, 0x00, 0x00, 0x00, 0x00, 0x00, 0x00, 0x00, 0x00, 0x00, 0x00, 0x00, 0x00,
    0x00, 0x00, 0x00, 0x00, 0x00, 0x00, 0x00, 0x00, 0x00, 0x00, 0x00, 0x00, 0x00, 0x00, 0x00, 0x00,
    0x00, 0x00, 0x00, 0x00, 0x00, 0x00, 0x00, 0x00, 0x00, 0x00, 0x00, 0x00, 0x00, 0x00, 0x00, 0x00,
    0x00, 0x00, 0x00, 0x00, 0x00, 0x00, 0x00, 0x00, 0x00, 0x00, 0x00, 0x00, 0x00, 0x00, 0x00, 0x00,
    0x00, 0x00, 0x00, 0x00, 0x00, 0x00, 0x00, 0x00, 0x00, 0x00, 0x00, 0x00, 0x00, 0x00, 0x00, 0x00,
    0x00, 0x00, 0x00, 0x00, 0x00, 0x00, 0x00, 0x00, 0x00, 0x00, 0x00, 0x00, 0x00, 0x00, 0x00, 0x00,
    0x00, 0x00, 0x00, 0x00, 0x00, 0x00, 0x00, 0x00, 0x00, 0x00, 0x00, 0x00, 0x00, 0x00, 0x00, 0x00,
    0x00, 0x00, 0x00, 0x00, 0x00, 0x00, 0x00, 0x00, 0x00, 0x00, 0x00, 0x00, 0x00, 0x00, 0x00, 0x00,
    0x00, 0x00, 0x00, 0x00, 0x00, 0x00, 0x00, 0x00, 0x00, 0x00, 0x00, 0x00, 0x00, 0x00, 0x00, 0x00,
    0x00, 0x00, 0x00, 0x00, 0x00, 0x00, 0x00, 0x00, 0x00, 0x00, 0x00, 0x00, 0x00, 0x00, 0x00, 0x00,
    0x00, 0x00, 0x00, 0x00, 0x00, 0x00, 0x00, 0x00, 0x00, 0x00, 0x00, 0x00, 0x00, 0x00, 0x00, 0x00,
    0x00, 0x00, 0x00, 0x00, 0x00, 0x00, 0x00, 0x00, 0x00, 0x00, 0x00, 0x00, 0x00, 0x00, 0x00, 0x00,
    0x00, 0x00, 0x00, 0x00, 0x00, 0x00, 0x00, 0x00, 0x00, 0x00, 0x00, 0x00, 0x00, 0x00, 0x00, 0x00,
    0x00, 0x00, 0x00, 0x00, 0x00, 0x00, 0x00, 0x00, 0x00, 0x00, 0x00, 0x00, 0x00, 0x00, 0x00, 0x00,
    0x00, 0x00, 0x00, 0x00, 0x00, 0x00, 0x00, 0x00, 0x00, 0x00, 0x00, 0x00, 0x00, 0x00, 0x00, 0x00,
    0x00, 0x00, 0x00, 0x00, 0x00, 0x00, 0x00, 0x00, 0x00, 0x00, 0x00, 0x00, 0x00, 0x00, 0x00, 0x00,
    0x00, 0x00, 0x00, 0x00, 0x00, 0x00, 0x00, 0x00, 0x00, 0x00, 0x00, 0x00, 0x00, 0x00, 0x00, 0x00,
    0x00, 0x00, 0x00, 0x00, 0x00, 0x00, 0x00, 0x00, 0x00, 0x00, 0x00, 0x00, 0x00, 0x00, 0x00, 0x00,
    0x00, 0x00, 0x00, 0x00, 0x00, 0x00, 0x00, 0x00, 0x00, 0x00, 0x00, 0x00, 0x00, 0x00, 0x00, 0x00,
    0x00, 0x00, 0x00, 0x00, 0x00, 0x00, 0x00, 0x00, 0x00, 0x00, 0x00, 0x00, 0x00, 0x00, 0x00, 0x00,
    0x00, 0x00, 0x00, 0x00, 0x00, 0x00, 0x00, 0x00, 0x00, 0x00, 0x00, 0x00, 0x00, 0x00, 0x00, 0x00,
    0x00, 0x00, 0x00, 0x00, 0x00, 0x00, 0x00, 0x00, 0x00, 0x00, 0x00, 0x00, 0x00, 0x00, 0x00, 0x00,
    0x00, 0x00, 0x00, 0x00, 0x00, 0x00, 0x00, 0x00, 0x00, 0x00, 0x00, 0x00, 0x00, 0x00, 0x00, 0x00,
    0x00, 0x00, 0x00, 0x00, 0x00, 0x00, 0x00, 0x00, 0x00, 0x00, 0x00, 0x00, 0x00, 0x00, 0x00, 0x00,
    0x00, 0x00, 0x00, 0x00, 0x00, 0x00, 0x00, 0x00, 0x00, 0x00, 0x00, 0x00, 0x00, 0x00, 0x00, 0x00,
    0x00, 0x00, 0x00, 0x00, 0x00, 0x00, 0x00, 0x00, 0x00, 0x00, 0x00, 0x00, 0x00, 0x00, 0x00, 0x00,
    0x00, 0x00, 0x00, 0x00, 0x00, 0x00, 0x00, 0x00, 0x00, 0x00, 0x00, 0x00, 0x00, 0x00, 0x00, 0x00,
    0x00, 0x00, 0x00, 0x00, 0x00, 0x00, 0x00, 0x00, 0x00, 0x00, 0x00, 0x00, 0x00, 0x00, 0x00, 0x00,
    0x00, 0x00, 0x00, 0x00, 0x00, 0x00, 0x00, 0x00, 0x00, 0x00, 0x00, 0x00, 0x00, 0x00, 0x00, 0x00,
    0x00, 0x00, 0x00, 0x00, 0x00, 0x00, 0x00, 0x00, 0x00, 0x00, 0x00, 0x00, 0x00, 0x00, 0x00, 0x00,
    0x00, 0x00, 0x00, 0x00, 0x00, 0x00, 0x00, 0x00, 0x00, 0x00, 0x00, 0x00, 0x00, 0x00, 0x00, 0x00,
    0x00, 0x00, 0x00, 0x00, 0x00, 0x00, 0x00, 0x00, 0x00, 0x00, 0x00, 0x00, 0x00, 0x00, 0x00, 0x00,
    0x00, 0x00, 0x00, 0x00, 0x00, 0x00, 0x00, 0x00, 0x00, 0x00, 0x00, 0x00, 0x00, 0x00, 0x00, 0x00,
    0x00, 0x00, 0x00, 0x00, 0x00, 0x00, 0x00, 0x00, 0x00, 0x00, 0x00, 0x00, 0x00, 0x00, 0x00, 0x00,
    0x00, 0x00, 0x00, 0x00, 0x00, 0x00, 0x00, 0x00, 0x00, 0x00, 0x00, 0x00, 0x00, 0x00, 0x00, 0x00,
    0x00, 0x00, 0x00, 0x00, 0x00, 0x00, 0x00, 0x00, 0x00, 0x00, 0x00, 0x00, 0x00, 0x00, 0x00, 0x00,
    0x00, 0x00, 0x00, 0x00, 0x00, 0x00, 0x00, 0x00, 0x00, 0x00, 0x00, 0x00, 0x00, 0x00, 0x00, 0x00,
    0x00, 0x00, 0x00, 0x00, 0x00, 0x00, 0x00, 0x00, 0x00, 0x00, 0x00, 0x00, 0x00, 0x00, 0x00, 0x00,
    0x00, 0x00, 0x00, 0x00, 0x00, 0x00, 0x00, 0x00, 0x00, 0x00, 0x00, 0x00, 0x00, 0x00, 0x00, 0x00,
    0x00, 0x00, 0x00, 0x00, 0x00, 0x00, 0x00, 0x00, 0x00, 0x00, 0x00, 0x00, 0x00, 0x00, 0x00, 0x00,
    0x00, 0x00, 0x00, 0x00, 0x00, 0x00, 0x00, 0x00, 0x00, 0x00, 0x00, 0x00, 0x00, 0x00, 0x00, 0x00,
    0x00, 0x00, 0x00, 0x00, 0x00, 0x00, 0x00, 0x00, 0x00, 0x00, 0x00, 0x00, 0x00, 0x00, 0x00, 0x00,
    0x00, 0x3b, 0x14, 0x06, 0x29, 0x01, 0x01, 0x03, 0x51, 0x76, 0x74, 0x5f, 0x73, 0x63, 0x65, 0x6e,
    0x65, 0x6f, 0x62, 0x6a, 0x65, 0x63, 0x74, 0x09, 0x48, 0x50, 0x3f, 0xd8, 0x41, 0x64, 0x64, 0x43,
    0x6f, 0x6d, 0x70, 0x6f, 0x6e, 0x65, 0x6e, 0x74, 0x28, 0x69, 0x6e, 0x74, 0x72, 0x75, 0x73, 0x69,
    0x76, 0x65, 0x5f, 0x70, 0x74, 0x72, 0x20, 0x63, 0x6f, 0x6e, 0x73, 0x74, 0x26, 0x29, 0x31, 0x13,
    0x06, 0x29, 0x01, 0x01, 0x03, 0x3d, 0x76, 0x74, 0x5f, 0x73, 0x63, 0x65, 0x6e, 0x65, 0x6f, 0x62,
    0x6a, 0x65, 0x63, 0x74, 0x08, 0x40, 0x50, 0x31, 0x28, 0x50, 0x65, 0x72, 0x66, 0x6f, 0x72, 0x6d,
    0x42, 0x69, 0x6e, 0x64, 0x65, 0x64, 0x41, 0x63, 0x74, 0x69, 0x6f, 0x6e, 0x28, 0x69, 0x6e, 0x74,
    0x29, 0x4c, 0x12, 0x06, 0x29, 0x01, 0x01, 0x03, 0x73, 0x76, 0x74, 0x5f, 0x73, 0x63, 0x65, 0x6e,
    0x65, 0x6f, 0x62, 0x6a, 0x65, 0x63, 0x74, 0x07, 0x38, 0x50, 0x28, 0x14, 0x53, 0x65, 0x74, 0x56,
    0x61, 0x6c, 0x75, 0x65, 0x46, 0x6f, 0x72, 0x42, 0x69, 0x6e, 0x64, 0x65, 0x64, 0x50, 0x72, 0x6f,
    0x70, 0x65, 0x72, 0x74, 0x79, 0x28, 0x69, 0x6e, 0x74, 0x2c, 0x20, 0x42, 0x69, 0x6e, 0x64, 0x69,
    0x6e, 0x67, 0x56, 0x61, 0x6c, 0x75, 0x65, 0x20, 0x63, 0x6f, 0x6e, 0x73, 0x74, 0x26, 0x29, 0x34,
    0x11, 0x06, 0x29, 0x01, 0x01, 0x03, 0x43, 0x76, 0x74, 0x5f, 0x73, 0x63, 0x65, 0x6e, 0x65, 0x6f,
    0x62, 0x6a, 0x65, 0x63, 0x74, 0x06, 0x30, 0x50, 0x24, 0xc8, 0x56, 0x61, 0x6c, 0x75, 0x65, 0x46,
    0x6f, 0x72, 0x42, 0x69, 0x6e, 0x64, 0x65, 0x64, 0x50, 0x72, 0x6f, 0x70, 0x65, 0x72, 0x74, 0x79,
    0x28, 0x69, 0x6e, 0x74, 0x29, 0x45, 0x10, 0x06, 0x29, 0x01, 0x01, 0x03, 0x65, 0x76, 0x74, 0x5f,
    0x73, 0x63, 0x65, 0x6e, 0x65, 0x6f, 0x62, 0x6a, 0x65, 0x63, 0x74, 0x05, 0x28, 0x50, 0x1f, 0x70,
    0x47, 0x65, 0x74, 0x45, 0x6e, 0x75, 0x6d, 0x56, 0x61, 0x6c, 0x75, 0x65, 0x73, 0x46, 0x6f, 0x72,
    0x42, 0x69, 0x6e, 0x64, 0x65, 0x64, 0x50, 0x72, 0x6f, 0x70, 0x65, 0x72, 0x74, 0x79, 0x28, 0x69,
    0x6e, 0x74, 0x2c, 0x20, 0x76, 0x65, 0x63, 0x74, 0x6f, 0x72, 0x2a, 0x29, 0x2d, 0x0f, 0x06, 0x29,
    0x01, 0x01, 0x03, 0x35, 0x76, 0x74, 0x5f, 0x73, 0x63, 0x65, 0x6e, 0x65, 0x6f, 0x62, 0x6a, 0x65,
    0x63, 0x74, 0x04, 0x20, 0x50, 0x1b, 0x48, 0x47, 0x65, 0x74, 0x42, 0x69, 0x6e, 0x64, 0x69, 0x6e,
    0x67, 0x73, 0x28, 0x76, 0x65, 0x63, 0x74, 0x6f, 0x72, 0x2a, 0x29, 0x34, 0x0e, 0x06, 0x29, 0x01,
    0x01, 0x03, 0x43, 0x76, 0x74, 0x5f, 0x73, 0x63, 0x65, 0x6e, 0x65, 0x6f, 0x62, 0x6a, 0x65, 0x63,
    0x74, 0x03, 0x18, 0x50, 0x51, 0x74, 0x55, 0x70, 0x64, 0x61, 0x74, 0x65, 0x42, 0x69, 0x6e, 0x64,
    0x69, 0x6e, 0x67, 0x44, 0x65, 0x70, 0x65, 0x6e, 0x64, 0x65, 0x6e, 0x63, 0x69, 0x65, 0x73, 0x28,
    0x29, 0x26, 0x0d, 0x06, 0x29, 0x01, 0x01, 0x03, 0x27, 0x76, 0x74, 0x5f, 0x73, 0x63, 0x65, 0x6e,
    0x65, 0x6f, 0x62, 0x6a, 0x65, 0x63, 0x74, 0x02, 0x10, 0x50, 0x0e, 0x88, 0x43, 0x6c, 0x6f, 0x6e,
    0x65, 0x28, 0x29, 0x20, 0x63, 0x6f, 0x6e, 0x73, 0x74, 0x31, 0x0c, 0x06, 0x29, 0x09, 0x01, 0x03,
    0x3f, 0x76, 0x74, 0x5f, 0x73, 0x63, 0x65, 0x6e, 0x65, 0x6f, 0x62, 0x6a, 0x65, 0x63, 0x74, 0x08,
    0x50, 0x01, 0xc8, 0x7e, 0x53, 0x63, 0x65, 0x6e, 0x65, 0x4f, 0x62, 0x6a, 0x65, 0x63, 0x74, 0x28,
    0x29, 0x20, 0x5b, 0x64, 0x65, 0x6c, 0x65, 0x74, 0x69, 0x6e, 0x67, 0x5d, 0x32, 0x0b, 0x06, 0x29,
    0x08, 0x08, 0x03, 0x43, 0x76, 0x74, 0x5f, 0x73, 0x63, 0x65, 0x6e, 0x65, 0x6f, 0x62, 0x6a, 0x65,
    0x63, 0x74, 0x4f, 0xfe, 0x7c, 0x7e, 0x53, 0x63, 0x65, 0x6e, 0x65, 0x4f, 0x62, 0x6a, 0x65, 0x63,
    0x74, 0x28, 0x29, 0x20, 0x5b, 0x69, 0x6e, 0x63, 0x6f, 0x6d, 0x70, 0x6c, 0x65, 0x74, 0x65, 0x5d,
    0x2e, 0x0a, 0x06, 0x1d, 0x01, 0x01, 0x03, 0x43, 0x76, 0x74, 0x5f, 0x73, 0x63, 0x65, 0x6e, 0x65,
    0x07, 0x38, 0x4f, 0x73, 0x40, 0x53, 0x65, 0x74, 0x42, 0x6f, 0x75, 0x6e, 0x64, 0x73, 0x28, 0x52,
    0x65, 0x63, 0x74, 0x61, 0x6e, 0x67, 0x6c, 0x65, 0x20, 0x63, 0x6f, 0x6e, 0x73, 0x74, 0x26, 0x29,
    0x3b, 0x09, 0x06, 0x1d, 0x01, 0x01, 0x03, 0x5d, 0x76, 0x74, 0x5f, 0x73, 0x63, 0x65, 0x6e, 0x65,
    0x06, 0x30, 0x4f, 0x7b, 0xec, 0x52, 0x65, 0x6d, 0x6f, 0x76, 0x65, 0x4f, 0x62, 0x6a, 0x65, 0x63,
    0x74, 0x28, 0x69, 0x6e, 0x74, 0x72, 0x75, 0x73, 0x69, 0x76, 0x65, 0x5f, 0x70, 0x74, 0x72, 0x20,
    0x63, 0x6f, 0x6e, 0x73, 0x74, 0x26, 0x2c, 0x20, 0x62, 0x6f, 0x6f, 0x6c, 0x29, 0x32, 0x08, 0x06,
    0x1d, 0x01, 0x01, 0x03, 0x4b, 0x76, 0x74, 0x5f, 0x73, 0x63, 0x65, 0x6e, 0x65, 0x05, 0x28, 0x4f,
    0x73, 0xa4, 0x41, 0x64, 0x64, 0x4f, 0x62, 0x6a, 0x65, 0x63, 0x74, 0x28, 0x69, 0x6e, 0x74, 0x72,
    0x75, 0x73, 0x69, 0x76, 0x65, 0x5f, 0x70, 0x74, 0x72, 0x20, 0x63, 0x6f, 0x6e, 0x73, 0x74, 0x26,
    0x29, 0x3a, 0x07, 0x06, 0x1d, 0x01, 0x01, 0x03, 0x5b, 0x76, 0x74, 0x5f, 0x73, 0x63, 0x65, 0x6e,
    0x65, 0x04, 0x20, 0x4f, 0x90, 0x5c, 0x44, 0x72, 0x61, 0x77, 0x28, 0x52, 0x65, 0x6e, 0x64, 0x65,
    0x72, 0x69, 0x6e, 0x67, 0x43, 0x6f, 0x6e, 0x74, 0x65, 0x78, 0x74, 0x2a, 0x2c, 0x20, 0x4d, 0x61,
    0x74, 0x72, 0x69, 0x78, 0x34, 0x20, 0x63, 0x6f, 0x6e, 0x73, 0x74, 0x26, 0x29, 0x20, 0x06, 0x06,
    0x1d, 0x01, 0x01, 0x03, 0x27, 0x76, 0x74, 0x5f, 0x73, 0x63, 0x65, 0x6e, 0x65, 0x03, 0x18, 0x4f,
    0x81, 0xac, 0x55, 0x70, 0x64, 0x61, 0x74, 0x65, 0x28, 0x66, 0x6c, 0x6f, 0x61, 0x74, 0x29, 0x2f,
    0x05, 0x06, 0x1d, 0x01, 0x01, 0x03, 0x45, 0x76, 0x74, 0x5f, 0x73, 0x63, 0x65, 0x6e, 0x65, 0x02,
    0x10, 0x4f, 0x7f, 0x9c, 0x52, 0x65, 0x67, 0x69, 0x73, 0x74, 0x65, 0x72, 0x4f, 0x62, 0x6a, 0x65,
    0x63, 0x74, 0x28, 0x53, 0x63, 0x65, 0x6e, 0x65, 0x4f, 0x62, 0x6a, 0x65, 0x63, 0x74, 0x2a, 0x29,
    0x25, 0x04, 0x06, 0x1d, 0x09, 0x01, 0x03, 0x33, 0x76, 0x74, 0x5f, 0x73, 0x63, 0x65, 0x6e, 0x65,
    0x08, 0x4f, 0x64, 0xa4, 0x7e, 0x53, 0x63, 0x65, 0x6e, 0x65, 0x28, 0x29, 0x20, 0x5b, 0x64, 0x65,
    0x6c, 0x65, 0x74, 0x69, 0x6e, 0x67, 0x5d, 0x26, 0x03, 0x06, 0x1d, 0x08, 0x08, 0x03, 0x37, 0x76,
    0x74, 0x5f, 0x73, 0x63, 0x65, 0x6e, 0x65, 0x4f, 0x60, 0xd4, 0x7e, 0x53, 0x63, 0x65, 0x6e, 0x65,
    0x28, 0x29, 0x20, 0x5b, 0x69, 0x6e, 0x63, 0x6f, 0x6d, 0x70, 0x6c, 0x65, 0x74, 0x65, 0x5d, 0x36,
    0x02, 0x06, 0x19, 0x09, 0x01, 0x03, 0x59, 0x76, 0x74, 0x5f, 0x67, 0x73, 0x63, 0x08, 0x42, 0x8e,
    0x8c, 0x47, 0x61, 0x6d, 0x65, 0x43, 0x6f, 0x6e, 0x74, 0x72, 0x6f, 0x6c, 0x42, 0x75, 0x74, 0x74,
    0x6f, 0x6e, 0x55, 0x70, 0x28, 0x47, 0x61, 0x6d, 0x65, 0x43, 0x6f, 0x6e, 0x74, 0x72, 0x6f, 0x6c,
    0x42, 0x75, 0x74, 0x74, 0x6f, 0x6e, 0x29, 0x37, 0x01, 0x06, 0x19, 0x08, 0x08, 0x03, 0x5d, 0x76,
    0x74, 0x5f, 0x67, 0x73, 0x63, 0x42, 0x7d, 0x70, 0x47, 0x61, 0x6d, 0x65, 0x43, 0x6f, 0x6e, 0x74,
    0x72, 0x6f, 0x6c, 0x42, 0x75, 0x74, 0x74, 0x6f, 0x6e, 0x44, 0x6f, 0x77, 0x6e, 0x28, 0x47, 0x61,
    0x6d, 0x65, 0x43, 0x6f, 0x6e, 0x74, 0x72, 0x6f, 0x6c, 0x42, 0x75, 0x74, 0x74, 0x6f, 0x6e, 0x29,
    0x0a, 0x00, 0x00, 0x00, 0x14, 0x0e, 0xa3, 0x00, 0x0f, 0xf5, 0x0f, 0xe9, 0x0f, 0xdb, 0x0f, 0xcd,
    0x0f, 0xbe, 0x0f, 0xaf, 0x0f, 0xa0, 0x0f, 0x91, 0x0f, 0x82, 0x0f, 0x73, 0x0f, 0x5f, 0x0f, 0x4b,
    0x0f, 0x36, 0x0f, 0x21, 0x0f, 0x0c, 0x0e, 0xf7, 0x0e, 0xe2, 0x0e, 0xcd, 0x0e, 0xb8, 0x0e, 0xa3,
    0x00, 0x00, 0x00, 0x00, 0x00, 0x00, 0x00, 0x00, 0x00, 0x00, 0x00, 0x00, 0x00, 0x00, 0x00, 0x00,
    0x00, 0x00, 0x00, 0x00, 0x00, 0x00, 0x00, 0x00, 0x00, 0x00, 0x00, 0x00, 0x00, 0x00, 0x00, 0x00,
    0x00, 0x00, 0x00, 0x00, 0x00, 0x00, 0x00, 0x00, 0x00, 0x00, 0x00, 0x00, 0x00, 0x00, 0x00, 0x00,
    0x00, 0x00, 0x00, 0x00, 0x00, 0x00, 0x00, 0x00, 0x00, 0x00, 0x00, 0x00, 0x00, 0x00, 0x00, 0x00,
    0x00, 0x00, 0x00, 0x00, 0x00, 0x00, 0x00, 0x00, 0x00, 0x00, 0x00, 0x00, 0x00, 0x00, 0x00, 0x00,
    0x00, 0x00, 0x00, 0x00, 0x00, 0x00, 0x00, 0x00, 0x00, 0x00, 0x00, 0x00, 0x00, 0x00, 0x00, 0x00,
    0x00, 0x00, 0x00, 0x00, 0x00, 0x00, 0x00, 0x00, 0x00, 0x00, 0x00, 0x00, 0x00, 0x00, 0x00, 0x00,
    0x00, 0x00, 0x00, 0x00, 0x00, 0x00, 0x00, 0x00, 0x00, 0x00, 0x00, 0x00, 0x00, 0x00, 0x00, 0x00,
    0x00, 0x00, 0x00, 0x00, 0x00, 0x00, 0x00, 0x00, 0x00, 0x00, 0x00, 0x00, 0x00, 0x00, 0x00, 0x00,
    0x00, 0x00, 0x00, 0x00, 0x00, 0x00, 0x00, 0x00, 0x00, 0x00, 0x00, 0x00, 0x00, 0x00, 0x00, 0x00,
    0x00, 0x00, 0x00, 0x00, 0x00, 0x00, 0x00, 0x00, 0x00, 0x00, 0x00, 0x00, 0x00, 0x00, 0x00, 0x00,
    0x00, 0x00, 0x00, 0x00, 0x00, 0x00, 0x00, 0x00, 0x00, 0x00, 0x00, 0x00, 0x00, 0x00, 0x00, 0x00,
    0x00, 0x00, 0x00, 0x00, 0x00, 0x00, 0x00, 0x00, 0x00, 0x00, 0x00, 0x00, 0x00, 0x00, 0x00, 0x00,
    0x00, 0x00, 0x00, 0x00, 0x00, 0x00, 0x00, 0x00, 0x00, 0x00, 0x00, 0x00, 0x00, 0x00, 0x00, 0x00,
    0x00, 0x00, 0x00, 0x00, 0x00, 0x00, 0x00, 0x00, 0x00, 0x00, 0x00, 0x00, 0x00, 0x00, 0x00, 0x00,
    0x00, 0x00, 0x00, 0x00, 0x00, 0x00, 0x00, 0x00, 0x00, 0x00, 0x00, 0x00, 0x00, 0x00, 0x00, 0x00,
    0x00, 0x00, 0x00, 0x00, 0x00, 0x00, 0x00, 0x00, 0x00, 0x00, 0x00, 0x00, 0x00, 0x00, 0x00, 0x00,
    0x00, 0x00, 0x00, 0x00, 0x00, 0x00, 0x00, 0x00, 0x00, 0x00, 0x00, 0x00, 0x00, 0x00, 0x00, 0x00,
    0x00, 0x00, 0x00, 0x00, 0x00, 0x00, 0x00, 0x00, 0x00, 0x00, 0x00, 0x00, 0x00, 0x00, 0x00, 0x00,
    0x00, 0x00, 0x00, 0x00, 0x00, 0x00, 0x00, 0x00, 0x00, 0x00, 0x00, 0x00, 0x00, 0x00, 0x00, 0x00,
    0x00, 0x00, 0x00, 0x00, 0x00, 0x00, 0x00, 0x00, 0x00, 0x00, 0x00, 0x00, 0x00, 0x00, 0x00, 0x00,
    0x00, 0x00, 0x00, 0x00, 0x00, 0x00, 0x00, 0x00, 0x00, 0x00, 0x00, 0x00, 0x00, 0x00, 0x00, 0x00,
    0x00, 0x00, 0x00, 0x00, 0x00, 0x00, 0x00, 0x00, 0x00, 0x00, 0x00, 0x00, 0x00, 0x00, 0x00, 0x00,
    0x00, 0x00, 0x00, 0x00, 0x00, 0x00, 0x00, 0x00, 0x00, 0x00, 0x00, 0x00, 0x00, 0x00, 0x00, 0x00,
    0x00, 0x00, 0x00, 0x00, 0x00, 0x00, 0x00, 0x00, 0x00, 0x00, 0x00, 0x00, 0x00, 0x00, 0x00, 0x00,
    0x00, 0x00, 0x00, 0x00, 0x00, 0x00, 0x00, 0x00, 0x00, 0x00, 0x00, 0x00, 0x00, 0x00, 0x00, 0x00,
    0x00, 0x00, 0x00, 0x00, 0x00, 0x00, 0x00, 0x00, 0x00, 0x00, 0x00, 0x00, 0x00, 0x00, 0x00, 0x00,
    0x00, 0x00, 0x00, 0x00, 0x00, 0x00, 0x00, 0x00, 0x00, 0x00, 0x00, 0x00, 0x00, 0x00, 0x00, 0x00,
    0x00, 0x00, 0x00, 0x00, 0x00, 0x00, 0x00, 0x00, 0x00, 0x00, 0x00, 0x00, 0x00, 0x00, 0x00, 0x00,
    0x00, 0x00, 0x00, 0x00, 0x00, 0x00, 0x00, 0x00, 0x00, 0x00, 0x00, 0x00, 0x00, 0x00, 0x00, 0x00,
    0x00, 0x00, 0x00, 0x00, 0x00, 0x00, 0x00, 0x00, 0x00, 0x00, 0x00, 0x00, 0x00, 0x00, 0x00, 0x00,
    0x00, 0x00, 0x00, 0x00, 0x00, 0x00, 0x00, 0x00, 0x00, 0x00, 0x00, 0x00, 0x00, 0x00, 0x00, 0x00,
    0x00, 0x00, 0x00, 0x00, 0x00, 0x00, 0x00, 0x00, 0x00, 0x00, 0x00, 0x00, 0x00, 0x00, 0x00, 0x00,
    0x00, 0x00, 0x00, 0x00, 0x00, 0x00, 0x00, 0x00, 0x00, 0x00, 0x00, 0x00, 0x00, 0x00, 0x00, 0x00,
    0x00, 0x00, 0x00, 0x00, 0x00, 0x00, 0x00, 0x00, 0x00, 0x00, 0x00, 0x00, 0x00, 0x00, 0x00, 0x00,
    0x00, 0x00, 0x00, 0x00, 0x00, 0x00, 0x00, 0x00, 0x00, 0x00, 0x00, 0x00, 0x00, 0x00, 0x00, 0x00,
    0x00, 0x00, 0x00, 0x00, 0x00, 0x00, 0x00, 0x00, 0x00, 0x00, 0x00, 0x00, 0x00, 0x00, 0x00, 0x00,
    0x00, 0x00, 0x00, 0x00, 0x00, 0x00, 0x00, 0x00, 0x00, 0x00, 0x00, 0x00, 0x00, 0x00, 0x00, 0x00,
    0x00, 0x00, 0x00, 0x00, 0x00, 0x00, 0x00, 0x00, 0x00, 0x00, 0x00, 0x00, 0x00, 0x00, 0x00, 0x00,
    0x00, 0x00, 0x00, 0x00, 0x00, 0x00, 0x00, 0x00, 0x00, 0x00, 0x00, 0x00, 0x00, 0x00, 0x00, 0x00,
    0x00, 0x00, 0x00, 0x00, 0x00, 0x00, 0x00, 0x00, 0x00, 0x00, 0x00, 0x00, 0x00, 0x00, 0x00, 0x00,
    0x00, 0x00, 0x00, 0x00, 0x00, 0x00, 0x00, 0x00, 0x00, 0x00, 0x00, 0x00, 0x00, 0x00, 0x00, 0x00,
    0x00, 0x00, 0x00, 0x00, 0x00, 0x00, 0x00, 0x00, 0x00, 0x00, 0x00, 0x00, 0x00, 0x00, 0x00, 0x00,
    0x00, 0x00, 0x00, 0x00, 0x00, 0x00, 0x00, 0x00, 0x00, 0x00, 0x00, 0x00, 0x00, 0x00, 0x00, 0x00,
    0x00, 0x00, 0x00, 0x00, 0x00, 0x00, 0x00, 0x00, 0x00, 0x00, 0x00, 0x00, 0x00, 0x00, 0x00, 0x00,
    0x00, 0x00, 0x00, 0x00, 0x00, 0x00, 0x00, 0x00, 0x00, 0x00, 0x00, 0x00, 0x00, 0x00, 0x00, 0x00,
    0x00, 0x00, 0x00, 0x00, 0x00, 0x00, 0x00, 0x00, 0x00, 0x00, 0x00, 0x00, 0x00, 0x00, 0x00, 0x00,
    0x00, 0x00, 0x00, 0x00, 0x00, 0x00, 0x00, 0x00, 0x00, 0x00, 0x00, 0x00, 0x00, 0x00, 0x00, 0x00,
    0x00, 0x00, 0x00, 0x00, 0x00, 0x00, 0x00, 0x00, 0x00, 0x00, 0x00, 0x00, 0x00, 0x00, 0x00, 0x00,
    0x00, 0x00, 0x00, 0x00, 0x00, 0x00, 0x00, 0x00, 0x00, 0x00, 0x00, 0x00, 0x00, 0x00, 0x00, 0x00,
    0x00, 0x00, 0x00, 0x00, 0x00, 0x00, 0x00, 0x00, 0x00, 0x00, 0x00, 0x00, 0x00, 0x00, 0x00, 0x00,
    0x00, 0x00, 0x00, 0x00, 0x00, 0x00, 0x00, 0x00, 0x00, 0x00, 0x00, 0x00, 0x00, 0x00, 0x00, 0x00,
    0x00, 0x00, 0x00, 0x00, 0x00, 0x00, 0x00, 0x00, 0x00, 0x00, 0x00, 0x00, 0x00, 0x00, 0x00, 0x00,
    0x00, 0x00, 0x00, 0x00, 0x00, 0x00, 0x00, 0x00, 0x00, 0x00, 0x00, 0x00, 0x00, 0x00, 0x00, 0x00,
    0x00, 0x00, 0x00, 0x00, 0x00, 0x00, 0x00, 0x00, 0x00, 0x00, 0x00, 0x00, 0x00, 0x00, 0x00, 0x00,
    0x00, 0x00, 0x00, 0x00, 0x00, 0x00, 0x00, 0x00, 0x00, 0x00, 0x00, 0x00, 0x00, 0x00, 0x00, 0x00,
    0x00, 0x00, 0x00, 0x00, 0x00, 0x00, 0x00, 0x00, 0x00, 0x00, 0x00, 0x00, 0x00, 0x00, 0x00, 0x00,
    0x00, 0x00, 0x00, 0x00, 0x00, 0x00, 0x00, 0x00, 0x00, 0x00, 0x00, 0x00, 0x00, 0x00, 0x00, 0x00,
    0x00, 0x00, 0x00, 0x00, 0x00, 0x00, 0x00, 0x00, 0x00, 0x00, 0x00, 0x00, 0x00, 0x00, 0x00, 0x00,
    0x00, 0x00, 0x00, 0x00, 0x00, 0x00, 0x00, 0x00, 0x00, 0x00, 0x00, 0x00, 0x00, 0x00, 0x00, 0x00,
    0x00, 0x00, 0x00, 0x00, 0x00, 0x00, 0x00, 0x00, 0x00, 0x00, 0x00, 0x00, 0x00, 0x00, 0x00, 0x00,
    0x00, 0x00, 0x00, 0x00, 0x00, 0x00, 0x00, 0x00, 0x00, 0x00, 0x00, 0x00, 0x00, 0x00, 0x00, 0x00,
    0x00, 0x00, 0x00, 0x00, 0x00, 0x00, 0x00, 0x00, 0x00, 0x00, 0x00, 0x00, 0x00, 0x00, 0x00, 0x00,
    0x00, 0x00, 0x00, 0x00, 0x00, 0x00, 0x00, 0x00, 0x00, 0x00, 0x00, 0x00, 0x00, 0x00, 0x00, 0x00,
    0x00, 0x00, 0x00, 0x00, 0x00, 0x00, 0x00, 0x00, 0x00, 0x00, 0x00, 0x00, 0x00, 0x00, 0x00, 0x00,
    0x00, 0x00, 0x00, 0x00, 0x00, 0x00, 0x00, 0x00, 0x00, 0x00, 0x00, 0x00, 0x00, 0x00, 0x00, 0x00,
    0x00, 0x00, 0x00, 0x00, 0x00, 0x00, 0x00, 0x00, 0x00, 0x00, 0x00, 0x00, 0x00, 0x00, 0x00, 0x00,
    0x00, 0x00, 0x00, 0x00, 0x00, 0x00, 0x00, 0x00, 0x00, 0x00, 0x00, 0x00, 0x00, 0x00, 0x00, 0x00,
    0x00, 0x00, 0x00, 0x00, 0x00, 0x00, 0x00, 0x00, 0x00, 0x00, 0x00, 0x00, 0x00, 0x00, 0x00, 0x00,
    0x00, 0x00, 0x00, 0x00, 0x00, 0x00, 0x00, 0x00, 0x00, 0x00, 0x00, 0x00, 0x00, 0x00, 0x00, 0x00,
    0x00, 0x00, 0x00, 0x00, 0x00, 0x00, 0x00, 0x00, 0x00, 0x00, 0x00, 0x00, 0x00, 0x00, 0x00, 0x00,
    0x00, 0x00, 0x00, 0x00, 0x00, 0x00, 0x00, 0x00, 0x00, 0x00, 0x00, 0x00, 0x00, 0x00, 0x00, 0x00,
    0x00, 0x00, 0x00, 0x00, 0x00, 0x00, 0x00, 0x00, 0x00, 0x00, 0x00, 0x00, 0x00, 0x00, 0x00, 0x00,
    0x00, 0x00, 0x00, 0x00, 0x00, 0x00, 0x00, 0x00, 0x00, 0x00, 0x00, 0x00, 0x00, 0x00, 0x00, 0x00,
    0x00, 0x00, 0x00, 0x00, 0x00, 0x00, 0x00, 0x00, 0x00, 0x00, 0x00, 0x00, 0x00, 0x00, 0x00, 0x00,
    0x00, 0x00, 0x00, 0x00, 0x00, 0x00, 0x00, 0x00, 0x00, 0x00, 0x00, 0x00, 0x00, 0x00, 0x00, 0x00,
    0x00, 0x00, 0x00, 0x00, 0x00, 0x00, 0x00, 0x00, 0x00, 0x00, 0x00, 0x00, 0x00, 0x00, 0x00, 0x00,
    0x00, 0x00, 0x00, 0x00, 0x00, 0x00, 0x00, 0x00, 0x00, 0x00, 0x00, 0x00, 0x00, 0x00, 0x00, 0x00,
    0x00, 0x00, 0x00, 0x00, 0x00, 0x00, 0x00, 0x00, 0x00, 0x00, 0x00, 0x00, 0x00, 0x00, 0x00, 0x00,
    0x00, 0x00, 0x00, 0x00, 0x00, 0x00, 0x00, 0x00, 0x00, 0x00, 0x00, 0x00, 0x00, 0x00, 0x00, 0x00,
    0x00, 0x00, 0x00, 0x00, 0x00, 0x00, 0x00, 0x00, 0x00, 0x00, 0x00, 0x00, 0x00, 0x00, 0x00, 0x00,
    0x00, 0x00, 0x00, 0x00, 0x00, 0x00, 0x00, 0x00, 0x00, 0x00, 0x00, 0x00, 0x00, 0x00, 0x00, 0x00,
    0x00, 0x00, 0x00, 0x00, 0x00, 0x00, 0x00, 0x00, 0x00, 0x00, 0x00, 0x00, 0x00, 0x00, 0x00, 0x00,
    0x00, 0x00, 0x00, 0x00, 0x00, 0x00, 0x00, 0x00, 0x00, 0x00, 0x00, 0x00, 0x00, 0x00, 0x00, 0x00,
    0x00, 0x00, 0x00, 0x00, 0x00, 0x00, 0x00, 0x00, 0x00, 0x00, 0x00, 0x00, 0x00, 0x00, 0x00, 0x00,
    0x00, 0x00, 0x00, 0x00, 0x00, 0x00, 0x00, 0x00, 0x00, 0x00, 0x00, 0x00, 0x00, 0x00, 0x00, 0x00,
    0x00, 0x00, 0x00, 0x00, 0x00, 0x00, 0x00, 0x00, 0x00, 0x00, 0x00, 0x00, 0x00, 0x00, 0x00, 0x00,
    0x00, 0x00, 0x00, 0x00, 0x00, 0x00, 0x00, 0x00, 0x00, 0x00, 0x00, 0x00, 0x00, 0x00, 0x00, 0x00,
    0x00, 0x00, 0x00, 0x00, 0x00, 0x00, 0x00, 0x00, 0x00, 0x00, 0x00, 0x00, 0x00, 0x00, 0x00, 0x00,
    0x00, 0x00, 0x00, 0x00, 0x00, 0x00, 0x00, 0x00, 0x00, 0x00, 0x00, 0x00, 0x00, 0x00, 0x00, 0x00,
    0x00, 0x00, 0x00, 0x00, 0x00, 0x00, 0x00, 0x00, 0x00, 0x00, 0x00, 0x00, 0x00, 0x00, 0x00, 0x00,
    0x00, 0x00, 0x00, 0x00, 0x00, 0x00, 0x00, 0x00, 0x00, 0x00, 0x00, 0x00, 0x00, 0x00, 0x00, 0x00,
    0x00, 0x00, 0x00, 0x00, 0x00, 0x00, 0x00, 0x00, 0x00, 0x00, 0x00, 0x00, 0x00, 0x00, 0x00, 0x00,
    0x00, 0x00, 0x00, 0x00, 0x00, 0x00, 0x00, 0x00, 0x00, 0x00, 0x00, 0x00, 0x00, 0x00, 0x00, 0x00,
    0x00, 0x00, 0x00, 0x00, 0x00, 0x00, 0x00, 0x00, 0x00, 0x00, 0x00, 0x00, 0x00, 0x00, 0x00, 0x00,
    0x00, 0x00, 0x00, 0x00, 0x00, 0x00, 0x00, 0x00, 0x00, 0x00, 0x00, 0x00, 0x00, 0x00, 0x00, 0x00,
    0x00, 0x00, 0x00, 0x00, 0x00, 0x00, 0x00, 0x00, 0x00, 0x00, 0x00, 0x00, 0x00, 0x00, 0x00, 0x00,
    0x00, 0x00, 0x00, 0x00, 0x00, 0x00, 0x00, 0x00, 0x00, 0x00, 0x00, 0x00, 0x00, 0x00, 0x00, 0x00,
    0x00, 0x00, 0x00, 0x00, 0x00, 0x00, 0x00, 0x00, 0x00, 0x00, 0x00, 0x00, 0x00, 0x00, 0x00, 0x00,
    0x00, 0x00, 0x00, 0x00, 0x00, 0x00, 0x00, 0x00, 0x00, 0x00, 0x00, 0x00, 0x00, 0x00, 0x00, 0x00,
    0x00, 0x00, 0x00, 0x00, 0x00, 0x00, 0x00, 0x00, 0x00, 0x00, 0x00, 0x00, 0x00, 0x00, 0x00, 0x00,
    0x00, 0x00, 0x00, 0x00, 0x00, 0x00, 0x00, 0x00, 0x00, 0x00, 0x00, 0x00, 0x00, 0x00, 0x00, 0x00,
    0x00, 0x00, 0x00, 0x00, 0x00, 0x00, 0x00, 0x00, 0x00, 0x00, 0x00, 0x00, 0x00, 0x00, 0x00, 0x00,
    0x00, 0x00, 0x00, 0x00, 0x00, 0x00, 0x00, 0x00, 0x00, 0x00, 0x00, 0x00, 0x00, 0x00, 0x00, 0x00,
    0x00, 0x00, 0x00, 0x00, 0x00, 0x00, 0x00, 0x00, 0x00, 0x00, 0x00, 0x00, 0x00, 0x00, 0x00, 0x00,
    0x00, 0x00, 0x00, 0x00, 0x00, 0x00, 0x00, 0x00, 0x00, 0x00, 0x00, 0x00, 0x00, 0x00, 0x00, 0x00,
    0x00, 0x00, 0x00, 0x00, 0x00, 0x00, 0x00, 0x00, 0x00, 0x00, 0x00, 0x00, 0x00, 0x00, 0x00, 0x00,
    0x00, 0x00, 0x00, 0x00, 0x00, 0x00, 0x00, 0x00, 0x00, 0x00, 0x00, 0x00, 0x00, 0x00, 0x00, 0x00,
    0x00, 0x00, 0x00, 0x00, 0x00, 0x00, 0x00, 0x00, 0x00, 0x00, 0x00, 0x00, 0x00, 0x00, 0x00, 0x00,
    0x00, 0x00, 0x00, 0x00, 0x00, 0x00, 0x00, 0x00, 0x00, 0x00, 0x00, 0x00, 0x00, 0x00, 0x00, 0x00,
    0x00, 0x00, 0x00, 0x00, 0x00, 0x00, 0x00, 0x00, 0x00, 0x00, 0x00, 0x00, 0x00, 0x00, 0x00, 0x00,
    0x00, 0x00, 0x00, 0x00, 0x00, 0x00, 0x00, 0x00, 0x00, 0x00, 0x00, 0x00, 0x00, 0x00, 0x00, 0x00,
    0x00, 0x00, 0x00, 0x00, 0x00, 0x00, 0x00, 0x00, 0x00, 0x00, 0x00, 0x00, 0x00, 0x00, 0x00, 0x00,
    0x00, 0x00, 0x00, 0x00, 0x00, 0x00, 0x00, 0x00, 0x00, 0x00, 0x00, 0x00, 0x00, 0x00, 0x00, 0x00,
    0x00, 0x00, 0x00, 0x00, 0x00, 0x00, 0x00, 0x00, 0x00, 0x00, 0x00, 0x00, 0x00, 0x00, 0x00, 0x00,
    0x00, 0x00, 0x00, 0x00, 0x00, 0x00, 0x00, 0x00, 0x00, 0x00, 0x00, 0x00, 0x00, 0x00, 0x00, 0x00,
    0x00, 0x00, 0x00, 0x00, 0x00, 0x00, 0x00, 0x00, 0x00, 0x00, 0x00, 0x00, 0x00, 0x00, 0x00, 0x00,
    0x00, 0x00, 0x00, 0x00, 0x00, 0x00, 0x00, 0x00, 0x00, 0x00, 0x00, 0x00, 0x00, 0x00, 0x00, 0x00,
    0x00, 0x00, 0x00, 0x00, 0x00, 0x00, 0x00, 0x00, 0x00, 0x00, 0x00, 0x00, 0x00, 0x00, 0x00, 0x00,
    0x00, 0x00, 0x00, 0x00, 0x00, 0x00, 0x00, 0x00, 0x00, 0x00, 0x00, 0x00, 0x00, 0x00, 0x00, 0x00,
    0x00, 0x00, 0x00, 0x00, 0x00, 0x00, 0x00, 0x00, 0x00, 0x00, 0x00, 0x00, 0x00, 0x00, 0x00, 0x00,
    0x00, 0x00, 0x00, 0x00, 0x00, 0x00, 0x00, 0x00, 0x00, 0x00, 0x00, 0x00, 0x00, 0x00, 0x00, 0x00,
    0x00, 0x00, 0x00, 0x00, 0x00, 0x00, 0x00, 0x00, 0x00, 0x00, 0x00, 0x00, 0x00, 0x00, 0x00, 0x00,
    0x00, 0x00, 0x00, 0x00, 0x00, 0x00, 0x00, 0x00, 0x00, 0x00, 0x00, 0x00, 0x00, 0x00, 0x00, 0x00,
    0x00, 0x00, 0x00, 0x00, 0x00, 0x00, 0x00, 0x00, 0x00, 0x00, 0x00, 0x00, 0x00, 0x00, 0x00, 0x00,
    0x00, 0x00, 0x00, 0x00, 0x00, 0x00, 0x00, 0x00, 0x00, 0x00, 0x00, 0x00, 0x00, 0x00, 0x00, 0x00,
    0x00, 0x00, 0x00, 0x00, 0x00, 0x00, 0x00, 0x00, 0x00, 0x00, 0x00, 0x00, 0x00, 0x00, 0x00, 0x00,
    0x00, 0x00, 0x00, 0x00, 0x00, 0x00, 0x00, 0x00, 0x00, 0x00, 0x00, 0x00, 0x00, 0x00, 0x00, 0x00,
    0x00, 0x00, 0x00, 0x00, 0x00, 0x00, 0x00, 0x00, 0x00, 0x00, 0x00, 0x00, 0x00, 0x00, 0x00, 0x00,
    0x00, 0x00, 0x00, 0x00, 0x00, 0x00, 0x00, 0x00, 0x00, 0x00, 0x00, 0x00, 0x00, 0x00, 0x00, 0x00,
    0x00, 0x00, 0x00, 0x00, 0x00, 0x00, 0x00, 0x00, 0x00, 0x00, 0x00, 0x00, 0x00, 0x00, 0x00, 0x00,
    0x00, 0x00, 0x00, 0x00, 0x00, 0x00, 0x00, 0x00, 0x00, 0x00, 0x00, 0x00, 0x00, 0x00, 0x00, 0x00,
    0x00, 0x00, 0x00, 0x00, 0x00, 0x00, 0x00, 0x00, 0x00, 0x00, 0x00, 0x00, 0x00, 0x00, 0x00, 0x00,
    0x00, 0x00, 0x00, 0x00, 0x00, 0x00, 0x00, 0x00, 0x00, 0x00, 0x00, 0x00, 0x00, 0x00, 0x00, 0x00,
    0x00, 0x00, 0x00, 0x00, 0x00, 0x00, 0x00, 0x00, 0x00, 0x00, 0x00, 0x00, 0x00, 0x00, 0x00, 0x00,
    0x00, 0x00, 0x00, 0x00, 0x00, 0x00, 0x00, 0x00, 0x00, 0x00, 0x00, 0x00, 0x00, 0x00, 0x00, 0x00,
    0x00, 0x00, 0x00, 0x00, 0x00, 0x00, 0x00, 0x00, 0x00, 0x00, 0x00, 0x00, 0x00, 0x00, 0x00, 0x00,
    0x00, 0x00, 0x00, 0x00, 0x00, 0x00, 0x00, 0x00, 0x00, 0x00, 0x00, 0x00, 0x00, 0x00, 0x00, 0x00,
    0x00, 0x00, 0x00, 0x00, 0x00, 0x00, 0x00, 0x00, 0x00, 0x00, 0x00, 0x00, 0x00, 0x00, 0x00, 0x00,
    0x00, 0x00, 0x00, 0x00, 0x00, 0x00, 0x00, 0x00, 0x00, 0x00, 0x00, 0x00, 0x00, 0x00, 0x00, 0x00,
    0x00, 0x00, 0x00, 0x00, 0x00, 0x00, 0x00, 0x00, 0x00, 0x00, 0x00, 0x00, 0x00, 0x00, 0x00, 0x00,
    0x00, 0x00, 0x00, 0x00, 0x00, 0x00, 0x00, 0x00, 0x00, 0x00, 0x00, 0x00, 0x00, 0x00, 0x00, 0x00,
    0x00, 0x00, 0x00, 0x00, 0x00, 0x00, 0x00, 0x00, 0x00, 0x00, 0x00, 0x00, 0x00, 0x00, 0x00, 0x00,
    0x00, 0x00, 0x00, 0x00, 0x00, 0x00, 0x00, 0x00, 0x00, 0x00, 0x00, 0x00, 0x00, 0x00, 0x00, 0x00,
    0x00, 0x00, 0x00, 0x00, 0x00, 0x00, 0x00, 0x00, 0x00, 0x00, 0x00, 0x00, 0x00, 0x00, 0x00, 0x00,
    0x00, 0x00, 0x00, 0x00, 0x00, 0x00, 0x00, 0x00, 0x00, 0x00, 0x00, 0x00, 0x00, 0x00, 0x00, 0x00,
    0x00, 0x00, 0x00, 0x00, 0x00, 0x00, 0x00, 0x00, 0x00, 0x00, 0x00, 0x00, 0x00, 0x00, 0x00, 0x00,
    0x00, 0x00, 0x00, 0x00, 0x00, 0x00, 0x00, 0x00, 0x00, 0x00, 0x00, 0x00, 0x00, 0x00, 0x00, 0x00,
    0x00, 0x00, 0x00, 0x00, 0x00, 0x00, 0x00, 0x00, 0x00, 0x00, 0x00, 0x00, 0x00, 0x00, 0x00, 0x00,
    0x00, 0x00, 0x00, 0x00, 0x00, 0x00, 0x00, 0x00, 0x00, 0x00, 0x00, 0x00, 0x00, 0x00, 0x00, 0x00,
    0x00, 0x00, 0x00, 0x00, 0x00, 0x00, 0x00, 0x00, 0x00, 0x00, 0x00, 0x00, 0x00, 0x00, 0x00, 0x00,
    0x00, 0x00, 0x00, 0x00, 0x00, 0x00, 0x00, 0x00, 0x00, 0x00, 0x00, 0x00, 0x00, 0x00, 0x00, 0x00,
    0x00, 0x00, 0x00, 0x00, 0x00, 0x00, 0x00, 0x00, 0x00, 0x00, 0x00, 0x00, 0x00, 0x00, 0x00, 0x00,
    0x00, 0x00, 0x00, 0x00, 0x00, 0x00, 0x00, 0x00, 0x00, 0x00, 0x00, 0x00, 0x00, 0x00, 0x00, 0x00,
    0x00, 0x00, 0x00, 0x00, 0x00, 0x00, 0x00, 0x00, 0x00, 0x00, 0x00, 0x00, 0x00, 0x00, 0x00, 0x00,
    0x00, 0x00, 0x00, 0x00, 0x00, 0x00, 0x00, 0x00, 0x00, 0x00, 0x00, 0x00, 0x00, 0x00, 0x00, 0x00,
    0x00, 0x00, 0x00, 0x00, 0x00, 0x00, 0x00, 0x00, 0x00, 0x00, 0x00, 0x00, 0x00, 0x00, 0x00, 0x00,
    0x00, 0x00, 0x00, 0x00, 0x00, 0x00, 0x00, 0x00, 0x00, 0x00, 0x00, 0x00, 0x00, 0x00, 0x00, 0x00,
    0x00, 0x00, 0x00, 0x00, 0x00, 0x00, 0x00, 0x00, 0x00, 0x00, 0x00, 0x00, 0x00, 0x00, 0x00, 0x00,
    0x00, 0x00, 0x00, 0x00, 0x00, 0x00, 0x00, 0x00, 0x00, 0x00, 0x00, 0x00, 0x00, 0x00, 0x00, 0x00,
    0x00, 0x00, 0x00, 0x00, 0x00, 0x00, 0x00, 0x00, 0x00, 0x00, 0x00, 0x00, 0x00, 0x00, 0x00, 0x00,
    0x00, 0x00, 0x00, 0x00, 0x00, 0x00, 0x00, 0x00, 0x00, 0x00, 0x00, 0x00, 0x00, 0x00, 0x00, 0x00,
    0x00, 0x00, 0x00, 0x00, 0x00, 0x00, 0x00, 0x00, 0x00, 0x00, 0x00, 0x00, 0x00, 0x00, 0x00, 0x00,
    0x00, 0x00, 0x00, 0x00, 0x00, 0x00, 0x00, 0x00, 0x00, 0x00, 0x00, 0x00, 0x00, 0x00, 0x00, 0x00,
    0x00, 0x00, 0x00, 0x00, 0x00, 0x00, 0x00, 0x00, 0x00, 0x00, 0x00, 0x00, 0x00, 0x00, 0x00, 0x00,
    0x00, 0x00, 0x00, 0x00, 0x00, 0x00, 0x00, 0x00, 0x00, 0x00, 0x00, 0x00, 0x00, 0x00, 0x00, 0x00,
    0x00, 0x00, 0x00, 0x00, 0x00, 0x00, 0x00, 0x00, 0x00, 0x00, 0x00, 0x00, 0x00, 0x00, 0x00, 0x00,
    0x00, 0x00, 0x00, 0x00, 0x00, 0x00, 0x00, 0x00, 0x00, 0x00, 0x00, 0x00, 0x00, 0x00, 0x00, 0x00,
    0x00, 0x00, 0x00, 0x00, 0x00, 0x00, 0x00, 0x00, 0x00, 0x00, 0x00, 0x00, 0x00, 0x00, 0x00, 0x00,
    0x00, 0x00, 0x00, 0x00, 0x00, 0x00, 0x00, 0x00, 0x00, 0x00, 0x00, 0x00, 0x00, 0x00, 0x00, 0x00,
    0x00, 0x00, 0x00, 0x00, 0x00, 0x00, 0x00, 0x00, 0x00, 0x00, 0x00, 0x00, 0x00, 0x00, 0x00, 0x00,
    0x00, 0x00, 0x00, 0x00, 0x00, 0x00, 0x00, 0x00, 0x00, 0x00, 0x00, 0x00, 0x00, 0x00, 0x00, 0x00,
    0x00, 0x00, 0x00, 0x00, 0x00, 0x00, 0x00, 0x00, 0x00, 0x00, 0x00, 0x00, 0x00, 0x00, 0x00, 0x00,
    0x00, 0x00, 0x00, 0x00, 0x00, 0x00, 0x00, 0x00, 0x00, 0x00, 0x00, 0x00, 0x00, 0x00, 0x00, 0x00,
    0x00, 0x00, 0x00, 0x00, 0x00, 0x00, 0x00, 0x00, 0x00, 0x00, 0x00, 0x00, 0x00, 0x00, 0x00, 0x00,
    0x00, 0x00, 0x00, 0x00, 0x00, 0x00, 0x00, 0x00, 0x00, 0x00, 0x00, 0x00, 0x00, 0x00, 0x00, 0x00,
    0x00, 0x00, 0x00, 0x00, 0x00, 0x00, 0x00, 0x00, 0x00, 0x00, 0x00, 0x00, 0x00, 0x00, 0x00, 0x00,
    0x00, 0x00, 0x00, 0x00, 0x00, 0x00, 0x00, 0x00, 0x00, 0x00, 0x00, 0x00, 0x00, 0x00, 0x00, 0x00,
    0x00, 0x00, 0x00, 0x00, 0x00, 0x00, 0x00, 0x00, 0x00, 0x00, 0x00, 0x00, 0x00, 0x00, 0x00, 0x00,
    0x00, 0x00, 0x00, 0x00, 0x00, 0x00, 0x00, 0x00, 0x00, 0x00, 0x00, 0x00, 0x00, 0x00, 0x00, 0x00,
    0x00, 0x00, 0x00, 0x00, 0x00, 0x00, 0x00, 0x00, 0x00, 0x00, 0x00, 0x00, 0x00, 0x00, 0x00, 0x00,
    0x00, 0x00, 0x00, 0x00, 0x00, 0x00, 0x00, 0x00, 0x00, 0x00, 0x00, 0x00, 0x00, 0x00, 0x00, 0x00,
    0x00, 0x00, 0x00, 0x00, 0x00, 0x00, 0x00, 0x00, 0x00, 0x00, 0x00, 0x00, 0x00, 0x00, 0x00, 0x00,
    0x00, 0x00, 0x00, 0x00, 0x00, 0x00, 0x00, 0x00, 0x00, 0x00, 0x00, 0x00, 0x00, 0x00, 0x00, 0x00,
    0x00, 0x00, 0x00, 0x00, 0x00, 0x00, 0x00, 0x00, 0x00, 0x00, 0x00, 0x00, 0x00, 0x00, 0x00, 0x00,
    0x00, 0x00, 0x00, 0x00, 0x00, 0x00, 0x00, 0x00, 0x00, 0x00, 0x00, 0x00, 0x00, 0x00, 0x00, 0x00,
    0x00, 0x00, 0x00, 0x00, 0x00, 0x00, 0x00, 0x00, 0x00, 0x00, 0x00, 0x00, 0x00, 0x00, 0x00, 0x00,
    0x00, 0x00, 0x00, 0x00, 0x00, 0x00, 0x00, 0x00, 0x00, 0x00, 0x00, 0x00, 0x00, 0x00, 0x00, 0x00,
    0x00, 0x00, 0x00, 0x00, 0x00, 0x00, 0x00, 0x00, 0x00, 0x00, 0x00, 0x00, 0x00, 0x00, 0x00, 0x00,
    0x00, 0x00, 0x00, 0x00, 0x00, 0x00, 0x00, 0x00, 0x00, 0x00, 0x00, 0x00, 0x00, 0x00, 0x00, 0x00,
    0x00, 0x00, 0x00, 0x00, 0x00, 0x00, 0x00, 0x00, 0x00, 0x00, 0x00, 0x00, 0x00, 0x00, 0x00, 0x00,
    0x00, 0x00, 0x00, 0x00, 0x00, 0x00, 0x00, 0x00, 0x00, 0x00, 0x00, 0x00, 0x00, 0x00, 0x00, 0x00,
    0x00, 0x00, 0x00, 0x00, 0x00, 0x00, 0x00, 0x00, 0x00, 0x00, 0x00, 0x00, 0x00, 0x00, 0x00, 0x00,
    0x00, 0x00, 0x00, 0x00, 0x00, 0x00, 0x00, 0x00, 0x00, 0x00, 0x00, 0x00, 0x00, 0x00, 0x00, 0x00,
    0x00, 0x00, 0x00, 0x00, 0x00, 0x00, 0x00, 0x00, 0x00, 0x00, 0x00, 0x00, 0x00, 0x00, 0x00, 0x00,
    0x00, 0x00, 0x00, 0x00, 0x00, 0x00, 0x00, 0x00, 0x00, 0x00, 0x00, 0x00, 0x00, 0x00, 0x00, 0x00,
    0x00, 0x00, 0x00, 0x00, 0x00, 0x00, 0x00, 0x00, 0x00, 0x00, 0x00, 0x00, 0x00, 0x00, 0x00, 0x00,
    0x00, 0x00, 0x00, 0x00, 0x00, 0x00, 0x00, 0x00, 0x00, 0x00, 0x00, 0x00, 0x00, 0x00, 0x00, 0x00,
    0x00, 0x00, 0x00, 0x00, 0x00, 0x00, 0x00, 0x00, 0x00, 0x00, 0x00, 0x00, 0x00, 0x00, 0x00, 0x00,
    0x00, 0x00, 0x00, 0x00, 0x00, 0x00, 0x00, 0x00, 0x00, 0x00, 0x00, 0x00, 0x00, 0x00, 0x00, 0x00,
    0x00, 0x00, 0x00, 0x00, 0x00, 0x00, 0x00, 0x00, 0x00, 0x00, 0x00, 0x00, 0x00, 0x00, 0x00, 0x00,
    0x00, 0x00, 0x00, 0x00, 0x00, 0x00, 0x00, 0x00, 0x00, 0x00, 0x00, 0x00, 0x00, 0x00, 0x00, 0x00,
    0x00, 0x00, 0x00, 0x00, 0x00, 0x00, 0x00, 0x00, 0x00, 0x00, 0x00, 0x00, 0x00, 0x00, 0x00, 0x00,
    0x00, 0x00, 0x00, 0x00, 0x00, 0x00, 0x00, 0x00, 0x00, 0x00, 0x00, 0x00, 0x00, 0x00, 0x00, 0x00,
    0x00, 0x00, 0x00, 0x00, 0x00, 0x00, 0x00, 0x00, 0x00, 0x00, 0x00, 0x00, 0x00, 0x00, 0x00, 0x00,
    0x00, 0x00, 0x00, 0x00, 0x00, 0x00, 0x00, 0x00, 0x00, 0x00, 0x00, 0x00, 0x00, 0x00, 0x00, 0x00,
    0x00, 0x00, 0x00, 0x00, 0x00, 0x00, 0x00, 0x00, 0x00, 0x00, 0x00, 0x00, 0x00, 0x00, 0x00, 0x00,
    0x00, 0x00, 0x00, 0x00, 0x00, 0x00, 0x00, 0x00, 0x00, 0x00, 0x00, 0x00, 0x00, 0x00, 0x00, 0x00,
    0x00, 0x00, 0x00, 0x00, 0x00, 0x00, 0x00, 0x00, 0x00, 0x00, 0x00, 0x00, 0x00, 0x00, 0x00, 0x00,
    0x00, 0x00, 0x00, 0x00, 0x00, 0x00, 0x00, 0x00, 0x00, 0x00, 0x00, 0x00, 0x00, 0x00, 0x00, 0x00,
    0x00, 0x00, 0x00, 0x00, 0x00, 0x00, 0x00, 0x00, 0x00, 0x00, 0x00, 0x00, 0x00, 0x00, 0x00, 0x00,
    0x00, 0x00, 0x00, 0x00, 0x00, 0x00, 0x00, 0x00, 0x00, 0x00, 0x00, 0x00, 0x00, 0x00, 0x00, 0x00,
    0x00, 0x00, 0x00, 0x00, 0x00, 0x00, 0x00, 0x00, 0x00, 0x00, 0x00, 0x00, 0x00, 0x00, 0x00, 0x00,
    0x00, 0x00, 0x00, 0x00, 0x00, 0x00, 0x00, 0x00, 0x00, 0x00, 0x00, 0x00, 0x00, 0x00, 0x00, 0x00,
    0x00, 0x00, 0x00, 0x00, 0x00, 0x00, 0x00, 0x00, 0x00, 0x00, 0x00, 0x00, 0x00, 0x00, 0x00, 0x00,
    0x00, 0x00, 0x00, 0x00, 0x00, 0x00, 0x00, 0x00, 0x00, 0x00, 0x00, 0x00, 0x00, 0x00, 0x00, 0x00,
    0x00, 0x00, 0x00, 0x00, 0x00, 0x00, 0x00, 0x00, 0x00, 0x00, 0x00, 0x00, 0x00, 0x00, 0x00, 0x00,
    0x00, 0x00, 0x00, 0x00, 0x00, 0x00, 0x00, 0x00, 0x00, 0x00, 0x00, 0x00, 0x00, 0x00, 0x00, 0x00,
    0x00, 0x00, 0x00, 0x00, 0x00, 0x00, 0x00, 0x00, 0x00, 0x00, 0x00, 0x00, 0x00, 0x00, 0x00, 0x00,
    0x00, 0x00, 0x00, 0x00, 0x00, 0x00, 0x00, 0x00, 0x00, 0x00, 0x00, 0x00, 0x00, 0x00, 0x00, 0x00,
    0x00, 0x00, 0x00, 0x00, 0x00, 0x00, 0x00, 0x00, 0x00, 0x00, 0x00, 0x00, 0x00, 0x00, 0x00, 0x00,
    0x00, 0x00, 0x00, 0x00, 0x00, 0x00, 0x00, 0x00, 0x00, 0x00, 0x00, 0x00, 0x00, 0x00, 0x00, 0x00,
    0x00, 0x00, 0x00, 0x00, 0x00, 0x00, 0x00, 0x00, 0x00, 0x00, 0x00, 0x00, 0x00, 0x00, 0x00, 0x00,
    0x00, 0x00, 0x00, 0x00, 0x00, 0x00, 0x00, 0x00, 0x00, 0x00, 0x00, 0x00, 0x00, 0x00, 0x00, 0x00,
    0x00, 0x00, 0x00, 0x00, 0x00, 0x00, 0x00, 0x00, 0x00, 0x00, 0x00, 0x00, 0x00, 0x00, 0x00, 0x00,
    0x00, 0x00, 0x00, 0x00, 0x00, 0x00, 0x00, 0x00, 0x00, 0x00, 0x00, 0x00, 0x00, 0x00, 0x00, 0x00,
    0x00, 0x00, 0x00, 0x00, 0x00, 0x00, 0x00, 0x00, 0x00, 0x00, 0x00, 0x00, 0x00, 0x00, 0x00, 0x00,
    0x00, 0x00, 0x00, 0x00, 0x00, 0x00, 0x00, 0x00, 0x00, 0x00, 0x00, 0x00, 0x00, 0x00, 0x00, 0x00,
    0x00, 0x00, 0x00, 0x00, 0x00, 0x00, 0x00, 0x00, 0x00, 0x00, 0x00, 0x00, 0x00, 0x00, 0x00, 0x00,
    0x00, 0x00, 0x00, 0x00, 0x00, 0x00, 0x00, 0x00, 0x00, 0x00, 0x00, 0x00, 0x00, 0x00, 0x00, 0x00,
    0x00, 0x00, 0x00, 0x00, 0x00, 0x00, 0x00, 0x00, 0x00, 0x00, 0x00, 0x00, 0x00, 0x00, 0x00, 0x00,
    0x00, 0x00, 0x00, 0x14, 0x04, 0x29, 0x01, 0x01, 0x76, 0x74, 0x5f, 0x73, 0x63, 0x65, 0x6e, 0x65,
    0x6f, 0x62, 0x6a, 0x65, 0x63, 0x74, 0x09, 0x14, 0x14, 0x04, 0x29, 0x01, 0x01, 0x76, 0x74, 0x5f,
    0x73, 0x63, 0x65, 0x6e, 0x65, 0x6f, 0x62, 0x6a, 0x65, 0x63, 0x74, 0x08, 0x13, 0x14, 0x04, 0x29,
    0x01, 0x01, 0x76, 0x74, 0x5f, 0x73, 0x63, 0x65, 0x6e, 0x65, 0x6f, 0x62, 0x6a, 0x65, 0x63, 0x74,
    0x07, 0x12, 0x14, 0x04, 0x29, 0x01, 0x01, 0x76, 0x74, 0x5f, 0x73, 0x63, 0x65, 0x6e, 0x65, 0x6f,
    0x62, 0x6a, 0x65, 0x63, 0x74, 0x06, 0x11, 0x14, 0x04, 0x29, 0x01, 0x01, 0x76, 0x74, 0x5f, 0x73,
    0x63, 0x65, 0x6e, 0x65, 0x6f, 0x62, 0x6a, 0x65, 0x63, 0x74, 0x05, 0x10, 0x14, 0x04, 0x29, 0x01,
    0x01, 0x76, 0x74, 0x5f, 0x73, 0x63, 0x65, 0x6e, 0x65, 0x6f, 0x62, 0x6a, 0x65, 0x63, 0x74, 0x04,
    0x0f, 0x14, 0x04, 0x29, 0x01, 0x01, 0x76, 0x74, 0x5f, 0x73, 0x63, 0x65, 0x6e, 0x65, 0x6f, 0x62,
    0x6a, 0x65, 0x63, 0x74, 0x03, 0x0e, 0x14, 0x04, 0x29, 0x01, 0x01, 0x76, 0x74, 0x5f, 0x73, 0x63,
    0x65, 0x6e, 0x65, 0x6f, 0x62, 0x6a, 0x65, 0x63, 0x74, 0x02, 0x0d, 0x13, 0x04, 0x29, 0x09, 0x01,
    0x76, 0x74, 0x5f, 0x73, 0x63, 0x65, 0x6e, 0x65, 0x6f, 0x62, 0x6a, 0x65, 0x63, 0x74, 0x0c, 0x13,
    0x04, 0x29, 0x08, 0x01, 0x76, 0x74, 0x5f, 0x73, 0x63, 0x65, 0x6e, 0x65, 0x6f, 0x62, 0x6a, 0x65,
    0x63, 0x74, 0x0b, 0x0e, 0x04, 0x1d, 0x01, 0x01, 0x76, 0x74, 0x5f, 0x73, 0x63, 0x65, 0x6e, 0x65,
    0x07, 0x0a, 0x0e, 0x04, 0x1d, 0x01, 0x01, 0x76, 0x74, 0x5f, 0x73, 0x63, 0x65, 0x6e, 0x65, 0x06,
    0x09, 0x0e, 0x04, 0x1d, 0x01, 0x01, 0x76, 0x74, 0x5f, 0x73, 0x63, 0x65, 0x6e, 0x65, 0x05, 0x08,
    0x0e, 0x04, 0x1d, 0x01, 0x01, 0x76, 0x74, 0x5f, 0x73, 0x63, 0x65, 0x6e, 0x65, 0x04, 0x07, 0x0e,
    0x04, 0x1d, 0x01, 0x01, 0x76, 0x74, 0x5f, 0x73, 0x63, 0x65, 0x6e, 0x65, 0x03, 0x06, 0x0e, 0x04,
    0x1d, 0x01, 0x01, 0x76, 0x74, 0x5f, 0x73, 0x63, 0x65, 0x6e, 0x65, 0x02, 0x05, 0x0d, 0x04, 0x1d,
    0x09, 0x01, 0x76, 0x74, 0x5f, 0x73, 0x63, 0x65, 0x6e, 0x65, 0x04, 0x0d, 0x04, 0x1d, 0x08, 0x01,
    0x76, 0x74, 0x5f, 0x73, 0x63, 0x65, 0x6e, 0x65, 0x03, 0x0b, 0x04, 0x19, 0x09, 0x01, 0x76, 0x74,
    0x5f, 0x67, 0x73, 0x63, 0x02, 0x0a, 0x04, 0x19, 0x08, 0x09, 0x76, 0x74, 0x5f, 0x67, 0x73, 0x63,
    0x0d, 0x00, 0x00, 0x00, 0x19, 0x0b, 0xf0, 0x00, 0x0f, 0xd2, 0x0f, 0xa6, 0x0f, 0x81, 0x0f, 0x50,
    0x0f, 0x20, 0x0e, 0xf4, 0x0e, 0xca, 0x0e, 0x9e, 0x0e, 0x70, 0x0e, 0x41, 0x0e, 0x10, 0x0d, 0xf0,
    0x0d, 0xc4, 0x0d, 0x99, 0x0d, 0x74, 0x0d, 0x4f, 0x0d, 0x28, 0x0d, 0x01, 0x0c, 0xdc, 0x0c, 0xbc,
    0x0c, 0x97, 0x0c, 0x6c, 0x0c, 0x3b, 0x0c, 0x13, 0x0b, 0xf0, 0x00, 0x00, 0x00, 0x00, 0x00, 0x00,
    0x00, 0x00, 0x00, 0x00, 0x00, 0x00, 0x00, 0x00, 0x00, 0x00, 0x00, 0x00, 0x00, 0x00, 0x00, 0x00,
    0x00, 0x00, 0x00, 0x00, 0x00, 0x00, 0x00, 0x00, 0x00, 0x00, 0x00, 0x00, 0x00, 0x00, 0x00, 0x00,
    0x00, 0x00, 0x00, 0x00, 0x00, 0x00, 0x00, 0x00, 0x00, 0x00, 0x00, 0x00, 0x00, 0x00, 0x00, 0x00,
    0x00, 0x00, 0x00, 0x00, 0x00, 0x00, 0x00, 0x00, 0x00, 0x00, 0x00, 0x00, 0x00, 0x00, 0x00, 0x00,
    0x00, 0x00, 0x00, 0x00, 0x00, 0x00, 0x00, 0x00, 0x00, 0x00, 0x00, 0x00, 0x00, 0x00, 0x00, 0x00,
    0x00, 0x00, 0x00, 0x00, 0x00, 0x00, 0x00, 0x00, 0x00, 0x00, 0x00, 0x00, 0x00, 0x00, 0x00, 0x00,
    0x00, 0x00, 0x00, 0x00, 0x00, 0x00, 0x00, 0x00, 0x00, 0x00, 0x00, 0x00, 0x00, 0x00, 0x00, 0x00,
    0x00, 0x00, 0x00, 0x00, 0x00, 0x00, 0x00, 0x00, 0x00, 0x00, 0x00, 0x00, 0x00, 0x00, 0x00, 0x00,
    0x00, 0x00, 0x00, 0x00, 0x00, 0x00, 0x00, 0x00, 0x00, 0x00, 0x00, 0x00, 0x00, 0x00, 0x00, 0x00,
    0x00, 0x00, 0x00, 0x00, 0x00, 0x00, 0x00, 0x00, 0x00, 0x00, 0x00, 0x00, 0x00, 0x00, 0x00, 0x00,
    0x00, 0x00, 0x00, 0x00, 0x00, 0x00, 0x00, 0x00, 0x00, 0x00, 0x00, 0x00, 0x00, 0x00, 0x00, 0x00,
    0x00, 0x00, 0x00, 0x00, 0x00, 0x00, 0x00, 0x00, 0x00, 0x00, 0x00, 0x00, 0x00, 0x00, 0x00, 0x00,
    0x00, 0x00, 0x00, 0x00, 0x00, 0x00, 0x00, 0x00, 0x00, 0x00, 0x00, 0x00, 0x00, 0x00, 0x00, 0x00,
    0x00, 0x00, 0x00, 0x00, 0x00, 0x00, 0x00, 0x00, 0x00, 0x00, 0x00, 0x00, 0x00, 0x00, 0x00, 0x00,
    0x00, 0x00, 0x00, 0x00, 0x00, 0x00, 0x00, 0x00, 0x00, 0x00, 0x00, 0x00, 0x00, 0x00, 0x00, 0x00,
    0x00, 0x00, 0x00, 0x00, 0x00, 0x00, 0x00, 0x00, 0x00, 0x00, 0x00, 0x00, 0x00, 0x00, 0x00, 0x00,
    0x00, 0x00, 0x00, 0x00, 0x00, 0x00, 0x00, 0x00, 0x00, 0x00, 0x00, 0x00, 0x00, 0x00, 0x00, 0x00,
    0x00, 0x00, 0x00, 0x00, 0x00, 0x00, 0x00, 0x00, 0x00, 0x00, 0x00, 0x00, 0x00, 0x00, 0x00, 0x00,
    0x00, 0x00, 0x00, 0x00, 0x00, 0x00, 0x00, 0x00, 0x00, 0x00, 0x00, 0x00, 0x00, 0x00, 0x00, 0x00,
    0x00, 0x00, 0x00, 0x00, 0x00, 0x00, 0x00, 0x00, 0x00, 0x00, 0x00, 0x00, 0x00, 0x00, 0x00, 0x00,
    0x00, 0x00, 0x00, 0x00, 0x00, 0x00, 0x00, 0x00, 0x00, 0x00, 0x00, 0x00, 0x00, 0x00, 0x00, 0x00,
    0x00, 0x00, 0x00, 0x00, 0x00, 0x00, 0x00, 0x00, 0x00, 0x00, 0x00, 0x00, 0x00, 0x00, 0x00, 0x00,
    0x00, 0x00, 0x00, 0x00, 0x00, 0x00, 0x00, 0x00, 0x00, 0x00, 0x00, 0x00, 0x00, 0x00, 0x00, 0x00,
    0x00, 0x00, 0x00, 0x00, 0x00, 0x00, 0x00, 0x00, 0x00, 0x00, 0x00, 0x00, 0x00, 0x00, 0x00, 0x00,
    0x00, 0x00, 0x00, 0x00, 0x00, 0x00, 0x00, 0x00, 0x00, 0x00, 0x00, 0x00, 0x00, 0x00, 0x00, 0x00,
    0x00, 0x00, 0x00, 0x00, 0x00, 0x00, 0x00, 0x00, 0x00, 0x00, 0x00, 0x00, 0x00, 0x00, 0x00, 0x00,
    0x00, 0x00, 0x00, 0x00, 0x00, 0x00, 0x00, 0x00, 0x00, 0x00, 0x00, 0x00, 0x00, 0x00, 0x00, 0x00,
    0x00, 0x00, 0x00, 0x00, 0x00, 0x00, 0x00, 0x00, 0x00, 0x00, 0x00, 0x00, 0x00, 0x00, 0x00, 0x00,
    0x00, 0x00, 0x00, 0x00, 0x00, 0x00, 0x00, 0x00, 0x00, 0x00, 0x00, 0x00, 0x00, 0x00, 0x00, 0x00,
    0x00, 0x00, 0x00, 0x00, 0x00, 0x00, 0x00, 0x00, 0x00, 0x00, 0x00, 0x00, 0x00, 0x00, 0x00, 0x00,
    0x00, 0x00, 0x00, 0x00, 0x00, 0x00, 0x00, 0x00, 0x00, 0x00, 0x00, 0x00, 0x00, 0x00, 0x00, 0x00,
    0x00, 0x00, 0x00, 0x00, 0x00, 0x00, 0x00, 0x00, 0x00, 0x00, 0x00, 0x00, 0x00, 0x00, 0x00, 0x00,
    0x00, 0x00, 0x00, 0x00, 0x00, 0x00, 0x00, 0x00, 0x00, 0x00, 0x00, 0x00, 0x00, 0x00, 0x00, 0x00,
    0x00, 0x00, 0x00, 0x00, 0x00, 0x00, 0x00, 0x00, 0x00, 0x00, 0x00, 0x00, 0x00, 0x00, 0x00, 0x00,
    0x00, 0x00, 0x00, 0x00, 0x00, 0x00, 0x00, 0x00, 0x00, 0x00, 0x00, 0x00, 0x00, 0x00, 0x00, 0x00,
    0x00, 0x00, 0x00, 0x00, 0x00, 0x00, 0x00, 0x00, 0x00, 0x00, 0x00, 0x00, 0x00, 0x00, 0x00, 0x00,
    0x00, 0x00, 0x00, 0x00, 0x00, 0x00, 0x00, 0x00, 0x00, 0x00, 0x00, 0x00, 0x00, 0x00, 0x00, 0x00,
    0x00, 0x00, 0x00, 0x00, 0x00, 0x00, 0x00, 0x00, 0x00, 0x00, 0x00, 0x00, 0x00, 0x00, 0x00, 0x00,
    0x00, 0x00, 0x00, 0x00, 0x00, 0x00, 0x00, 0x00, 0x00, 0x00, 0x00, 0x00, 0x00, 0x00, 0x00, 0x00,
    0x00, 0x00, 0x00, 0x00, 0x00, 0x00, 0x00, 0x00, 0x00, 0x00, 0x00, 0x00, 0x00, 0x00, 0x00, 0x00,
    0x00, 0x00, 0x00, 0x00, 0x00, 0x00, 0x00, 0x00, 0x00, 0x00, 0x00, 0x00, 0x00, 0x00, 0x00, 0x00,
    0x00, 0x00, 0x00, 0x00, 0x00, 0x00, 0x00, 0x00, 0x00, 0x00, 0x00, 0x00, 0x00, 0x00, 0x00, 0x00,
    0x00, 0x00, 0x00, 0x00, 0x00, 0x00, 0x00, 0x00, 0x00, 0x00, 0x00, 0x00, 0x00, 0x00, 0x00, 0x00,
    0x00, 0x00, 0x00, 0x00, 0x00, 0x00, 0x00, 0x00, 0x00, 0x00, 0x00, 0x00, 0x00, 0x00, 0x00, 0x00,
    0x00, 0x00, 0x00, 0x00, 0x00, 0x00, 0x00, 0x00, 0x00, 0x00, 0x00, 0x00, 0x00, 0x00, 0x00, 0x00,
    0x00, 0x00, 0x00, 0x00, 0x00, 0x00, 0x00, 0x00, 0x00, 0x00, 0x00, 0x00, 0x00, 0x00, 0x00, 0x00,
    0x00, 0x00, 0x00, 0x00, 0x00, 0x00, 0x00, 0x00, 0x00, 0x00, 0x00, 0x00, 0x00, 0x00, 0x00, 0x00,
    0x00, 0x00, 0x00, 0x00, 0x00, 0x00, 0x00, 0x00, 0x00, 0x00, 0x00, 0x00, 0x00, 0x00, 0x00, 0x00,
    0x00, 0x00, 0x00, 0x00, 0x00, 0x00, 0x00, 0x00, 0x00, 0x00, 0x00, 0x00, 0x00, 0x00, 0x00, 0x00,
    0x00, 0x00, 0x00, 0x00, 0x00, 0x00, 0x00, 0x00, 0x00, 0x00, 0x00, 0x00, 0x00, 0x00, 0x00, 0x00,
    0x00, 0x00, 0x00, 0x00, 0x00, 0x00, 0x00, 0x00, 0x00, 0x00, 0x00, 0x00, 0x00, 0x00, 0x00, 0x00,
    0x00, 0x00, 0x00, 0x00, 0x00, 0x00, 0x00, 0x00, 0x00, 0x00, 0x00, 0x00, 0x00, 0x00, 0x00, 0x00,
    0x00, 0x00, 0x00, 0x00, 0x00, 0x00, 0x00, 0x00, 0x00, 0x00, 0x00, 0x00, 0x00, 0x00, 0x00, 0x00,
    0x00, 0x00, 0x00, 0x00, 0x00, 0x00, 0x00, 0x00, 0x00, 0x00, 0x00, 0x00, 0x00, 0x00, 0x00, 0x00,
    0x00, 0x00, 0x00, 0x00, 0x00, 0x00, 0x00, 0x00, 0x00, 0x00, 0x00, 0x00, 0x00, 0x00, 0x00, 0x00,
    0x00, 0x00, 0x00, 0x00, 0x00, 0x00, 0x00, 0x00, 0x00, 0x00, 0x00, 0x00, 0x00, 0x00, 0x00, 0x00,
    0x00, 0x00, 0x00, 0x00, 0x00, 0x00, 0x00, 0x00, 0x00, 0x00, 0x00, 0x00, 0x00, 0x00, 0x00, 0x00,
    0x00, 0x00, 0x00, 0x00, 0x00, 0x00, 0x00, 0x00, 0x00, 0x00, 0x00, 0x00, 0x00, 0x00, 0x00, 0x00,
    0x00, 0x00, 0x00, 0x00, 0x00, 0x00, 0x00, 0x00, 0x00, 0x00, 0x00, 0x00, 0x00, 0x00, 0x00, 0x00,
    0x00, 0x00, 0x00, 0x00, 0x00, 0x00, 0x00, 0x00, 0x00, 0x00, 0x00, 0x00, 0x00, 0x00, 0x00, 0x00,
    0x00, 0x00, 0x00, 0x00, 0x00, 0x00, 0x00, 0x00, 0x00, 0x00, 0x00, 0x00, 0x00, 0x00, 0x00, 0x00,
    0x00, 0x00, 0x00, 0x00, 0x00, 0x00, 0x00, 0x00, 0x00, 0x00, 0x00, 0x00, 0x00, 0x00, 0x00, 0x00,
    0x00, 0x00, 0x00, 0x00, 0x00, 0x00, 0x00, 0x00, 0x00, 0x00, 0x00, 0x00, 0x00, 0x00, 0x00, 0x00,
    0x00, 0x00, 0x00, 0x00, 0x00, 0x00, 0x00, 0x00, 0x00, 0x00, 0x00, 0x00, 0x00, 0x00, 0x00, 0x00,
    0x00, 0x00, 0x00, 0x00, 0x00, 0x00, 0x00, 0x00, 0x00, 0x00, 0x00, 0x00, 0x00, 0x00, 0x00, 0x00,
    0x00, 0x00, 0x00, 0x00, 0x00, 0x00, 0x00, 0x00, 0x00, 0x00, 0x00, 0x00, 0x00, 0x00, 0x00, 0x00,
    0x00, 0x00, 0x00, 0x00, 0x00, 0x00, 0x00, 0x00, 0x00, 0x00, 0x00, 0x00, 0x00, 0x00, 0x00, 0x00,
    0x00, 0x00, 0x00, 0x00, 0x00, 0x00, 0x00, 0x00, 0x00, 0x00, 0x00, 0x00, 0x00, 0x00, 0x00, 0x00,
    0x00, 0x00, 0x00, 0x00, 0x00, 0x00, 0x00, 0x00, 0x00, 0x00, 0x00, 0x00, 0x00, 0x00, 0x00, 0x00,
    0x00, 0x00, 0x00, 0x00, 0x00, 0x00, 0x00, 0x00, 0x00, 0x00, 0x00, 0x00, 0x00, 0x00, 0x00, 0x00,
    0x00, 0x00, 0x00, 0x00, 0x00, 0x00, 0x00, 0x00, 0x00, 0x00, 0x00, 0x00, 0x00, 0x00, 0x00, 0x00,
    0x00, 0x00, 0x00, 0x00, 0x00, 0x00, 0x00, 0x00, 0x00, 0x00, 0x00, 0x00, 0x00, 0x00, 0x00, 0x00,
    0x00, 0x00, 0x00, 0x00, 0x00, 0x00, 0x00, 0x00, 0x00, 0x00, 0x00, 0x00, 0x00, 0x00, 0x00, 0x00,
    0x00, 0x00, 0x00, 0x00, 0x00, 0x00, 0x00, 0x00, 0x00, 0x00, 0x00, 0x00, 0x00, 0x00, 0x00, 0x00,
    0x00, 0x00, 0x00, 0x00, 0x00, 0x00, 0x00, 0x00, 0x00, 0x00, 0x00, 0x00, 0x00, 0x00, 0x00, 0x00,
    0x00, 0x00, 0x00, 0x00, 0x00, 0x00, 0x00, 0x00, 0x00, 0x00, 0x00, 0x00, 0x00, 0x00, 0x00, 0x00,
    0x00, 0x00, 0x00, 0x00, 0x00, 0x00, 0x00, 0x00, 0x00, 0x00, 0x00, 0x00, 0x00, 0x00, 0x00, 0x00,
    0x00, 0x00, 0x00, 0x00, 0x00, 0x00, 0x00, 0x00, 0x00, 0x00, 0x00, 0x00, 0x00, 0x00, 0x00, 0x00,
    0x00, 0x00, 0x00, 0x00, 0x00, 0x00, 0x00, 0x00, 0x00, 0x00, 0x00, 0x00, 0x00, 0x00, 0x00, 0x00,
    0x00, 0x00, 0x00, 0x00, 0x00, 0x00, 0x00, 0x00, 0x00, 0x00, 0x00, 0x00, 0x00, 0x00, 0x00, 0x00,
    0x00, 0x00, 0x00, 0x00, 0x00, 0x00, 0x00, 0x00, 0x00, 0x00, 0x00, 0x00, 0x00, 0x00, 0x00, 0x00,
    0x00, 0x00, 0x00, 0x00, 0x00, 0x00, 0x00, 0x00, 0x00, 0x00, 0x00, 0x00, 0x00, 0x00, 0x00, 0x00,
    0x00, 0x00, 0x00, 0x00, 0x00, 0x00, 0x00, 0x00, 0x00, 0x00, 0x00, 0x00, 0x00, 0x00, 0x00, 0x00,
    0x00, 0x00, 0x00, 0x00, 0x00, 0x00, 0x00, 0x00, 0x00, 0x00, 0x00, 0x00, 0x00, 0x00, 0x00, 0x00,
    0x00, 0x00, 0x00, 0x00, 0x00, 0x00, 0x00, 0x00, 0x00, 0x00, 0x00, 0x00, 0x00, 0x00, 0x00, 0x00,
    0x00, 0x00, 0x00, 0x00, 0x00, 0x00, 0x00, 0x00, 0x00, 0x00, 0x00, 0x00, 0x00, 0x00, 0x00, 0x00,
    0x00, 0x00, 0x00, 0x00, 0x00, 0x00, 0x00, 0x00, 0x00, 0x00, 0x00, 0x00, 0x00, 0x00, 0x00, 0x00,
    0x00, 0x00, 0x00, 0x00, 0x00, 0x00, 0x00, 0x00, 0x00, 0x00, 0x00, 0x00, 0x00, 0x00, 0x00, 0x00,
    0x00, 0x00, 0x00, 0x00, 0x00, 0x00, 0x00, 0x00, 0x00, 0x00, 0x00, 0x00, 0x00, 0x00, 0x00, 0x00,
    0x00, 0x00, 0x00, 0x00, 0x00, 0x00, 0x00, 0x00, 0x00, 0x00, 0x00, 0x00, 0x00, 0x00, 0x00, 0x00,
    0x00, 0x00, 0x00, 0x00, 0x00, 0x00, 0x00, 0x00, 0x00, 0x00, 0x00, 0x00, 0x00, 0x00, 0x00, 0x00,
    0x00, 0x00, 0x00, 0x00, 0x00, 0x00, 0x00, 0x00, 0x00, 0x00, 0x00, 0x00, 0x00, 0x00, 0x00, 0x00,
    0x00, 0x00, 0x00, 0x00, 0x00, 0x00, 0x00, 0x00, 0x00, 0x00, 0x00, 0x00, 0x00, 0x00, 0x00, 0x00,
    0x00, 0x00, 0x00, 0x00, 0x00, 0x00, 0x00, 0x00, 0x00, 0x00, 0x00, 0x00, 0x00, 0x00, 0x00, 0x00,
    0x00, 0x00, 0x00, 0x00, 0x00, 0x00, 0x00, 0x00, 0x00, 0x00, 0x00, 0x00, 0x00, 0x00, 0x00, 0x00,
    0x00, 0x00, 0x00, 0x00, 0x00, 0x00, 0x00, 0x00, 0x00, 0x00, 0x00, 0x00, 0x00, 0x00, 0x00, 0x00,
    0x00, 0x00, 0x00, 0x00, 0x00, 0x00, 0x00, 0x00, 0x00, 0x00, 0x00, 0x00, 0x00, 0x00, 0x00, 0x00,
    0x00, 0x00, 0x00, 0x00, 0x00, 0x00, 0x00, 0x00, 0x00, 0x00, 0x00, 0x00, 0x00, 0x00, 0x00, 0x00,
    0x00, 0x00, 0x00, 0x00, 0x00, 0x00, 0x00, 0x00, 0x00, 0x00, 0x00, 0x00, 0x00, 0x00, 0x00, 0x00,
    0x00, 0x00, 0x00, 0x00, 0x00, 0x00, 0x00, 0x00, 0x00, 0x00, 0x00, 0x00, 0x00, 0x00, 0x00, 0x00,
    0x00, 0x00, 0x00, 0x00, 0x00, 0x00, 0x00, 0x00, 0x00, 0x00, 0x00, 0x00, 0x00, 0x00, 0x00, 0x00,
    0x00, 0x00, 0x00, 0x00, 0x00, 0x00, 0x00, 0x00, 0x00, 0x00, 0x00, 0x00, 0x00, 0x00, 0x00, 0x00,
    0x00, 0x00, 0x00, 0x00, 0x00, 0x00, 0x00, 0x00, 0x00, 0x00, 0x00, 0x00, 0x00, 0x00, 0x00, 0x00,
    0x00, 0x00, 0x00, 0x00, 0x00, 0x00, 0x00, 0x00, 0x00, 0x00, 0x00, 0x00, 0x00, 0x00, 0x00, 0x00,
    0x00, 0x00, 0x00, 0x00, 0x00, 0x00, 0x00, 0x00, 0x00, 0x00, 0x00, 0x00, 0x00, 0x00, 0x00, 0x00,
    0x00, 0x00, 0x00, 0x00, 0x00, 0x00, 0x00, 0x00, 0x00, 0x00, 0x00, 0x00, 0x00, 0x00, 0x00, 0x00,
    0x00, 0x00, 0x00, 0x00, 0x00, 0x00, 0x00, 0x00, 0x00, 0x00, 0x00, 0x00, 0x00, 0x00, 0x00, 0x00,
    0x00, 0x00, 0x00, 0x00, 0x00, 0x00, 0x00, 0x00, 0x00, 0x00, 0x00, 0x00, 0x00, 0x00, 0x00, 0x00,
    0x00, 0x00, 0x00, 0x00, 0x00, 0x00, 0x00, 0x00, 0x00, 0x00, 0x00, 0x00, 0x00, 0x00, 0x00, 0x00,
    0x00, 0x00, 0x00, 0x00, 0x00, 0x00, 0x00, 0x00, 0x00, 0x00, 0x00, 0x00, 0x00, 0x00, 0x00, 0x00,
    0x00, 0x00, 0x00, 0x00, 0x00, 0x00, 0x00, 0x00, 0x00, 0x00, 0x00, 0x00, 0x00, 0x00, 0x00, 0x00,
    0x00, 0x00, 0x00, 0x00, 0x00, 0x00, 0x00, 0x00, 0x00, 0x00, 0x00, 0x00, 0x00, 0x00, 0x00, 0x00,
    0x00, 0x00, 0x00, 0x00, 0x00, 0x00, 0x00, 0x00, 0x00, 0x00, 0x00, 0x00, 0x00, 0x00, 0x00, 0x00,
    0x00, 0x00, 0x00, 0x00, 0x00, 0x00, 0x00, 0x00, 0x00, 0x00, 0x00, 0x00, 0x00, 0x00, 0x00, 0x00,
    0x00, 0x00, 0x00, 0x00, 0x00, 0x00, 0x00, 0x00, 0x00, 0x00, 0x00, 0x00, 0x00, 0x00, 0x00, 0x00,
    0x00, 0x00, 0x00, 0x00, 0x00, 0x00, 0x00, 0x00, 0x00, 0x00, 0x00, 0x00, 0x00, 0x00, 0x00, 0x00,
    0x00, 0x00, 0x00, 0x00, 0x00, 0x00, 0x00, 0x00, 0x00, 0x00, 0x00, 0x00, 0x00, 0x00, 0x00, 0x00,
    0x00, 0x00, 0x00, 0x00, 0x00, 0x00, 0x00, 0x00, 0x00, 0x00, 0x00, 0x00, 0x00, 0x00, 0x00, 0x00,
    0x00, 0x00, 0x00, 0x00, 0x00, 0x00, 0x00, 0x00, 0x00, 0x00, 0x00, 0x00, 0x00, 0x00, 0x00, 0x00,
    0x00, 0x00, 0x00, 0x00, 0x00, 0x00, 0x00, 0x00, 0x00, 0x00, 0x00, 0x00, 0x00, 0x00, 0x00, 0x00,
    0x00, 0x00, 0x00, 0x00, 0x00, 0x00, 0x00, 0x00, 0x00, 0x00, 0x00, 0x00, 0x00, 0x00, 0x00, 0x00,
    0x00, 0x00, 0x00, 0x00, 0x00, 0x00, 0x00, 0x00, 0x00, 0x00, 0x00, 0x00, 0x00, 0x00, 0x00, 0x00,
    0x00, 0x00, 0x00, 0x00, 0x00, 0x00, 0x00, 0x00, 0x00, 0x00, 0x00, 0x00, 0x00, 0x00, 0x00, 0x00,
    0x00, 0x00, 0x00, 0x00, 0x00, 0x00, 0x00, 0x00, 0x00, 0x00, 0x00, 0x00, 0x00, 0x00, 0x00, 0x00,
    0x00, 0x00, 0x00, 0x00, 0x00, 0x00, 0x00, 0x00, 0x00, 0x00, 0x00, 0x00, 0x00, 0x00, 0x00, 0x00,
    0x00, 0x00, 0x00, 0x00, 0x00, 0x00, 0x00, 0x00, 0x00, 0x00, 0x00, 0x00, 0x00, 0x00, 0x00, 0x00,
    0x00, 0x00, 0x00, 0x00, 0x00, 0x00, 0x00, 0x00, 0x00, 0x00, 0x00, 0x00, 0x00, 0x00, 0x00, 0x00,
    0x00, 0x00, 0x00, 0x00, 0x00, 0x00, 0x00, 0x00, 0x00, 0x00, 0x00, 0x00, 0x00, 0x00, 0x00, 0x00,
    0x00, 0x00, 0x00, 0x00, 0x00, 0x00, 0x00, 0x00, 0x00, 0x00, 0x00, 0x00, 0x00, 0x00, 0x00, 0x00,
    0x00, 0x00, 0x00, 0x00, 0x00, 0x00, 0x00, 0x00, 0x00, 0x00, 0x00, 0x00, 0x00, 0x00, 0x00, 0x00,
    0x00, 0x00, 0x00, 0x00, 0x00, 0x00, 0x00, 0x00, 0x00, 0x00, 0x00, 0x00, 0x00, 0x00, 0x00, 0x00,
    0x00, 0x00, 0x00, 0x00, 0x00, 0x00, 0x00, 0x00, 0x00, 0x00, 0x00, 0x00, 0x00, 0x00, 0x00, 0x00,
    0x00, 0x00, 0x00, 0x00, 0x00, 0x00, 0x00, 0x00, 0x00, 0x00, 0x00, 0x00, 0x00, 0x00, 0x00, 0x00,
    0x00, 0x00, 0x00, 0x00, 0x00, 0x00, 0x00, 0x00, 0x00, 0x00, 0x00, 0x00, 0x00, 0x00, 0x00, 0x00,
    0x00, 0x00, 0x00, 0x00, 0x00, 0x00, 0x00, 0x00, 0x00, 0x00, 0x00, 0x00, 0x00, 0x00, 0x00, 0x00,
    0x00, 0x00, 0x00, 0x00, 0x00, 0x00, 0x00, 0x00, 0x00, 0x00, 0x00, 0x00, 0x00, 0x00, 0x00, 0x00,
    0x00, 0x00, 0x00, 0x00, 0x00, 0x00, 0x00, 0x00, 0x00, 0x00, 0x00, 0x00, 0x00, 0x00, 0x00, 0x00,
    0x00, 0x00, 0x00, 0x00, 0x00, 0x00, 0x00, 0x00, 0x00, 0x00, 0x00, 0x00, 0x00, 0x00, 0x00, 0x00,
    0x00, 0x00, 0x00, 0x00, 0x00, 0x00, 0x00, 0x00, 0x00, 0x00, 0x00, 0x00, 0x00, 0x00, 0x00, 0x00,
    0x00, 0x00, 0x00, 0x00, 0x00, 0x00, 0x00, 0x00, 0x00, 0x00, 0x00, 0x00, 0x00, 0x00, 0x00, 0x00,
    0x00, 0x00, 0x00, 0x00, 0x00, 0x00, 0x00, 0x00, 0x00, 0x00, 0x00, 0x00, 0x00, 0x00, 0x00, 0x00,
    0x00, 0x00, 0x00, 0x00, 0x00, 0x00, 0x00, 0x00, 0x00, 0x00, 0x00, 0x00, 0x00, 0x00, 0x00, 0x00,
    0x00, 0x00, 0x00, 0x00, 0x00, 0x00, 0x00, 0x00, 0x00, 0x00, 0x00, 0x00, 0x00, 0x00, 0x00, 0x00,
    0x00, 0x00, 0x00, 0x00, 0x00, 0x00, 0x00, 0x00, 0x00, 0x00, 0x00, 0x00, 0x00, 0x00, 0x00, 0x00,
    0x00, 0x00, 0x00, 0x00, 0x00, 0x00, 0x00, 0x00, 0x00, 0x00, 0x00, 0x00, 0x00, 0x00, 0x00, 0x00,
    0x00, 0x00, 0x00, 0x00, 0x00, 0x00, 0x00, 0x00, 0x00, 0x00, 0x00, 0x00, 0x00, 0x00, 0x00, 0x00,
    0x00, 0x00, 0x00, 0x00, 0x00, 0x00, 0x00, 0x00, 0x00, 0x00, 0x00, 0x00, 0x00, 0x00, 0x00, 0x00,
    0x00, 0x00, 0x00, 0x00, 0x00, 0x00, 0x00, 0x00, 0x00, 0x00, 0x00, 0x00, 0x00, 0x00, 0x00, 0x00,
    0x00, 0x00, 0x00, 0x00, 0x00, 0x00, 0x00, 0x00, 0x00, 0x00, 0x00, 0x00, 0x00, 0x00, 0x00, 0x00,
    0x00, 0x00, 0x00, 0x00, 0x00, 0x00, 0x00, 0x00, 0x00, 0x00, 0x00, 0x00, 0x00, 0x00, 0x00, 0x00,
    0x00, 0x00, 0x00, 0x00, 0x00, 0x00, 0x00, 0x00, 0x00, 0x00, 0x00, 0x00, 0x00, 0x00, 0x00, 0x00,
    0x00, 0x00, 0x00, 0x00, 0x00, 0x00, 0x00, 0x00, 0x00, 0x00, 0x00, 0x00, 0x00, 0x00, 0x00, 0x00,
    0x00, 0x00, 0x00, 0x00, 0x00, 0x00, 0x00, 0x00, 0x00, 0x00, 0x00, 0x00, 0x00, 0x00, 0x00, 0x00,
    0x00, 0x00, 0x00, 0x00, 0x00, 0x00, 0x00, 0x00, 0x00, 0x00, 0x00, 0x00, 0x00, 0x00, 0x00, 0x00,
    0x00, 0x00, 0x00, 0x00, 0x00, 0x00, 0x00, 0x00, 0x00, 0x00, 0x00, 0x00, 0x00, 0x00, 0x00, 0x00,
    0x00, 0x00, 0x00, 0x00, 0x00, 0x00, 0x00, 0x00, 0x00, 0x00, 0x00, 0x00, 0x00, 0x00, 0x00, 0x00,
    0x00, 0x00, 0x00, 0x00, 0x00, 0x00, 0x00, 0x00, 0x00, 0x00, 0x00, 0x00, 0x00, 0x00, 0x00, 0x00,
    0x00, 0x00, 0x00, 0x00, 0x00, 0x00, 0x00, 0x00, 0x00, 0x00, 0x00, 0x00, 0x00, 0x00, 0x00, 0x00,
    0x00, 0x00, 0x00, 0x00, 0x00, 0x00, 0x00, 0x00, 0x00, 0x00, 0x00, 0x00, 0x00, 0x00, 0x00, 0x00,
    0x00, 0x00, 0x00, 0x00, 0x00, 0x00, 0x00, 0x00, 0x00, 0x00, 0x00, 0x00, 0x00, 0x00, 0x00, 0x00,
    0x00, 0x00, 0x00, 0x00, 0x00, 0x00, 0x00, 0x00, 0x00, 0x00, 0x00, 0x00, 0x00, 0x00, 0x00, 0x00,
    0x00, 0x00, 0x00, 0x00, 0x00, 0x00, 0x00, 0x00, 0x00, 0x00, 0x00, 0x00, 0x00, 0x00, 0x00, 0x00,
    0x00, 0x00, 0x00, 0x00, 0x00, 0x00, 0x00, 0x00, 0x00, 0x00, 0x00, 0x00, 0x00, 0x00, 0x00, 0x00,
    0x00, 0x00, 0x00, 0x00, 0x00, 0x00, 0x00, 0x00, 0x00, 0x00, 0x00, 0x00, 0x00, 0x00, 0x00, 0x00,
    0x00, 0x00, 0x00, 0x00, 0x00, 0x00, 0x00, 0x00, 0x00, 0x00, 0x00, 0x00, 0x00, 0x00, 0x00, 0x00,
    0x00, 0x00, 0x00, 0x00, 0x00, 0x00, 0x00, 0x00, 0x00, 0x00, 0x00, 0x00, 0x00, 0x00, 0x00, 0x00,
    0x00, 0x00, 0x00, 0x00, 0x00, 0x00, 0x00, 0x00, 0x00, 0x00, 0x00, 0x00, 0x00, 0x00, 0x00, 0x00,
    0x00, 0x00, 0x00, 0x00, 0x00, 0x00, 0x00, 0x00, 0x00, 0x00, 0x00, 0x00, 0x00, 0x00, 0x00, 0x00,
    0x00, 0x00, 0x00, 0x00, 0x00, 0x00, 0x00, 0x00, 0x00, 0x00, 0x00, 0x00, 0x00, 0x00, 0x00, 0x00,
    0x00, 0x00, 0x00, 0x00, 0x00, 0x00, 0x00, 0x00, 0x00, 0x00, 0x00, 0x00, 0x00, 0x00, 0x00, 0x00,
    0x00, 0x00, 0x00, 0x00, 0x00, 0x00, 0x00, 0x00, 0x00, 0x00, 0x00, 0x00, 0x00, 0x00, 0x00, 0x00,
    0x00, 0x00, 0x00, 0x00, 0x00, 0x00, 0x00, 0x00, 0x00, 0x00, 0x00, 0x00, 0x00, 0x00, 0x00, 0x00,
    0x00, 0x00, 0x00, 0x00, 0x00, 0x00, 0x00, 0x00, 0x00, 0x00, 0x00, 0x00, 0x00, 0x00, 0x00, 0x00,
    0x00, 0x00, 0x00, 0x00, 0x00, 0x00, 0x00, 0x00, 0x00, 0x00, 0x00, 0x00, 0x00, 0x00, 0x00, 0x00,
    0x00, 0x00, 0x00, 0x00, 0x00, 0x00, 0x00, 0x00, 0x00, 0x00, 0x00, 0x00, 0x00, 0x00, 0x00, 0x00,
    0x00, 0x00, 0x00, 0x00, 0x00, 0x00, 0x00, 0x00, 0x00, 0x00, 0x00, 0x00, 0x00, 0x00, 0x00, 0x00,
    0x00, 0x00, 0x00, 0x00, 0x00, 0x00, 0x00, 0x00, 0x00, 0x00, 0x00, 0x00, 0x00, 0x00, 0x00, 0x00,
    0x00, 0x00, 0x00, 0x00, 0x00, 0x00, 0x00, 0x00, 0x00, 0x00, 0x00, 0x00, 0x00, 0x00, 0x00, 0x00,
    0x00, 0x00, 0x00, 0x00, 0x00, 0x00, 0x00, 0x00, 0x00, 0x00, 0x00, 0x00, 0x00, 0x00, 0x00, 0x00,
    0x00, 0x00, 0x00, 0x00, 0x00, 0x00, 0x00, 0x00, 0x00, 0x00, 0x00, 0x00, 0x00, 0x00, 0x00, 0x00,
    0x00, 0x00, 0x00, 0x00, 0x00, 0x00, 0x00, 0x00, 0x00, 0x00, 0x00, 0x00, 0x00, 0x00, 0x00, 0x00,
    0x00, 0x00, 0x00, 0x00, 0x00, 0x00, 0x00, 0x00, 0x00, 0x00, 0x00, 0x00, 0x00, 0x00, 0x00, 0x00,
    0x00, 0x00, 0x00, 0x00, 0x00, 0x00, 0x00, 0x00, 0x00, 0x00, 0x00, 0x00, 0x00, 0x00, 0x00, 0x00,
    0x00, 0x00, 0x00, 0x00, 0x00, 0x00, 0x00, 0x00, 0x00, 0x00, 0x00, 0x00, 0x00, 0x00, 0x00, 0x00,
    0x00, 0x00, 0x00, 0x00, 0x00, 0x00, 0x00, 0x00, 0x00, 0x00, 0x00, 0x00, 0x00, 0x00, 0x00, 0x00,
    0x00, 0x00, 0x00, 0x00, 0x00, 0x00, 0x00, 0x00, 0x00, 0x00, 0x00, 0x00, 0x00, 0x00, 0x00, 0x00,
    0x00, 0x00, 0x00, 0x00, 0x00, 0x00, 0x00, 0x00, 0x00, 0x00, 0x00, 0x00, 0x00, 0x00, 0x00, 0x00,
    0x21, 0x19, 0x05, 0x27, 0x01, 0x01, 0x27, 0x50, 0x6c, 0x61, 0x79, 0x65, 0x72, 0x50, 0x72, 0x6f,
    0x66, 0x69, 0x6c, 0x65, 0x30, 0x02, 0x73, 0x74, 0x72, 0x69, 0x6e, 0x67, 0x20, 0x28, 0x6e, 0x61,
    0x6d, 0x65, 0x29, 0x26, 0x18, 0x05, 0x27, 0x01, 0x09, 0x33, 0x50, 0x6c, 0x61, 0x79, 0x65, 0x72,
    0x50, 0x72, 0x6f, 0x66, 0x69, 0x6c, 0x65, 0x18, 0x73, 0x74, 0x72, 0x69, 0x6e, 0x67, 0x20, 0x28,
    0x69, 0x64, 0x65, 0x6e, 0x74, 0x69, 0x66, 0x69, 0x65, 0x72, 0x29, 0x2f, 0x17, 0x05, 0x2b, 0x02,
    0x01, 0x3d, 0x48, 0x65, 0x61, 0x6c, 0x74, 0x68, 0x43, 0x6f, 0x6d, 0x70, 0x6f, 0x6e, 0x65, 0x6e,
    0x74, 0x00, 0x84, 0x03, 0x66, 0x6c, 0x6f, 0x61, 0x74, 0x20, 0x28, 0x72, 0x65, 0x67, 0x65, 0x6e,
    0x5f, 0x70, 0x65, 0x72, 0x5f, 0x73, 0x65, 0x63, 0x6f, 0x6e, 0x64, 0x29, 0x29, 0x16, 0x05, 0x2b,
    0x02, 0x01, 0x31, 0x48, 0x65, 0x61, 0x6c, 0x74, 0x68, 0x43, 0x6f, 0x6d, 0x70, 0x6f, 0x6e, 0x65,
    0x6e, 0x74, 0x00, 0x80, 0x02, 0x69, 0x6e, 0x74, 0x33, 0x32, 0x20, 0x28, 0x6d, 0x61, 0x78, 0x5f,
    0x68, 0x65, 0x61, 0x6c, 0x74, 0x68, 0x29, 0x23, 0x15, 0x05, 0x2b, 0x01, 0x09, 0x29, 0x48, 0x65,
    0x61, 0x6c, 0x74, 0x68, 0x43, 0x6f, 0x6d, 0x70, 0x6f, 0x6e, 0x65, 0x6e, 0x74, 0x74, 0x69, 0x6e,
    0x74, 0x33, 0x32, 0x20, 0x28, 0x68, 0x65, 0x61, 0x6c, 0x74, 0x68, 0x29, 0x1e, 0x14, 0x05, 0x1f,
    0x01, 0x01, 0x29, 0x43, 0x6f, 0x6d, 0x70, 0x6f, 0x6e, 0x65, 0x6e, 0x74, 0x38, 0x07, 0x73, 0x74,
    0x72, 0x69, 0x6e, 0x67, 0x20, 0x28, 0x6c, 0x61, 0x62, 0x65, 0x6c, 0x29, 0x23, 0x13, 0x05, 0x1f,
    0x01, 0x01, 0x33, 0x43, 0x6f, 0x6d, 0x70, 0x6f, 0x6e, 0x65, 0x6e, 0x74, 0x20, 0x06, 0x75, 0x69,
    0x6e, 0x74, 0x36, 0x34, 0x20, 0x28, 0x69, 0x64, 0x65, 0x6e, 0x74, 0x69, 0x66, 0x69, 0x65, 0x72,
    0x29, 0x25, 0x12, 0x05, 0x23, 0x02, 0x01, 0x31, 0x53, 0x63, 0x65, 0x6e, 0x65, 0x4f, 0x62, 0x6a,
    0x65, 0x63, 0x74, 0x00, 0x90, 0x19, 0x66, 0x6c, 0x6f, 0x61, 0x74, 0x20, 0x28, 0x72, 0x6f, 0x74,
    0x61, 0x74, 0x69, 0x6f, 0x6e, 0x5f, 0x7a, 0x29, 0x25, 0x11, 0x05, 0x23, 0x02, 0x01, 0x31, 0x53,
    0x63, 0x65, 0x6e, 0x65, 0x4f, 0x62, 0x6a, 0x65, 0x63, 0x74, 0x00, 0x88, 0x18, 0x66, 0x6c, 0x6f,
    0x61, 0x74, 0x20, 0x28, 0x70, 0x6f, 0x73, 0x69, 0x74, 0x69, 0x6f, 0x6e, 0x5f, 0x7a, 0x29, 0x23,
    0x10, 0x05, 0x23, 0x01, 0x01, 0x2f, 0x53, 0x63, 0x65, 0x6e, 0x65, 0x4f, 0x62, 0x6a, 0x65, 0x63,
    0x74, 0x68, 0x11, 0x50, 0x72, 0x6f, 0x67, 0x72, 0x61, 0x6d, 0x20, 0x28, 0x70, 0x72, 0x6f, 0x67,
    0x72, 0x61, 0x6d, 0x29, 0x23, 0x0f, 0x05, 0x23, 0x02, 0x01, 0x2d, 0x53, 0x63, 0x65, 0x6e, 0x65,
    0x4f, 0x62, 0x6a, 0x65, 0x63, 0x74, 0x01, 0x04, 0x10, 0x62, 0x6f, 0x6f, 0x6c, 0x20, 0x28, 0x69,
    0x73, 0x5f, 0x68, 0x69, 0x64, 0x64, 0x65, 0x6e, 0x29, 0x29, 0x0e, 0x05, 0x23, 0x02, 0x01, 0x39,
    0x53, 0x63, 0x65, 0x6e, 0x65, 0x4f, 0x62, 0x6a, 0x65, 0x63, 0x74, 0x00, 0xa4, 0x0f, 0x52, 0x65,
    0x63, 0x74, 0x61, 0x6e, 0x67, 0x6c, 0x65, 0x20, 0x28, 0x6c, 0x6f, 0x63, 0x61, 0x6c, 0x5f, 0x61,
    0x61, 0x62, 0x62, 0x29, 0x2a, 0x0d, 0x05, 0x23, 0x01, 0x01, 0x3d, 0x53, 0x63, 0x65, 0x6e, 0x65,
    0x4f, 0x62, 0x6a, 0x65, 0x63, 0x74, 0x40, 0x0e, 0x66, 0x6c, 0x6f, 0x61, 0x74, 0x20, 0x28, 0x69,
    0x6e, 0x73, 0x74, 0x61, 0x6e, 0x63, 0x65, 0x5f, 0x73, 0x63, 0x61, 0x6c, 0x69, 0x6e, 0x67, 0x29,
    0x1e, 0x0c, 0x05, 0x23, 0x01, 0x09, 0x27, 0x53, 0x63, 0x65, 0x6e, 0x65, 0x4f, 0x62, 0x6a, 0x65,
    0x63, 0x74, 0x50, 0x73, 0x74, 0x72, 0x69, 0x6e, 0x67, 0x20, 0x28, 0x6e, 0x61, 0x6d, 0x65, 0x29,
    0x2f, 0x0b, 0x05, 0x1f, 0x02, 0x01, 0x49, 0x47, 0x61, 0x6d, 0x65, 0x53, 0x74, 0x61, 0x74, 0x65,
    0x01, 0x28, 0x0c, 0x73, 0x74, 0x72, 0x69, 0x6e, 0x67, 0x20, 0x28, 0x63, 0x75, 0x72, 0x72, 0x65,
    0x6e, 0x74, 0x5f, 0x6d, 0x61, 0x70, 0x5f, 0x6e, 0x6f, 0x64, 0x65, 0x5f, 0x6e, 0x61, 0x6d, 0x65,
    0x29, 0x2d, 0x0a, 0x05, 0x1f, 0x02, 0x01, 0x45, 0x47, 0x61, 0x6d, 0x65, 0x53, 0x74, 0x61, 0x74,
    0x65, 0x01, 0x10, 0x0b, 0x73, 0x74, 0x72, 0x69, 0x6e, 0x67, 0x20, 0x28, 0x63, 0x75, 0x72, 0x72,
    0x65, 0x6e, 0x74, 0x5f, 0x73, 0x70, 0x61, 0x77, 0x6e, 0x5f, 0x70, 0x6f, 0x69, 0x6e, 0x74, 0x29,
    0x2c, 0x09, 0x05, 0x1f, 0x02, 0x01, 0x43, 0x47, 0x61, 0x6d, 0x65, 0x53, 0x74, 0x61, 0x74, 0x65,
    0x00, 0xf8, 0x0a, 0x73, 0x74, 0x72, 0x69, 0x6e, 0x67, 0x20, 0x28, 0x63, 0x75, 0x72, 0x72, 0x65,
    0x6e, 0x74, 0x5f, 0x6c, 0x65, 0x76, 0x65, 0x6c, 0x5f, 0x6e, 0x61, 0x6d, 0x65, 0x29, 0x2a, 0x08,
    0x05, 0x29, 0x02, 0x01, 0x35, 0x43, 0x68, 0x61, 0x72, 0x61, 0x63, 0x74, 0x65, 0x72, 0x53, 0x74,
    0x61, 0x74, 0x65, 0x00, 0x9c, 0x32, 0x69, 0x6e, 0x74, 0x33, 0x32, 0x20, 0x28, 0x61, 0x74, 0x74,
    0x61, 0x63, 0x6b, 0x5f, 0x6c, 0x65, 0x76, 0x65, 0x6c, 0x29, 0x28, 0x07, 0x05, 0x29, 0x02, 0x01,
    0x31, 0x43, 0x68, 0x61, 0x72, 0x61, 0x63, 0x74, 0x65, 0x72, 0x53, 0x74, 0x61, 0x74, 0x65, 0x00,
    0x98, 0x31, 0x69, 0x6e, 0x74, 0x33, 0x32, 0x20, 0x28, 0x6d, 0x61, 0x6e, 0x61, 0x5f, 0x6c, 0x65,
    0x76, 0x65, 0x6c, 0x29, 0x2a, 0x06, 0x05, 0x29, 0x02, 0x01, 0x35, 0x43, 0x68, 0x61, 0x72, 0x61,
    0x63, 0x74, 0x65, 0x72, 0x53, 0x74, 0x61, 0x74, 0x65, 0x00, 0x94, 0x30, 0x69, 0x6e, 0x74, 0x33,
    0x32, 0x20, 0x28, 0x68, 0x65, 0x61, 0x6c, 0x74, 0x68, 0x5f, 0x6c, 0x65, 0x76, 0x65, 0x6c, 0x29,
    0x2e, 0x05, 0x05, 0x29, 0x02, 0x01, 0x3d, 0x43, 0x68, 0x61, 0x72, 0x61, 0x63, 0x74, 0x65, 0x72,
    0x53, 0x74, 0x61, 0x74, 0x65, 0x00, 0x90, 0x07, 0x69, 0x6e, 0x74, 0x33, 0x32, 0x20, 0x28, 0x65,
    0x78, 0x70, 0x65, 0x72, 0x69, 0x65, 0x6e, 0x63, 0x65, 0x5f, 0x6c, 0x65, 0x76, 0x65, 0x6c, 0x29,
    0x2f, 0x04, 0x05, 0x29, 0x02, 0x01, 0x3f, 0x43, 0x68, 0x61, 0x72, 0x61, 0x63, 0x74, 0x65, 0x72,
    0x53, 0x74, 0x61, 0x74, 0x65, 0x00, 0x8c, 0x06, 0x69, 0x6e, 0x74, 0x33, 0x32, 0x20, 0x28, 0x65,
    0x78, 0x70, 0x65, 0x72, 0x69, 0x65, 0x6e, 0x63, 0x65, 0x5f, 0x70, 0x6f, 0x69, 0x6e, 0x74, 0x73,
    0x29, 0x23, 0x03, 0x05, 0x29, 0x02, 0x01, 0x27, 0x43, 0x68, 0x61, 0x72, 0x61, 0x63, 0x74, 0x65,
    0x72, 0x53, 0x74, 0x61, 0x74, 0x65, 0x00, 0x88, 0x05, 0x69, 0x6e, 0x74, 0x33, 0x32, 0x20, 0x28,
    0x63, 0x6f, 0x69, 0x6e, 0x73, 0x29, 0x2a, 0x02, 0x05, 0x29, 0x02, 0x01, 0x35, 0x43, 0x68, 0x61,
    0x72, 0x61, 0x63, 0x74, 0x65, 0x72, 0x53, 0x74, 0x61, 0x74, 0x65, 0x00, 0x84, 0x04, 0x69, 0x6e,
    0x74, 0x33, 0x32, 0x20, 0x28, 0x63, 0x75, 0x72, 0x72, 0x65, 0x6e, 0x74, 0x5f, 0x6d, 0x61, 0x6e,
    0x61, 0x29, 0x2c, 0x01, 0x05, 0x29, 0x02, 0x01, 0x39, 0x43, 0x68, 0x61, 0x72, 0x61, 0x63, 0x74,
    0x65, 0x72, 0x53, 0x74, 0x61, 0x74, 0x65, 0x00, 0x80, 0x03, 0x69, 0x6e, 0x74, 0x33, 0x32, 0x20,
    0x28, 0x63, 0x75, 0x72, 0x72, 0x65, 0x6e, 0x74, 0x5f, 0x68, 0x65, 0x61, 0x6c, 0x74, 0x68, 0x29,
    0x0a, 0x00, 0x00, 0x00, 0x19, 0x0e, 0x24, 0x00, 0x0f, 0xec, 0x0f, 0xd7, 0x0f, 0xc2, 0x0f, 0xad,
    0x0f, 0x98, 0x0f, 0x83, 0x0f, 0x6e, 0x0f, 0x59, 0x0e, 0x9c, 0x0e, 0x8c, 0x0f, 0x49, 0x0f, 0x39,
    0x0f, 0x29, 0x0e, 0x77, 0x0e, 0x61, 0x0e, 0x4b, 0x0e, 0x38, 0x0e, 0x24, 0x0f, 0x18, 0x0f, 0x06,
    0x0e, 0xf4, 0x0e, 0xe2, 0x0e, 0xd0, 0x0e, 0xbe, 0x0e, 0xac, 0x00, 0x00, 0x00, 0x00, 0x00, 0x00,
    0x00, 0x00, 0x00, 0x00, 0x00, 0x00, 0x00, 0x00, 0x00, 0x00, 0x00, 0x00, 0x00, 0x00, 0x00, 0x00,
    0x00, 0x00, 0x00, 0x00, 0x00, 0x00, 0x00, 0x00, 0x00, 0x00, 0x00, 0x00, 0x00, 0x00, 0x00, 0x00,
    0x00, 0x00, 0x00, 0x00, 0x00, 0x00, 0x00, 0x00, 0x00, 0x00, 0x00, 0x00, 0x00, 0x00, 0x00, 0x00,
    0x00, 0x00, 0x00, 0x00, 0x00, 0x00, 0x00, 0x00, 0x00, 0x00, 0x00, 0x00, 0x00, 0x00, 0x00, 0x00,
    0x00, 0x00, 0x00, 0x00, 0x00, 0x00, 0x00, 0x00, 0x00, 0x00, 0x00, 0x00, 0x00, 0x00, 0x00, 0x00,
    0x00, 0x00, 0x00, 0x00, 0x00, 0x00, 0x00, 0x00, 0x00, 0x00, 0x00, 0x00, 0x00, 0x00, 0x00, 0x00,
    0x00, 0x00, 0x00, 0x00, 0x00, 0x00, 0x00, 0x00, 0x00, 0x00, 0x00, 0x00, 0x00, 0x00, 0x00, 0x00,
    0x00, 0x00, 0x00, 0x00, 0x00, 0x00, 0x00, 0x00, 0x00, 0x00, 0x00, 0x00, 0x00, 0x00, 0x00, 0x00,
    0x00, 0x00, 0x00, 0x00, 0x00, 0x00, 0x00, 0x00, 0x00, 0x00, 0x00, 0x00, 0x00, 0x00, 0x00, 0x00,
    0x00, 0x00, 0x00, 0x00, 0x00, 0x00, 0x00, 0x00, 0x00, 0x00, 0x00, 0x00, 0x00, 0x00, 0x00, 0x00,
    0x00, 0x00, 0x00, 0x00, 0x00, 0x00, 0x00, 0x00, 0x00, 0x00, 0x00, 0x00, 0x00, 0x00, 0x00, 0x00,
    0x00, 0x00, 0x00, 0x00, 0x00, 0x00, 0x00, 0x00, 0x00, 0x00, 0x00, 0x00, 0x00, 0x00, 0x00, 0x00,
    0x00, 0x00, 0x00, 0x00, 0x00, 0x00, 0x00, 0x00, 0x00, 0x00, 0x00, 0x00, 0x00, 0x00, 0x00, 0x00,
    0x00, 0x00, 0x00, 0x00, 0x00, 0x00, 0x00, 0x00, 0x00, 0x00, 0x00, 0x00, 0x00, 0x00, 0x00, 0x00,
    0x00, 0x00, 0x00, 0x00, 0x00, 0x00, 0x00, 0x00, 0x00, 0x00, 0x00, 0x00, 0x00, 0x00, 0x00, 0x00,
    0x00, 0x00, 0x00, 0x00, 0x00, 0x00, 0x00, 0x00, 0x00, 0x00, 0x00, 0x00, 0x00, 0x00, 0x00, 0x00,
    0x00, 0x00, 0x00, 0x00, 0x00, 0x00, 0x00, 0x00, 0x00, 0x00, 0x00, 0x00, 0x00, 0x00, 0x00, 0x00,
    0x00, 0x00, 0x00, 0x00, 0x00, 0x00, 0x00, 0x00, 0x00, 0x00, 0x00, 0x00, 0x00, 0x00, 0x00, 0x00,
    0x00, 0x00, 0x00, 0x00, 0x00, 0x00, 0x00, 0x00, 0x00, 0x00, 0x00, 0x00, 0x00, 0x00, 0x00, 0x00,
    0x00, 0x00, 0x00, 0x00, 0x00, 0x00, 0x00, 0x00, 0x00, 0x00, 0x00, 0x00, 0x00, 0x00, 0x00, 0x00,
    0x00, 0x00, 0x00, 0x00, 0x00, 0x00, 0x00, 0x00, 0x00, 0x00, 0x00, 0x00, 0x00, 0x00, 0x00, 0x00,
    0x00, 0x00, 0x00, 0x00, 0x00, 0x00, 0x00, 0x00, 0x00, 0x00, 0x00, 0x00, 0x00, 0x00, 0x00, 0x00,
    0x00, 0x00, 0x00, 0x00, 0x00, 0x00, 0x00, 0x00, 0x00, 0x00, 0x00, 0x00, 0x00, 0x00, 0x00, 0x00,
    0x00, 0x00, 0x00, 0x00, 0x00, 0x00, 0x00, 0x00, 0x00, 0x00, 0x00, 0x00, 0x00, 0x00, 0x00, 0x00,
    0x00, 0x00, 0x00, 0x00, 0x00, 0x00, 0x00, 0x00, 0x00, 0x00, 0x00, 0x00, 0x00, 0x00, 0x00, 0x00,
    0x00, 0x00, 0x00, 0x00, 0x00, 0x00, 0x00, 0x00, 0x00, 0x00, 0x00, 0x00, 0x00, 0x00, 0x00, 0x00,
    0x00, 0x00, 0x00, 0x00, 0x00, 0x00, 0x00, 0x00, 0x00, 0x00, 0x00, 0x00, 0x00, 0x00, 0x00, 0x00,
    0x00, 0x00, 0x00, 0x00, 0x00, 0x00, 0x00, 0x00, 0x00, 0x00, 0x00, 0x00, 0x00, 0x00, 0x00, 0x00,
    0x00, 0x00, 0x00, 0x00, 0x00, 0x00, 0x00, 0x00, 0x00, 0x00, 0x00, 0x00, 0x00, 0x00, 0x00, 0x00,
    0x00, 0x00, 0x00, 0x00, 0x00, 0x00, 0x00, 0x00, 0x00, 0x00, 0x00, 0x00, 0x00, 0x00, 0x00, 0x00,
    0x00, 0x00, 0x00, 0x00, 0x00, 0x00, 0x00, 0x00, 0x00, 0x00, 0x00, 0x00, 0x00, 0x00, 0x00, 0x00,
    0x00, 0x00, 0x00, 0x00, 0x00, 0x00, 0x00, 0x00, 0x00, 0x00, 0x00, 0x00, 0x00, 0x00, 0x00, 0x00,
    0x00, 0x00, 0x00, 0x00, 0x00, 0x00, 0x00, 0x00, 0x00, 0x00, 0x00, 0x00, 0x00, 0x00, 0x00, 0x00,
    0x00, 0x00, 0x00, 0x00, 0x00, 0x00, 0x00, 0x00, 0x00, 0x00, 0x00, 0x00, 0x00, 0x00, 0x00, 0x00,
    0x00, 0x00, 0x00, 0x00, 0x00, 0x00, 0x00, 0x00, 0x00, 0x00, 0x00, 0x00, 0x00, 0x00, 0x00, 0x00,
    0x00, 0x00, 0x00, 0x00, 0x00, 0x00, 0x00, 0x00, 0x00, 0x00, 0x00, 0x00, 0x00, 0x00, 0x00, 0x00,
    0x00, 0x00, 0x00, 0x00, 0x00, 0x00, 0x00, 0x00, 0x00, 0x00, 0x00, 0x00, 0x00, 0x00, 0x00, 0x00,
    0x00, 0x00, 0x00, 0x00, 0x00, 0x00, 0x00, 0x00, 0x00, 0x00, 0x00, 0x00, 0x00, 0x00, 0x00, 0x00,
    0x00, 0x00, 0x00, 0x00, 0x00, 0x00, 0x00, 0x00, 0x00, 0x00, 0x00, 0x00, 0x00, 0x00, 0x00, 0x00,
    0x00, 0x00, 0x00, 0x00, 0x00, 0x00, 0x00, 0x00, 0x00, 0x00, 0x00, 0x00, 0x00, 0x00, 0x00, 0x00,
    0x00, 0x00, 0x00, 0x00, 0x00, 0x00, 0x00, 0x00, 0x00, 0x00, 0x00, 0x00, 0x00, 0x00, 0x00, 0x00,
    0x00, 0x00, 0x00, 0x00, 0x00, 0x00, 0x00, 0x00, 0x00, 0x00, 0x00, 0x00, 0x00, 0x00, 0x00, 0x00,
    0x00, 0x00, 0x00, 0x00, 0x00, 0x00, 0x00, 0x00, 0x00, 0x00, 0x00, 0x00, 0x00, 0x00, 0x00, 0x00,
    0x00, 0x00, 0x00, 0x00, 0x00, 0x00, 0x00, 0x00, 0x00, 0x00, 0x00, 0x00, 0x00, 0x00, 0x00, 0x00,
    0x00, 0x00, 0x00, 0x00, 0x00, 0x00, 0x00, 0x00, 0x00, 0x00, 0x00, 0x00, 0x00, 0x00, 0x00, 0x00,
    0x00, 0x00, 0x00, 0x00, 0x00, 0x00, 0x00, 0x00, 0x00, 0x00, 0x00, 0x00, 0x00, 0x00, 0x00, 0x00,
    0x00, 0x00, 0x00, 0x00, 0x00, 0x00, 0x00, 0x00, 0x00, 0x00, 0x00, 0x00, 0x00, 0x00, 0x00, 0x00,
    0x00, 0x00, 0x00, 0x00, 0x00, 0x00, 0x00, 0x00, 0x00, 0x00, 0x00, 0x00, 0x00, 0x00, 0x00, 0x00,
    0x00, 0x00, 0x00, 0x00, 0x00, 0x00, 0x00, 0x00, 0x00, 0x00, 0x00, 0x00, 0x00, 0x00, 0x00, 0x00,
    0x00, 0x00, 0x00, 0x00, 0x00, 0x00, 0x00, 0x00, 0x00, 0x00, 0x00, 0x00, 0x00, 0x00, 0x00, 0x00,
    0x00, 0x00, 0x00, 0x00, 0x00, 0x00, 0x00, 0x00, 0x00, 0x00, 0x00, 0x00, 0x00, 0x00, 0x00, 0x00,
    0x00, 0x00, 0x00, 0x00, 0x00, 0x00, 0x00, 0x00, 0x00, 0x00, 0x00, 0x00, 0x00, 0x00, 0x00, 0x00,
    0x00, 0x00, 0x00, 0x00, 0x00, 0x00, 0x00, 0x00, 0x00, 0x00, 0x00, 0x00, 0x00, 0x00, 0x00, 0x00,
    0x00, 0x00, 0x00, 0x00, 0x00, 0x00, 0x00, 0x00, 0x00, 0x00, 0x00, 0x00, 0x00, 0x00, 0x00, 0x00,
    0x00, 0x00, 0x00, 0x00, 0x00, 0x00, 0x00, 0x00, 0x00, 0x00, 0x00, 0x00, 0x00, 0x00, 0x00, 0x00,
    0x00, 0x00, 0x00, 0x00, 0x00, 0x00, 0x00, 0x00, 0x00, 0x00, 0x00, 0x00, 0x00, 0x00, 0x00, 0x00,
    0x00, 0x00, 0x00, 0x00, 0x00, 0x00, 0x00, 0x00, 0x00, 0x00, 0x00, 0x00, 0x00, 0x00, 0x00, 0x00,
    0x00, 0x00, 0x00, 0x00, 0x00, 0x00, 0x00, 0x00, 0x00, 0x00, 0x00, 0x00, 0x00, 0x00, 0x00, 0x00,
    0x00, 0x00, 0x00, 0x00, 0x00, 0x00, 0x00, 0x00, 0x00, 0x00, 0x00, 0x00, 0x00, 0x00, 0x00, 0x00,
    0x00, 0x00, 0x00, 0x00, 0x00, 0x00, 0x00, 0x00, 0x00, 0x00, 0x00, 0x00, 0x00, 0x00, 0x00, 0x00,
    0x00, 0x00, 0x00, 0x00, 0x00, 0x00, 0x00, 0x00, 0x00, 0x00, 0x00, 0x00, 0x00, 0x00, 0x00, 0x00,
    0x00, 0x00, 0x00, 0x00, 0x00, 0x00, 0x00, 0x00, 0x00, 0x00, 0x00, 0x00, 0x00, 0x00, 0x00, 0x00,
    0x00, 0x00, 0x00, 0x00, 0x00, 0x00, 0x00, 0x00, 0x00, 0x00, 0x00, 0x00, 0x00, 0x00, 0x00, 0x00,
    0x00, 0x00, 0x00, 0x00, 0x00, 0x00, 0x00, 0x00, 0x00, 0x00, 0x00, 0x00, 0x00, 0x00, 0x00, 0x00,
    0x00, 0x00, 0x00, 0x00, 0x00, 0x00, 0x00, 0x00, 0x00, 0x00, 0x00, 0x00, 0x00, 0x00, 0x00, 0x00,
    0x00, 0x00, 0x00, 0x00, 0x00, 0x00, 0x00, 0x00, 0x00, 0x00, 0x00, 0x00, 0x00, 0x00, 0x00, 0x00,
    0x00, 0x00, 0x00, 0x00, 0x00, 0x00, 0x00, 0x00, 0x00, 0x00, 0x00, 0x00, 0x00, 0x00, 0x00, 0x00,
    0x00, 0x00, 0x00, 0x00, 0x00, 0x00, 0x00, 0x00, 0x00, 0x00, 0x00, 0x00, 0x00, 0x00, 0x00, 0x00,
    0x00, 0x00, 0x00, 0x00, 0x00, 0x00, 0x00, 0x00, 0x00, 0x00, 0x00, 0x00, 0x00, 0x00, 0x00, 0x00,
    0x00, 0x00, 0x00, 0x00, 0x00, 0x00, 0x00, 0x00, 0x00, 0x00, 0x00, 0x00, 0x00, 0x00, 0x00, 0x00,
    0x00, 0x00, 0x00, 0x00, 0x00, 0x00, 0x00, 0x00, 0x00, 0x00, 0x00, 0x00, 0x00, 0x00, 0x00, 0x00,
    0x00, 0x00, 0x00, 0x00, 0x00, 0x00, 0x00, 0x00, 0x00, 0x00, 0x00, 0x00, 0x00, 0x00, 0x00, 0x00,
    0x00, 0x00, 0x00, 0x00, 0x00, 0x00, 0x00, 0x00, 0x00, 0x00, 0x00, 0x00, 0x00, 0x00, 0x00, 0x00,
    0x00, 0x00, 0x00, 0x00, 0x00, 0x00, 0x00, 0x00, 0x00, 0x00, 0x00, 0x00, 0x00, 0x00, 0x00, 0x00,
    0x00, 0x00, 0x00, 0x00, 0x00, 0x00, 0x00, 0x00, 0x00, 0x00, 0x00, 0x00, 0x00, 0x00, 0x00, 0x00,
    0x00, 0x00, 0x00, 0x00, 0x00, 0x00, 0x00, 0x00, 0x00, 0x00, 0x00, 0x00, 0x00, 0x00, 0x00, 0x00,
    0x00, 0x00, 0x00, 0x00, 0x00, 0x00, 0x00, 0x00, 0x00, 0x00, 0x00, 0x00, 0x00, 0x00, 0x00, 0x00,
    0x00, 0x00, 0x00, 0x00, 0x00, 0x00, 0x00, 0x00, 0x00, 0x00, 0x00, 0x00, 0x00, 0x00, 0x00, 0x00,
    0x00, 0x00, 0x00, 0x00, 0x00, 0x00, 0x00, 0x00, 0x00, 0x00, 0x00, 0x00, 0x00, 0x00, 0x00, 0x00,
    0x00, 0x00, 0x00, 0x00, 0x00, 0x00, 0x00, 0x00, 0x00, 0x00, 0x00, 0x00, 0x00, 0x00, 0x00, 0x00,
    0x00, 0x00, 0x00, 0x00, 0x00, 0x00, 0x00, 0x00, 0x00, 0x00, 0x00, 0x00, 0x00, 0x00, 0x00, 0x00,
    0x00, 0x00, 0x00, 0x00, 0x00, 0x00, 0x00, 0x00, 0x00, 0x00, 0x00, 0x00, 0x00, 0x00, 0x00, 0x00,
    0x00, 0x00, 0x00, 0x00, 0x00, 0x00, 0x00, 0x00, 0x00, 0x00, 0x00, 0x00, 0x00, 0x00, 0x00, 0x00,
    0x00, 0x00, 0x00, 0x00, 0x00, 0x00, 0x00, 0x00, 0x00, 0x00, 0x00, 0x00, 0x00, 0x00, 0x00, 0x00,
    0x00, 0x00, 0x00, 0x00, 0x00, 0x00, 0x00, 0x00, 0x00, 0x00, 0x00, 0x00, 0x00, 0x00, 0x00, 0x00,
    0x00, 0x00, 0x00, 0x00, 0x00, 0x00, 0x00, 0x00, 0x00, 0x00, 0x00, 0x00, 0x00, 0x00, 0x00, 0x00,
    0x00, 0x00, 0x00, 0x00, 0x00, 0x00, 0x00, 0x00, 0x00, 0x00, 0x00, 0x00, 0x00, 0x00, 0x00, 0x00,
    0x00, 0x00, 0x00, 0x00, 0x00, 0x00, 0x00, 0x00, 0x00, 0x00, 0x00, 0x00, 0x00, 0x00, 0x00, 0x00,
    0x00, 0x00, 0x00, 0x00, 0x00, 0x00, 0x00, 0x00, 0x00, 0x00, 0x00, 0x00, 0x00, 0x00, 0x00, 0x00,
    0x00, 0x00, 0x00, 0x00, 0x00, 0x00, 0x00, 0x00, 0x00, 0x00, 0x00, 0x00, 0x00, 0x00, 0x00, 0x00,
    0x00, 0x00, 0x00, 0x00, 0x00, 0x00, 0x00, 0x00, 0x00, 0x00, 0x00, 0x00, 0x00, 0x00, 0x00, 0x00,
    0x00, 0x00, 0x00, 0x00, 0x00, 0x00, 0x00, 0x00, 0x00, 0x00, 0x00, 0x00, 0x00, 0x00, 0x00, 0x00,
    0x00, 0x00, 0x00, 0x00, 0x00, 0x00, 0x00, 0x00, 0x00, 0x00, 0x00, 0x00, 0x00, 0x00, 0x00, 0x00,
    0x00, 0x00, 0x00, 0x00, 0x00, 0x00, 0x00, 0x00, 0x00, 0x00, 0x00, 0x00, 0x00, 0x00, 0x00, 0x00,
    0x00, 0x00, 0x00, 0x00, 0x00, 0x00, 0x00, 0x00, 0x00, 0x00, 0x00, 0x00, 0x00, 0x00, 0x00, 0x00,
    0x00, 0x00, 0x00, 0x00, 0x00, 0x00, 0x00, 0x00, 0x00, 0x00, 0x00, 0x00, 0x00, 0x00, 0x00, 0x00,
    0x00, 0x00, 0x00, 0x00, 0x00, 0x00, 0x00, 0x00, 0x00, 0x00, 0x00, 0x00, 0x00, 0x00, 0x00, 0x00,
    0x00, 0x00, 0x00, 0x00, 0x00, 0x00, 0x00, 0x00, 0x00, 0x00, 0x00, 0x00, 0x00, 0x00, 0x00, 0x00,
    0x00, 0x00, 0x00, 0x00, 0x00, 0x00, 0x00, 0x00, 0x00, 0x00, 0x00, 0x00, 0x00, 0x00, 0x00, 0x00,
    0x00, 0x00, 0x00, 0x00, 0x00, 0x00, 0x00, 0x00, 0x00, 0x00, 0x00, 0x00, 0x00, 0x00, 0x00, 0x00,
    0x00, 0x00, 0x00, 0x00, 0x00, 0x00, 0x00, 0x00, 0x00, 0x00, 0x00, 0x00, 0x00, 0x00, 0x00, 0x00,
    0x00, 0x00, 0x00, 0x00, 0x00, 0x00, 0x00, 0x00, 0x00, 0x00, 0x00, 0x00, 0x00, 0x00, 0x00, 0x00,
    0x00, 0x00, 0x00, 0x00, 0x00, 0x00, 0x00, 0x00, 0x00, 0x00, 0x00, 0x00, 0x00, 0x00, 0x00, 0x00,
    0x00, 0x00, 0x00, 0x00, 0x00, 0x00, 0x00, 0x00, 0x00, 0x00, 0x00, 0x00, 0x00, 0x00, 0x00, 0x00,
    0x00, 0x00, 0x00, 0x00, 0x00, 0x00, 0x00, 0x00, 0x00, 0x00, 0x00, 0x00, 0x00, 0x00, 0x00, 0x00,
    0x00, 0x00, 0x00, 0x00, 0x00, 0x00, 0x00, 0x00, 0x00, 0x00, 0x00, 0x00, 0x00, 0x00, 0x00, 0x00,
    0x00, 0x00, 0x00, 0x00, 0x00, 0x00, 0x00, 0x00, 0x00, 0x00, 0x00, 0x00, 0x00, 0x00, 0x00, 0x00,
    0x00, 0x00, 0x00, 0x00, 0x00, 0x00, 0x00, 0x00, 0x00, 0x00, 0x00, 0x00, 0x00, 0x00, 0x00, 0x00,
    0x00, 0x00, 0x00, 0x00, 0x00, 0x00, 0x00, 0x00, 0x00, 0x00, 0x00, 0x00, 0x00, 0x00, 0x00, 0x00,
    0x00, 0x00, 0x00, 0x00, 0x00, 0x00, 0x00, 0x00, 0x00, 0x00, 0x00, 0x00, 0x00, 0x00, 0x00, 0x00,
    0x00, 0x00, 0x00, 0x00, 0x00, 0x00, 0x00, 0x00, 0x00, 0x00, 0x00, 0x00, 0x00, 0x00, 0x00, 0x00,
    0x00, 0x00, 0x00, 0x00, 0x00, 0x00, 0x00, 0x00, 0x00, 0x00, 0x00, 0x00, 0x00, 0x00, 0x00, 0x00,
    0x00, 0x00, 0x00, 0x00, 0x00, 0x00, 0x00, 0x00, 0x00, 0x00, 0x00, 0x00, 0x00, 0x00, 0x00, 0x00,
    0x00, 0x00, 0x00, 0x00, 0x00, 0x00, 0x00, 0x00, 0x00, 0x00, 0x00, 0x00, 0x00, 0x00, 0x00, 0x00,
    0x00, 0x00, 0x00, 0x00, 0x00, 0x00, 0x00, 0x00, 0x00, 0x00, 0x00, 0x00, 0x00, 0x00, 0x00, 0x00,
    0x00, 0x00, 0x00, 0x00, 0x00, 0x00, 0x00, 0x00, 0x00, 0x00, 0x00, 0x00, 0x00, 0x00, 0x00, 0x00,
    0x00, 0x00, 0x00, 0x00, 0x00, 0x00, 0x00, 0x00, 0x00, 0x00, 0x00, 0x00, 0x00, 0x00, 0x00, 0x00,
    0x00, 0x00, 0x00, 0x00, 0x00, 0x00, 0x00, 0x00, 0x00, 0x00, 0x00, 0x00, 0x00, 0x00, 0x00, 0x00,
    0x00, 0x00, 0x00, 0x00, 0x00, 0x00, 0x00, 0x00, 0x00, 0x00, 0x00, 0x00, 0x00, 0x00, 0x00, 0x00,
    0x00, 0x00, 0x00, 0x00, 0x00, 0x00, 0x00, 0x00, 0x00, 0x00, 0x00, 0x00, 0x00, 0x00, 0x00, 0x00,
    0x00, 0x00, 0x00, 0x00, 0x00, 0x00, 0x00, 0x00, 0x00, 0x00, 0x00, 0x00, 0x00, 0x00, 0x00, 0x00,
    0x00, 0x00, 0x00, 0x00, 0x00, 0x00, 0x00, 0x00, 0x00, 0x00, 0x00, 0x00, 0x00, 0x00, 0x00, 0x00,
    0x00, 0x00, 0x00, 0x00, 0x00, 0x00, 0x00, 0x00, 0x00, 0x00, 0x00, 0x00, 0x00, 0x00, 0x00, 0x00,
    0x00, 0x00, 0x00, 0x00, 0x00, 0x00, 0x00, 0x00, 0x00, 0x00, 0x00, 0x00, 0x00, 0x00, 0x00, 0x00,
    0x00, 0x00, 0x00, 0x00, 0x00, 0x00, 0x00, 0x00, 0x00, 0x00, 0x00, 0x00, 0x00, 0x00, 0x00, 0x00,
    0x00, 0x00, 0x00, 0x00, 0x00, 0x00, 0x00, 0x00, 0x00, 0x00, 0x00, 0x00, 0x00, 0x00, 0x00, 0x00,
    0x00, 0x00, 0x00, 0x00, 0x00, 0x00, 0x00, 0x00, 0x00, 0x00, 0x00, 0x00, 0x00, 0x00, 0x00, 0x00,
    0x00, 0x00, 0x00, 0x00, 0x00, 0x00, 0x00, 0x00, 0x00, 0x00, 0x00, 0x00, 0x00, 0x00, 0x00, 0x00,
    0x00, 0x00, 0x00, 0x00, 0x00, 0x00, 0x00, 0x00, 0x00, 0x00, 0x00, 0x00, 0x00, 0x00, 0x00, 0x00,
    0x00, 0x00, 0x00, 0x00, 0x00, 0x00, 0x00, 0x00, 0x00, 0x00, 0x00, 0x00, 0x00, 0x00, 0x00, 0x00,
    0x00, 0x00, 0x00, 0x00, 0x00, 0x00, 0x00, 0x00, 0x00, 0x00, 0x00, 0x00, 0x00, 0x00, 0x00, 0x00,
    0x00, 0x00, 0x00, 0x00, 0x00, 0x00, 0x00, 0x00, 0x00, 0x00, 0x00, 0x00, 0x00, 0x00, 0x00, 0x00,
    0x00, 0x00, 0x00, 0x00, 0x00, 0x00, 0x00, 0x00, 0x00, 0x00, 0x00, 0x00, 0x00, 0x00, 0x00, 0x00,
    0x00, 0x00, 0x00, 0x00, 0x00, 0x00, 0x00, 0x00, 0x00, 0x00, 0x00, 0x00, 0x00, 0x00, 0x00, 0x00,
    0x00, 0x00, 0x00, 0x00, 0x00, 0x00, 0x00, 0x00, 0x00, 0x00, 0x00, 0x00, 0x00, 0x00, 0x00, 0x00,
    0x00, 0x00, 0x00, 0x00, 0x00, 0x00, 0x00, 0x00, 0x00, 0x00, 0x00, 0x00, 0x00, 0x00, 0x00, 0x00,
    0x00, 0x00, 0x00, 0x00, 0x00, 0x00, 0x00, 0x00, 0x00, 0x00, 0x00, 0x00, 0x00, 0x00, 0x00, 0x00,
    0x00, 0x00, 0x00, 0x00, 0x00, 0x00, 0x00, 0x00, 0x00, 0x00, 0x00, 0x00, 0x00, 0x00, 0x00, 0x00,
    0x00, 0x00, 0x00, 0x00, 0x00, 0x00, 0x00, 0x00, 0x00, 0x00, 0x00, 0x00, 0x00, 0x00, 0x00, 0x00,
    0x00, 0x00, 0x00, 0x00, 0x00, 0x00, 0x00, 0x00, 0x00, 0x00, 0x00, 0x00, 0x00, 0x00, 0x00, 0x00,
    0x00, 0x00, 0x00, 0x00, 0x00, 0x00, 0x00, 0x00, 0x00, 0x00, 0x00, 0x00, 0x00, 0x00, 0x00, 0x00,
    0x00, 0x00, 0x00, 0x00, 0x00, 0x00, 0x00, 0x00, 0x00, 0x00, 0x00, 0x00, 0x00, 0x00, 0x00, 0x00,
    0x00, 0x00, 0x00, 0x00, 0x00, 0x00, 0x00, 0x00, 0x00, 0x00, 0x00, 0x00, 0x00, 0x00, 0x00, 0x00,
    0x00, 0x00, 0x00, 0x00, 0x00, 0x00, 0x00, 0x00, 0x00, 0x00, 0x00, 0x00, 0x00, 0x00, 0x00, 0x00,
    0x00, 0x00, 0x00, 0x00, 0x00, 0x00, 0x00, 0x00, 0x00, 0x00, 0x00, 0x00, 0x00, 0x00, 0x00, 0x00,
    0x00, 0x00, 0x00, 0x00, 0x00, 0x00, 0x00, 0x00, 0x00, 0x00, 0x00, 0x00, 0x00, 0x00, 0x00, 0x00,
    0x00, 0x00, 0x00, 0x00, 0x00, 0x00, 0x00, 0x00, 0x00, 0x00, 0x00, 0x00, 0x00, 0x00, 0x00, 0x00,
    0x00, 0x00, 0x00, 0x00, 0x00, 0x00, 0x00, 0x00, 0x00, 0x00, 0x00, 0x00, 0x00, 0x00, 0x00, 0x00,
    0x00, 0x00, 0x00, 0x00, 0x00, 0x00, 0x00, 0x00, 0x00, 0x00, 0x00, 0x00, 0x00, 0x00, 0x00, 0x00,
    0x00, 0x00, 0x00, 0x00, 0x00, 0x00, 0x00, 0x00, 0x00, 0x00, 0x00, 0x00, 0x00, 0x00, 0x00, 0x00,
    0x00, 0x00, 0x00, 0x00, 0x00, 0x00, 0x00, 0x00, 0x00, 0x00, 0x00, 0x00, 0x00, 0x00, 0x00, 0x00,
    0x00, 0x00, 0x00, 0x00, 0x00, 0x00, 0x00, 0x00, 0x00, 0x00, 0x00, 0x00, 0x00, 0x00, 0x00, 0x00,
    0x00, 0x00, 0x00, 0x00, 0x00, 0x00, 0x00, 0x00, 0x00, 0x00, 0x00, 0x00, 0x00, 0x00, 0x00, 0x00,
    0x00, 0x00, 0x00, 0x00, 0x00, 0x00, 0x00, 0x00, 0x00, 0x00, 0x00, 0x00, 0x00, 0x00, 0x00, 0x00,
    0x00, 0x00, 0x00, 0x00, 0x00, 0x00, 0x00, 0x00, 0x00, 0x00, 0x00, 0x00, 0x00, 0x00, 0x00, 0x00,
    0x00, 0x00, 0x00, 0x00, 0x00, 0x00, 0x00, 0x00, 0x00, 0x00, 0x00, 0x00, 0x00, 0x00, 0x00, 0x00,
    0x00, 0x00, 0x00, 0x00, 0x00, 0x00, 0x00, 0x00, 0x00, 0x00, 0x00, 0x00, 0x00, 0x00, 0x00, 0x00,
    0x00, 0x00, 0x00, 0x00, 0x00, 0x00, 0x00, 0x00, 0x00, 0x00, 0x00, 0x00, 0x00, 0x00, 0x00, 0x00,
    0x00, 0x00, 0x00, 0x00, 0x00, 0x00, 0x00, 0x00, 0x00, 0x00, 0x00, 0x00, 0x00, 0x00, 0x00, 0x00,
    0x00, 0x00, 0x00, 0x00, 0x00, 0x00, 0x00, 0x00, 0x00, 0x00, 0x00, 0x00, 0x00, 0x00, 0x00, 0x00,
    0x00, 0x00, 0x00, 0x00, 0x00, 0x00, 0x00, 0x00, 0x00, 0x00, 0x00, 0x00, 0x00, 0x00, 0x00, 0x00,
    0x00, 0x00, 0x00, 0x00, 0x00, 0x00, 0x00, 0x00, 0x00, 0x00, 0x00, 0x00, 0x00, 0x00, 0x00, 0x00,
    0x00, 0x00, 0x00, 0x00, 0x00, 0x00, 0x00, 0x00, 0x00, 0x00, 0x00, 0x00, 0x00, 0x00, 0x00, 0x00,
    0x00, 0x00, 0x00, 0x00, 0x00, 0x00, 0x00, 0x00, 0x00, 0x00, 0x00, 0x00, 0x00, 0x00, 0x00, 0x00,
    0x00, 0x00, 0x00, 0x00, 0x00, 0x00, 0x00, 0x00, 0x00, 0x00, 0x00, 0x00, 0x00, 0x00, 0x00, 0x00,
    0x00, 0x00, 0x00, 0x00, 0x00, 0x00, 0x00, 0x00, 0x00, 0x00, 0x00, 0x00, 0x00, 0x00, 0x00, 0x00,
    0x00, 0x00, 0x00, 0x00, 0x00, 0x00, 0x00, 0x00, 0x00, 0x00, 0x00, 0x00, 0x00, 0x00, 0x00, 0x00,
    0x00, 0x00, 0x00, 0x00, 0x00, 0x00, 0x00, 0x00, 0x00, 0x00, 0x00, 0x00, 0x00, 0x00, 0x00, 0x00,
    0x00, 0x00, 0x00, 0x00, 0x00, 0x00, 0x00, 0x00, 0x00, 0x00, 0x00, 0x00, 0x00, 0x00, 0x00, 0x00,
    0x00, 0x00, 0x00, 0x00, 0x00, 0x00, 0x00, 0x00, 0x00, 0x00, 0x00, 0x00, 0x00, 0x00, 0x00, 0x00,
    0x00, 0x00, 0x00, 0x00, 0x00, 0x00, 0x00, 0x00, 0x00, 0x00, 0x00, 0x00, 0x00, 0x00, 0x00, 0x00,
    0x00, 0x00, 0x00, 0x00, 0x00, 0x00, 0x00, 0x00, 0x00, 0x00, 0x00, 0x00, 0x00, 0x00, 0x00, 0x00,
    0x00, 0x00, 0x00, 0x00, 0x00, 0x00, 0x00, 0x00, 0x00, 0x00, 0x00, 0x00, 0x00, 0x00, 0x00, 0x00,
    0x00, 0x00, 0x00, 0x00, 0x00, 0x00, 0x00, 0x00, 0x00, 0x00, 0x00, 0x00, 0x00, 0x00, 0x00, 0x00,
    0x00, 0x00, 0x00, 0x00, 0x00, 0x00, 0x00, 0x00, 0x00, 0x00, 0x00, 0x00, 0x00, 0x00, 0x00, 0x00,
    0x00, 0x00, 0x00, 0x00, 0x00, 0x00, 0x00, 0x00, 0x00, 0x00, 0x00, 0x00, 0x00, 0x00, 0x00, 0x00,
    0x00, 0x00, 0x00, 0x00, 0x00, 0x00, 0x00, 0x00, 0x00, 0x00, 0x00, 0x00, 0x00, 0x00, 0x00, 0x00,
    0x00, 0x00, 0x00, 0x00, 0x00, 0x00, 0x00, 0x00, 0x00, 0x00, 0x00, 0x00, 0x00, 0x00, 0x00, 0x00,
    0x00, 0x00, 0x00, 0x00, 0x00, 0x00, 0x00, 0x00, 0x00, 0x00, 0x00, 0x00, 0x00, 0x00, 0x00, 0x00,
    0x00, 0x00, 0x00, 0x00, 0x00, 0x00, 0x00, 0x00, 0x00, 0x00, 0x00, 0x00, 0x00, 0x00, 0x00, 0x00,
    0x00, 0x00, 0x00, 0x00, 0x00, 0x00, 0x00, 0x00, 0x00, 0x00, 0x00, 0x00, 0x00, 0x00, 0x00, 0x00,
    0x00, 0x00, 0x00, 0x00, 0x00, 0x00, 0x00, 0x00, 0x00, 0x00, 0x00, 0x00, 0x00, 0x00, 0x00, 0x00,
    0x00, 0x00, 0x00, 0x00, 0x00, 0x00, 0x00, 0x00, 0x00, 0x00, 0x00, 0x00, 0x00, 0x00, 0x00, 0x00,
    0x00, 0x00, 0x00, 0x00, 0x00, 0x00, 0x00, 0x00, 0x00, 0x00, 0x00, 0x00, 0x00, 0x00, 0x00, 0x00,
    0x00, 0x00, 0x00, 0x00, 0x00, 0x00, 0x00, 0x00, 0x00, 0x00, 0x00, 0x00, 0x00, 0x00, 0x00, 0x00,
    0x00, 0x00, 0x00, 0x00, 0x00, 0x00, 0x00, 0x00, 0x00, 0x00, 0x00, 0x00, 0x00, 0x00, 0x00, 0x00,
    0x00, 0x00, 0x00, 0x00, 0x00, 0x00, 0x00, 0x00, 0x00, 0x00, 0x00, 0x00, 0x00, 0x00, 0x00, 0x00,
    0x00, 0x00, 0x00, 0x00, 0x00, 0x00, 0x00, 0x00, 0x00, 0x00, 0x00, 0x00, 0x00, 0x00, 0x00, 0x00,
    0x00, 0x00, 0x00, 0x00, 0x00, 0x00, 0x00, 0x00, 0x00, 0x00, 0x00, 0x00, 0x00, 0x00, 0x00, 0x00,
    0x00, 0x00, 0x00, 0x00, 0x00, 0x00, 0x00, 0x00, 0x00, 0x00, 0x00, 0x00, 0x00, 0x00, 0x00, 0x00,
    0x00, 0x00, 0x00, 0x00, 0x00, 0x00, 0x00, 0x00, 0x00, 0x00, 0x00, 0x00, 0x00, 0x00, 0x00, 0x00,
    0x00, 0x00, 0x00, 0x00, 0x00, 0x00, 0x00, 0x00, 0x00, 0x00, 0x00, 0x00, 0x00, 0x00, 0x00, 0x00,
    0x00, 0x00, 0x00, 0x00, 0x00, 0x00, 0x00, 0x00, 0x00, 0x00, 0x00, 0x00, 0x00, 0x00, 0x00, 0x00,
    0x00, 0x00, 0x00, 0x00, 0x00, 0x00, 0x00, 0x00, 0x00, 0x00, 0x00, 0x00, 0x00, 0x00, 0x00, 0x00,
    0x00, 0x00, 0x00, 0x00, 0x00, 0x00, 0x00, 0x00, 0x00, 0x00, 0x00, 0x00, 0x00, 0x00, 0x00, 0x00,
    0x00, 0x00, 0x00, 0x00, 0x00, 0x00, 0x00, 0x00, 0x00, 0x00, 0x00, 0x00, 0x00, 0x00, 0x00, 0x00,
    0x00, 0x00, 0x00, 0x00, 0x00, 0x00, 0x00, 0x00, 0x00, 0x00, 0x00, 0x00, 0x00, 0x00, 0x00, 0x00,
    0x00, 0x00, 0x00, 0x00, 0x00, 0x00, 0x00, 0x00, 0x00, 0x00, 0x00, 0x00, 0x00, 0x00, 0x00, 0x00,
    0x00, 0x00, 0x00, 0x00, 0x00, 0x00, 0x00, 0x00, 0x00, 0x00, 0x00, 0x00, 0x00, 0x00, 0x00, 0x00,
    0x00, 0x00, 0x00, 0x00, 0x00, 0x00, 0x00, 0x00, 0x00, 0x00, 0x00, 0x00, 0x00, 0x00, 0x00, 0x00,
    0x00, 0x00, 0x00, 0x00, 0x00, 0x00, 0x00, 0x00, 0x00, 0x00, 0x00, 0x00, 0x00, 0x00, 0x00, 0x00,
    0x00, 0x00, 0x00, 0x00, 0x00, 0x00, 0x00, 0x00, 0x00, 0x00, 0x00, 0x00, 0x00, 0x00, 0x00, 0x00,
    0x00, 0x00, 0x00, 0x00, 0x00, 0x00, 0x00, 0x00, 0x00, 0x00, 0x00, 0x00, 0x00, 0x00, 0x00, 0x00,
    0x00, 0x00, 0x00, 0x00, 0x00, 0x00, 0x00, 0x00, 0x00, 0x00, 0x00, 0x00, 0x00, 0x00, 0x00, 0x00,
    0x00, 0x00, 0x00, 0x00, 0x00, 0x00, 0x00, 0x00, 0x00, 0x00, 0x00, 0x00, 0x00, 0x00, 0x00, 0x00,
    0x00, 0x00, 0x00, 0x00, 0x00, 0x00, 0x00, 0x00, 0x00, 0x00, 0x00, 0x00, 0x00, 0x00, 0x00, 0x00,
    0x00, 0x00, 0x00, 0x00, 0x00, 0x00, 0x00, 0x00, 0x00, 0x00, 0x00, 0x00, 0x00, 0x00, 0x00, 0x00,
    0x00, 0x00, 0x00, 0x00, 0x00, 0x00, 0x00, 0x00, 0x00, 0x00, 0x00, 0x00, 0x00, 0x00, 0x00, 0x00,
    0x00, 0x00, 0x00, 0x00, 0x00, 0x00, 0x00, 0x00, 0x00, 0x00, 0x00, 0x00, 0x00, 0x00, 0x00, 0x00,
    0x00, 0x00, 0x00, 0x00, 0x00, 0x00, 0x00, 0x00, 0x00, 0x00, 0x00, 0x00, 0x00, 0x00, 0x00, 0x00,
    0x00, 0x00, 0x00, 0x00, 0x00, 0x00, 0x00, 0x00, 0x00, 0x00, 0x00, 0x00, 0x00, 0x00, 0x00, 0x00,
    0x00, 0x00, 0x00, 0x00, 0x00, 0x00, 0x00, 0x00, 0x00, 0x00, 0x00, 0x00, 0x00, 0x00, 0x00, 0x00,
    0x00, 0x00, 0x00, 0x00, 0x00, 0x00, 0x00, 0x00, 0x00, 0x00, 0x00, 0x00, 0x00, 0x00, 0x00, 0x00,
    0x00, 0x00, 0x00, 0x00, 0x00, 0x00, 0x00, 0x00, 0x00, 0x00, 0x00, 0x00, 0x00, 0x00, 0x00, 0x00,
    0x00, 0x00, 0x00, 0x00, 0x00, 0x00, 0x00, 0x00, 0x00, 0x00, 0x00, 0x00, 0x00, 0x00, 0x00, 0x00,
    0x00, 0x00, 0x00, 0x00, 0x00, 0x00, 0x00, 0x00, 0x00, 0x00, 0x00, 0x00, 0x00, 0x00, 0x00, 0x00,
    0x00, 0x00, 0x00, 0x00, 0x00, 0x00, 0x00, 0x00, 0x00, 0x00, 0x00, 0x00, 0x00, 0x00, 0x00, 0x00,
    0x00, 0x00, 0x00, 0x00, 0x00, 0x00, 0x00, 0x00, 0x00, 0x00, 0x00, 0x00, 0x00, 0x00, 0x00, 0x00,
    0x00, 0x00, 0x00, 0x00, 0x00, 0x00, 0x00, 0x00, 0x00, 0x00, 0x00, 0x00, 0x00, 0x00, 0x00, 0x00,
    0x00, 0x00, 0x00, 0x00, 0x00, 0x00, 0x00, 0x00, 0x00, 0x00, 0x00, 0x00, 0x00, 0x00, 0x00, 0x00,
    0x00, 0x00, 0x00, 0x00, 0x00, 0x00, 0x00, 0x00, 0x00, 0x00, 0x00, 0x00, 0x00, 0x00, 0x00, 0x00,
    0x00, 0x00, 0x00, 0x00, 0x00, 0x00, 0x00, 0x00, 0x00, 0x00, 0x00, 0x00, 0x00, 0x00, 0x00, 0x00,
    0x00, 0x00, 0x00, 0x00, 0x13, 0x04, 0x27, 0x01, 0x01, 0x50, 0x6c, 0x61, 0x79, 0x65, 0x72, 0x50,
    0x72, 0x6f, 0x66, 0x69, 0x6c, 0x65, 0x02, 0x19, 0x12, 0x04, 0x27, 0x09, 0x01, 0x50, 0x6c, 0x61,
    0x79, 0x65, 0x72, 0x50, 0x72, 0x6f, 0x66, 0x69, 0x6c, 0x65, 0x18, 0x15, 0x04, 0x2b, 0x01, 0x01,
    0x48, 0x65, 0x61, 0x6c, 0x74, 0x68, 0x43, 0x6f, 0x6d, 0x70, 0x6f, 0x6e, 0x65, 0x6e, 0x74, 0x03,
    0x17, 0x15, 0x04, 0x2b, 0x01, 0x01, 0x48, 0x65, 0x61, 0x6c, 0x74, 0x68, 0x43, 0x6f, 0x6d, 0x70,
    0x6f, 0x6e, 0x65, 0x6e, 0x74, 0x02, 0x16, 0x14, 0x04, 0x2b, 0x09, 0x01, 0x48, 0x65, 0x61, 0x6c,
    0x74, 0x68, 0x43, 0x6f, 0x6d, 0x70, 0x6f, 0x6e, 0x65, 0x6e, 0x74, 0x15, 0x0f, 0x04, 0x1f, 0x01,
    0x01, 0x43, 0x6f, 0x6d, 0x70, 0x6f, 0x6e, 0x65, 0x6e, 0x74, 0x07, 0x14, 0x0f, 0x04, 0x1f, 0x01,
    0x01, 0x43, 0x6f, 0x6d, 0x70, 0x6f, 0x6e, 0x65, 0x6e, 0x74, 0x06, 0x13, 0x11, 0x04, 0x23, 0x01,
    0x01, 0x53, 0x63, 0x65, 0x6e, 0x65, 0x4f, 0x62, 0x6a, 0x65, 0x63, 0x74, 0x19, 0x12, 0x11, 0x04,
    0x23, 0x01, 0x01, 0x53, 0x63, 0x65, 0x6e, 0x65, 0x4f, 0x62, 0x6a, 0x65, 0x63, 0x74, 0x18, 0x11,
    0x11, 0x04, 0x23, 0x01, 0x01, 0x53, 0x63, 0x65, 0x6e, 0x65, 0x4f, 0x62, 0x6a, 0x65, 0x63, 0x74,
    0x11, 0x10, 0x11, 0x04, 0x23, 0x01, 0x01, 0x53, 0x63, 0x65, 0x6e, 0x65, 0x4f, 0x62, 0x6a, 0x65,
    0x63, 0x74, 0x10, 0x0f, 0x11, 0x04, 0x23, 0x01, 0x01, 0x53, 0x63, 0x65, 0x6e, 0x65, 0x4f, 0x62,
    0x6a, 0x65, 0x63, 0x74, 0x0f, 0x0e, 0x11, 0x04, 0x23, 0x01, 0x01, 0x53, 0x63, 0x65, 0x6e, 0x65,
    0x4f, 0x62, 0x6a, 0x65, 0x63, 0x74, 0x0e, 0x0d, 0x10, 0x04, 0x23, 0x09, 0x01, 0x53, 0x63, 0x65,
    0x6e, 0x65, 0x4f, 0x62, 0x6a, 0x65, 0x63, 0x74, 0x0c, 0x0f, 0x04, 0x1f, 0x01, 0x01, 0x47, 0x61,
    0x6d, 0x65, 0x53, 0x74, 0x61, 0x74, 0x65, 0x0c, 0x0b, 0x0f, 0x04, 0x1f, 0x01, 0x01, 0x47, 0x61,
    0x6d, 0x65, 0x53, 0x74, 0x61, 0x74, 0x65, 0x0b, 0x0a, 0x0f, 0x04, 0x1f, 0x01, 0x01, 0x47, 0x61,
    0x6d, 0x65, 0x53, 0x74, 0x61, 0x74, 0x65, 0x0a, 0x09, 0x14, 0x04, 0x29, 0x01, 0x01, 0x43, 0x68,
    0x61, 0x72, 0x61, 0x63, 0x74, 0x65, 0x72, 0x53, 0x74, 0x61, 0x74, 0x65, 0x32, 0x08, 0x14, 0x04,
    0x29, 0x01, 0x01, 0x43, 0x68, 0x61, 0x72, 0x61, 0x63, 0x74, 0x65, 0x72, 0x53, 0x74, 0x61, 0x74,
    0x65, 0x31, 0x07, 0x14, 0x04, 0x29, 0x01, 0x01, 0x43, 0x68, 0x61, 0x72, 0x61, 0x63, 0x74, 0x65,
    0x72, 0x53, 0x74, 0x61, 0x74, 0x65, 0x30, 0x06, 0x14, 0x04, 0x29, 0x01, 0x01, 0x43, 0x68, 0x61,
    0x72, 0x61, 0x63, 0x74, 0x65, 0x72, 0x53, 0x74, 0x61, 0x74, 0x65, 0x07, 0x05, 0x14, 0x04, 0x29,
    0x01, 0x01, 0x43, 0x68, 0x61, 0x72, 0x61, 0x63, 0x74, 0x65, 0x72, 0x53, 0x74, 0x61, 0x74, 0x65,
    0x06, 0x04, 0x14, 0x04, 0x29, 0x01, 0x01, 0x43, 0x68, 0x61, 0x72, 0x61, 0x63, 0x74, 0x65, 0x72,
    0x53, 0x74, 0x61, 0x74, 0x65, 0x05, 0x03, 0x14, 0x04, 0x29, 0x01, 0x01, 0x43, 0x68, 0x61, 0x72,
    0x61, 0x63, 0x74, 0x65, 0x72, 0x53, 0x74, 0x61, 0x74, 0x65, 0x04, 0x02, 0x13, 0x04, 0x29, 0x01,
    0x09, 0x43, 0x68, 0x61, 0x72, 0x61, 0x63, 0x74, 0x65, 0x72, 0x53, 0x74, 0x61, 0x74, 0x65, 0x03,
    0x0d, 0x00, 0x00, 0x00, 0x13, 0x0c, 0xb1, 0x00, 0x0f, 0xd4, 0x0f, 0xac, 0x0f, 0x78, 0x0f, 0x4e,
    0x0f, 0x19, 0x0e, 0xde, 0x0e, 0xab, 0x0e, 0x78, 0x0e, 0x49, 0x0e, 0x21, 0x0e, 0x01, 0x0d, 0xd3,
    0x0d, 0xb1, 0x0d, 0x88, 0x0d, 0x5f, 0x0d, 0x2e, 0x0d, 0x0a, 0x0c, 0xd8, 0x0c, 0xb1, 0x00, 0x00,
    0x00, 0x00, 0x00, 0x00, 0x00, 0x00, 0x00, 0x00, 0x00, 0x00, 0x00, 0x00, 0x00, 0x00, 0x00, 0x00,
    0x00, 0x00, 0x00, 0x00, 0x00, 0x00, 0x00, 0x00, 0x00, 0x00, 0x00, 0x00, 0x00, 0x00, 0x00, 0x00,
    0x00, 0x00, 0x00, 0x00, 0x00, 0x00, 0x00, 0x00, 0x00, 0x00, 0x00, 0x00, 0x00, 0x00, 0x00, 0x00,
    0x00, 0x00, 0x00, 0x00, 0x00, 0x00, 0x00, 0x00, 0x00, 0x00, 0x00, 0x00, 0x00, 0x00, 0x00, 0x00,
    0x00, 0x00, 0x00, 0x00, 0x00, 0x00, 0x00, 0x00, 0x00, 0x00, 0x00, 0x00, 0x00, 0x00, 0x00, 0x00,
    0x00, 0x00, 0x00, 0x00, 0x00, 0x00, 0x00, 0x00, 0x00, 0x00, 0x00, 0x00, 0x00, 0x00, 0x00, 0x00,
    0x00, 0x00, 0x00, 0x00, 0x00, 0x00, 0x00, 0x00, 0x00, 0x00, 0x00, 0x00, 0x00, 0x00, 0x00, 0x00,
    0x00, 0x00, 0x00, 0x00, 0x00, 0x00, 0x00, 0x00, 0x00, 0x00, 0x00, 0x00, 0x00, 0x00, 0x00, 0x00,
    0x00, 0x00, 0x00, 0x00, 0x00, 0x00, 0x00, 0x00, 0x00, 0x00, 0x00, 0x00, 0x00, 0x00, 0x00, 0x00,
    0x00, 0x00, 0x00, 0x00, 0x00, 0x00, 0x00, 0x00, 0x00, 0x00, 0x00, 0x00, 0x00, 0x00, 0x00, 0x00,
    0x00, 0x00, 0x00, 0x00, 0x00, 0x00, 0x00, 0x00, 0x00, 0x00, 0x00, 0x00, 0x00, 0x00, 0x00, 0x00,
    0x00, 0x00, 0x00, 0x00, 0x00, 0x00, 0x00, 0x00, 0x00, 0x00, 0x00, 0x00, 0x00, 0x00, 0x00, 0x00,
    0x00, 0x00, 0x00, 0x00, 0x00, 0x00, 0x00, 0x00, 0x00, 0x00, 0x00, 0x00, 0x00, 0x00, 0x00, 0x00,
    0x00, 0x00, 0x00, 0x00, 0x00, 0x00, 0x00, 0x00, 0x00, 0x00, 0x00, 0x00, 0x00, 0x00, 0x00, 0x00,
    0x00, 0x00, 0x00, 0x00, 0x00, 0x00, 0x00, 0x00, 0x00, 0x00, 0x00, 0x00, 0x00, 0x00, 0x00, 0x00,
    0x00, 0x00, 0x00, 0x00, 0x00, 0x00, 0x00, 0x00, 0x00, 0x00, 0x00, 0x00, 0x00, 0x00, 0x00, 0x00,
    0x00, 0x00, 0x00, 0x00, 0x00, 0x00, 0x00, 0x00, 0x00, 0x00, 0x00, 0x00, 0x00, 0x00, 0x00, 0x00,
    0x00, 0x00, 0x00, 0x00, 0x00, 0x00, 0x00, 0x00, 0x00, 0x00, 0x00, 0x00, 0x00, 0x00, 0x00, 0x00,
    0x00, 0x00, 0x00, 0x00, 0x00, 0x00, 0x00, 0x00, 0x00, 0x00, 0x00, 0x00, 0x00, 0x00, 0x00, 0x00,
    0x00, 0x00, 0x00, 0x00, 0x00, 0x00, 0x00, 0x00, 0x00, 0x00, 0x00, 0x00, 0x00, 0x00, 0x00, 0x00,
    0x00, 0x00, 0x00, 0x00, 0x00, 0x00, 0x00, 0x00, 0x00, 0x00, 0x00, 0x00, 0x00, 0x00, 0x00, 0x00,
    0x00, 0x00, 0x00, 0x00, 0x00, 0x00, 0x00, 0x00, 0x00, 0x00, 0x00, 0x00, 0x00, 0x00, 0x00, 0x00,
    0x00, 0x00, 0x00, 0x00, 0x00, 0x00, 0x00, 0x00, 0x00, 0x00, 0x00, 0x00, 0x00, 0x00, 0x00, 0x00,
    0x00, 0x00, 0x00, 0x00, 0x00, 0x00, 0x00, 0x00, 0x00, 0x00, 0x00, 0x00, 0x00, 0x00, 0x00, 0x00,
    0x00, 0x00, 0x00, 0x00, 0x00, 0x00, 0x00, 0x00, 0x00, 0x00, 0x00, 0x00, 0x00, 0x00, 0x00, 0x00,
    0x00, 0x00, 0x00, 0x00, 0x00, 0x00, 0x00, 0x00, 0x00, 0x00, 0x00, 0x00, 0x00, 0x00, 0x00, 0x00,
    0x00, 0x00, 0x00, 0x00, 0x00, 0x00, 0x00, 0x00, 0x00, 0x00, 0x00, 0x00, 0x00, 0x00, 0x00, 0x00,
    0x00, 0x00, 0x00, 0x00, 0x00, 0x00, 0x00, 0x00, 0x00, 0x00, 0x00, 0x00, 0x00, 0x00, 0x00, 0x00,
    0x00, 0x00, 0x00, 0x00, 0x00, 0x00, 0x00, 0x00, 0x00, 0x00, 0x00, 0x00, 0x00, 0x00, 0x00, 0x00,
    0x00, 0x00, 0x00, 0x00, 0x00, 0x00, 0x00, 0x00, 0x00, 0x00, 0x00, 0x00, 0x00, 0x00, 0x00, 0x00,
    0x00, 0x00, 0x00, 0x00, 0x00, 0x00, 0x00, 0x00, 0x00, 0x00, 0x00, 0x00, 0x00, 0x00, 0x00, 0x00,
    0x00, 0x00, 0x00, 0x00, 0x00, 0x00, 0x00, 0x00, 0x00, 0x00, 0x00, 0x00, 0x00, 0x00, 0x00, 0x00,
    0x00, 0x00, 0x00, 0x00, 0x00, 0x00, 0x00, 0x00, 0x00, 0x00, 0x00, 0x00, 0x00, 0x00, 0x00, 0x00,
    0x00, 0x00, 0x00, 0x00, 0x00, 0x00, 0x00, 0x00, 0x00, 0x00, 0x00, 0x00, 0x00, 0x00, 0x00, 0x00,
    0x00, 0x00, 0x00, 0x00, 0x00, 0x00, 0x00, 0x00, 0x00, 0x00, 0x00, 0x00, 0x00, 0x00, 0x00, 0x00,
    0x00, 0x00, 0x00, 0x00, 0x00, 0x00, 0x00, 0x00, 0x00, 0x00, 0x00, 0x00, 0x00, 0x00, 0x00, 0x00,
    0x00, 0x00, 0x00, 0x00, 0x00, 0x00, 0x00, 0x00, 0x00, 0x00, 0x00, 0x00, 0x00, 0x00, 0x00, 0x00,
    0x00, 0x00, 0x00, 0x00, 0x00, 0x00, 0x00, 0x00, 0x00, 0x00, 0x00, 0x00, 0x00, 0x00, 0x00, 0x00,
    0x00, 0x00, 0x00, 0x00, 0x00, 0x00, 0x00, 0x00, 0x00, 0x00, 0x00, 0x00, 0x00, 0x00, 0x00, 0x00,
    0x00, 0x00, 0x00, 0x00, 0x00, 0x00, 0x00, 0x00, 0x00, 0x00, 0x00, 0x00, 0x00, 0x00, 0x00, 0x00,
    0x00, 0x00, 0x00, 0x00, 0x00, 0x00, 0x00, 0x00, 0x00, 0x00, 0x00, 0x00, 0x00, 0x00, 0x00, 0x00,
    0x00, 0x00, 0x00, 0x00, 0x00, 0x00, 0x00, 0x00, 0x00, 0x00, 0x00, 0x00, 0x00, 0x00, 0x00, 0x00,
    0x00, 0x00, 0x00, 0x00, 0x00, 0x00, 0x00, 0x00, 0x00, 0x00, 0x00, 0x00, 0x00, 0x00, 0x00, 0x00,
    0x00, 0x00, 0x00, 0x00, 0x00, 0x00, 0x00, 0x00, 0x00, 0x00, 0x00, 0x00, 0x00, 0x00, 0x00, 0x00,
    0x00, 0x00, 0x00, 0x00, 0x00, 0x00, 0x00, 0x00, 0x00, 0x00, 0x00, 0x00, 0x00, 0x00, 0x00, 0x00,
    0x00, 0x00, 0x00, 0x00, 0x00, 0x00, 0x00, 0x00, 0x00, 0x00, 0x00, 0x00, 0x00, 0x00, 0x00, 0x00,
    0x00, 0x00, 0x00, 0x00, 0x00, 0x00, 0x00, 0x00, 0x00, 0x00, 0x00, 0x00, 0x00, 0x00, 0x00, 0x00,
    0x00, 0x00, 0x00, 0x00, 0x00, 0x00, 0x00, 0x00, 0x00, 0x00, 0x00, 0x00, 0x00, 0x00, 0x00, 0x00,
    0x00, 0x00, 0x00, 0x00, 0x00, 0x00, 0x00, 0x00, 0x00, 0x00, 0x00, 0x00, 0x00, 0x00, 0x00, 0x00,
    0x00, 0x00, 0x00, 0x00, 0x00, 0x00, 0x00, 0x00, 0x00, 0x00, 0x00, 0x00, 0x00, 0x00, 0x00, 0x00,
    0x00, 0x00, 0x00, 0x00, 0x00, 0x00, 0x00, 0x00, 0x00, 0x00, 0x00, 0x00, 0x00, 0x00, 0x00, 0x00,
    0x00, 0x00, 0x00, 0x00, 0x00, 0x00, 0x00, 0x00, 0x00, 0x00, 0x00, 0x00, 0x00, 0x00, 0x00, 0x00,
    0x00, 0x00, 0x00, 0x00, 0x00, 0x00, 0x00, 0x00, 0x00, 0x00, 0x00, 0x00, 0x00, 0x00, 0x00, 0x00,
    0x00, 0x00, 0x00, 0x00, 0x00, 0x00, 0x00, 0x00, 0x00, 0x00, 0x00, 0x00, 0x00, 0x00, 0x00, 0x00,
    0x00, 0x00, 0x00, 0x00, 0x00, 0x00, 0x00, 0x00, 0x00, 0x00, 0x00, 0x00, 0x00, 0x00, 0x00, 0x00,
    0x00, 0x00, 0x00, 0x00, 0x00, 0x00, 0x00, 0x00, 0x00, 0x00, 0x00, 0x00, 0x00, 0x00, 0x00, 0x00,
    0x00, 0x00, 0x00, 0x00, 0x00, 0x00, 0x00, 0x00, 0x00, 0x00, 0x00, 0x00, 0x00, 0x00, 0x00, 0x00,
    0x00, 0x00, 0x00, 0x00, 0x00, 0x00, 0x00, 0x00, 0x00, 0x00, 0x00, 0x00, 0x00, 0x00, 0x00, 0x00,
    0x00, 0x00, 0x00, 0x00, 0x00, 0x00, 0x00, 0x00, 0x00, 0x00, 0x00, 0x00, 0x00, 0x00, 0x00, 0x00,
    0x00, 0x00, 0x00, 0x00, 0x00, 0x00, 0x00, 0x00, 0x00, 0x00, 0x00, 0x00, 0x00, 0x00, 0x00, 0x00,
    0x00, 0x00, 0x00, 0x00, 0x00, 0x00, 0x00, 0x00, 0x00, 0x00, 0x00, 0x00, 0x00, 0x00, 0x00, 0x00,
    0x00, 0x00, 0x00, 0x00, 0x00, 0x00, 0x00, 0x00, 0x00, 0x00, 0x00, 0x00, 0x00, 0x00, 0x00, 0x00,
    0x00, 0x00, 0x00, 0x00, 0x00, 0x00, 0x00, 0x00, 0x00, 0x00, 0x00, 0x00, 0x00, 0x00, 0x00, 0x00,
    0x00, 0x00, 0x00, 0x00, 0x00, 0x00, 0x00, 0x00, 0x00, 0x00, 0x00, 0x00, 0x00, 0x00, 0x00, 0x00,
    0x00, 0x00, 0x00, 0x00, 0x00, 0x00, 0x00, 0x00, 0x00, 0x00, 0x00, 0x00, 0x00, 0x00, 0x00, 0x00,
    0x00, 0x00, 0x00, 0x00, 0x00, 0x00, 0x00, 0x00, 0x00, 0x00, 0x00, 0x00, 0x00, 0x00, 0x00, 0x00,
    0x00, 0x00, 0x00, 0x00, 0x00, 0x00, 0x00, 0x00, 0x00, 0x00, 0x00, 0x00, 0x00, 0x00, 0x00, 0x00,
    0x00, 0x00, 0x00, 0x00, 0x00, 0x00, 0x00, 0x00, 0x00, 0x00, 0x00, 0x00, 0x00, 0x00, 0x00, 0x00,
    0x00, 0x00, 0x00, 0x00, 0x00, 0x00, 0x00, 0x00, 0x00, 0x00, 0x00, 0x00, 0x00, 0x00, 0x00, 0x00,
    0x00, 0x00, 0x00, 0x00, 0x00, 0x00, 0x00, 0x00, 0x00, 0x00, 0x00, 0x00, 0x00, 0x00, 0x00, 0x00,
    0x00, 0x00, 0x00, 0x00, 0x00, 0x00, 0x00, 0x00, 0x00, 0x00, 0x00, 0x00, 0x00, 0x00, 0x00, 0x00,
    0x00, 0x00, 0x00, 0x00, 0x00, 0x00, 0x00, 0x00, 0x00, 0x00, 0x00, 0x00, 0x00, 0x00, 0x00, 0x00,
    0x00, 0x00, 0x00, 0x00, 0x00, 0x00, 0x00, 0x00, 0x00, 0x00, 0x00, 0x00, 0x00, 0x00, 0x00, 0x00,
    0x00, 0x00, 0x00, 0x00, 0x00, 0x00, 0x00, 0x00, 0x00, 0x00, 0x00, 0x00, 0x00, 0x00, 0x00, 0x00,
    0x00, 0x00, 0x00, 0x00, 0x00, 0x00, 0x00, 0x00, 0x00, 0x00, 0x00, 0x00, 0x00, 0x00, 0x00, 0x00,
    0x00, 0x00, 0x00, 0x00, 0x00, 0x00, 0x00, 0x00, 0x00, 0x00, 0x00, 0x00, 0x00, 0x00, 0x00, 0x00,
    0x00, 0x00, 0x00, 0x00, 0x00, 0x00, 0x00, 0x00, 0x00, 0x00, 0x00, 0x00, 0x00, 0x00, 0x00, 0x00,
    0x00, 0x00, 0x00, 0x00, 0x00, 0x00, 0x00, 0x00, 0x00, 0x00, 0x00, 0x00, 0x00, 0x00, 0x00, 0x00,
    0x00, 0x00, 0x00, 0x00, 0x00, 0x00, 0x00, 0x00, 0x00, 0x00, 0x00, 0x00, 0x00, 0x00, 0x00, 0x00,
    0x00, 0x00, 0x00, 0x00, 0x00, 0x00, 0x00, 0x00, 0x00, 0x00, 0x00, 0x00, 0x00, 0x00, 0x00, 0x00,
    0x00, 0x00, 0x00, 0x00, 0x00, 0x00, 0x00, 0x00, 0x00, 0x00, 0x00, 0x00, 0x00, 0x00, 0x00, 0x00,
    0x00, 0x00, 0x00, 0x00, 0x00, 0x00, 0x00, 0x00, 0x00, 0x00, 0x00, 0x00, 0x00, 0x00, 0x00, 0x00,
    0x00, 0x00, 0x00, 0x00, 0x00, 0x00, 0x00, 0x00, 0x00, 0x00, 0x00, 0x00, 0x00, 0x00, 0x00, 0x00,
    0x00, 0x00, 0x00, 0x00, 0x00, 0x00, 0x00, 0x00, 0x00, 0x00, 0x00, 0x00, 0x00, 0x00, 0x00, 0x00,
    0x00, 0x00, 0x00, 0x00, 0x00, 0x00, 0x00, 0x00, 0x00, 0x00, 0x00, 0x00, 0x00, 0x00, 0x00, 0x00,
    0x00, 0x00, 0x00, 0x00, 0x00, 0x00, 0x00, 0x00, 0x00, 0x00, 0x00, 0x00, 0x00, 0x00, 0x00, 0x00,
    0x00, 0x00, 0x00, 0x00, 0x00, 0x00, 0x00, 0x00, 0x00, 0x00, 0x00, 0x00, 0x00, 0x00, 0x00, 0x00,
    0x00, 0x00, 0x00, 0x00, 0x00, 0x00, 0x00, 0x00, 0x00, 0x00, 0x00, 0x00, 0x00, 0x00, 0x00, 0x00,
    0x00, 0x00, 0x00, 0x00, 0x00, 0x00, 0x00, 0x00, 0x00, 0x00, 0x00, 0x00, 0x00, 0x00, 0x00, 0x00,
    0x00, 0x00, 0x00, 0x00, 0x00, 0x00, 0x00, 0x00, 0x00, 0x00, 0x00, 0x00, 0x00, 0x00, 0x00, 0x00,
    0x00, 0x00, 0x00, 0x00, 0x00, 0x00, 0x00, 0x00, 0x00, 0x00, 0x00, 0x00, 0x00, 0x00, 0x00, 0x00,
    0x00, 0x00, 0x00, 0x00, 0x00, 0x00, 0x00, 0x00, 0x00, 0x00, 0x00, 0x00, 0x00, 0x00, 0x00, 0x00,
    0x00, 0x00, 0x00, 0x00, 0x00, 0x00, 0x00, 0x00, 0x00, 0x00, 0x00, 0x00, 0x00, 0x00, 0x00, 0x00,
    0x00, 0x00, 0x00, 0x00, 0x00, 0x00, 0x00, 0x00, 0x00, 0x00, 0x00, 0x00, 0x00, 0x00, 0x00, 0x00,
    0x00, 0x00, 0x00, 0x00, 0x00, 0x00, 0x00, 0x00, 0x00, 0x00, 0x00, 0x00, 0x00, 0x00, 0x00, 0x00,
    0x00, 0x00, 0x00, 0x00, 0x00, 0x00, 0x00, 0x00, 0x00, 0x00, 0x00, 0x00, 0x00, 0x00, 0x00, 0x00,
    0x00, 0x00, 0x00, 0x00, 0x00, 0x00, 0x00, 0x00, 0x00, 0x00, 0x00, 0x00, 0x00, 0x00, 0x00, 0x00,
    0x00, 0x00, 0x00, 0x00, 0x00, 0x00, 0x00, 0x00, 0x00, 0x00, 0x00, 0x00, 0x00, 0x00, 0x00, 0x00,
    0x00, 0x00, 0x00, 0x00, 0x00, 0x00, 0x00, 0x00, 0x00, 0x00, 0x00, 0x00, 0x00, 0x00, 0x00, 0x00,
    0x00, 0x00, 0x00, 0x00, 0x00, 0x00, 0x00, 0x00, 0x00, 0x00, 0x00, 0x00, 0x00, 0x00, 0x00, 0x00,
    0x00, 0x00, 0x00, 0x00, 0x00, 0x00, 0x00, 0x00, 0x00, 0x00, 0x00, 0x00, 0x00, 0x00, 0x00, 0x00,
    0x00, 0x00, 0x00, 0x00, 0x00, 0x00, 0x00, 0x00, 0x00, 0x00, 0x00, 0x00, 0x00, 0x00, 0x00, 0x00,
    0x00, 0x00, 0x00, 0x00, 0x00, 0x00, 0x00, 0x00, 0x00, 0x00, 0x00, 0x00, 0x00, 0x00, 0x00, 0x00,
    0x00, 0x00, 0x00, 0x00, 0x00, 0x00, 0x00, 0x00, 0x00, 0x00, 0x00, 0x00, 0x00, 0x00, 0x00, 0x00,
    0x00, 0x00, 0x00, 0x00, 0x00, 0x00, 0x00, 0x00, 0x00, 0x00, 0x00, 0x00, 0x00, 0x00, 0x00, 0x00,
    0x00, 0x00, 0x00, 0x00, 0x00, 0x00, 0x00, 0x00, 0x00, 0x00, 0x00, 0x00, 0x00, 0x00, 0x00, 0x00,
    0x00, 0x00, 0x00, 0x00, 0x00, 0x00, 0x00, 0x00, 0x00, 0x00, 0x00, 0x00, 0x00, 0x00, 0x00, 0x00,
    0x00, 0x00, 0x00, 0x00, 0x00, 0x00, 0x00, 0x00, 0x00, 0x00, 0x00, 0x00, 0x00, 0x00, 0x00, 0x00,
    0x00, 0x00, 0x00, 0x00, 0x00, 0x00, 0x00, 0x00, 0x00, 0x00, 0x00, 0x00, 0x00, 0x00, 0x00, 0x00,
    0x00, 0x00, 0x00, 0x00, 0x00, 0x00, 0x00, 0x00, 0x00, 0x00, 0x00, 0x00, 0x00, 0x00, 0x00, 0x00,
    0x00, 0x00, 0x00, 0x00, 0x00, 0x00, 0x00, 0x00, 0x00, 0x00, 0x00, 0x00, 0x00, 0x00, 0x00, 0x00,
    0x00, 0x00, 0x00, 0x00, 0x00, 0x00, 0x00, 0x00, 0x00, 0x00, 0x00, 0x00, 0x00, 0x00, 0x00, 0x00,
    0x00, 0x00, 0x00, 0x00, 0x00, 0x00, 0x00, 0x00, 0x00, 0x00, 0x00, 0x00, 0x00, 0x00, 0x00, 0x00,
    0x00, 0x00, 0x00, 0x00, 0x00, 0x00, 0x00, 0x00, 0x00, 0x00, 0x00, 0x00, 0x00, 0x00, 0x00, 0x00,
    0x00, 0x00, 0x00, 0x00, 0x00, 0x00, 0x00, 0x00, 0x00, 0x00, 0x00, 0x00, 0x00, 0x00, 0x00, 0x00,
    0x00, 0x00, 0x00, 0x00, 0x00, 0x00, 0x00, 0x00, 0x00, 0x00, 0x00, 0x00, 0x00, 0x00, 0x00, 0x00,
    0x00, 0x00, 0x00, 0x00, 0x00, 0x00, 0x00, 0x00, 0x00, 0x00, 0x00, 0x00, 0x00, 0x00, 0x00, 0x00,
    0x00, 0x00, 0x00, 0x00, 0x00, 0x00, 0x00, 0x00, 0x00, 0x00, 0x00, 0x00, 0x00, 0x00, 0x00, 0x00,
    0x00, 0x00, 0x00, 0x00, 0x00, 0x00, 0x00, 0x00, 0x00, 0x00, 0x00, 0x00, 0x00, 0x00, 0x00, 0x00,
    0x00, 0x00, 0x00, 0x00, 0x00, 0x00, 0x00, 0x00, 0x00, 0x00, 0x00, 0x00, 0x00, 0x00, 0x00, 0x00,
    0x00, 0x00, 0x00, 0x00, 0x00, 0x00, 0x00, 0x00, 0x00, 0x00, 0x00, 0x00, 0x00, 0x00, 0x00, 0x00,
    0x00, 0x00, 0x00, 0x00, 0x00, 0x00, 0x00, 0x00, 0x00, 0x00, 0x00, 0x00, 0x00, 0x00, 0x00, 0x00,
    0x00, 0x00, 0x00, 0x00, 0x00, 0x00, 0x00, 0x00, 0x00, 0x00, 0x00, 0x00, 0x00, 0x00, 0x00, 0x00,
    0x00, 0x00, 0x00, 0x00, 0x00, 0x00, 0x00, 0x00, 0x00, 0x00, 0x00, 0x00, 0x00, 0x00, 0x00, 0x00,
    0x00, 0x00, 0x00, 0x00, 0x00, 0x00, 0x00, 0x00, 0x00, 0x00, 0x00, 0x00, 0x00, 0x00, 0x00, 0x00,
    0x00, 0x00, 0x00, 0x00, 0x00, 0x00, 0x00, 0x00, 0x00, 0x00, 0x00, 0x00, 0x00, 0x00, 0x00, 0x00,
    0x00, 0x00, 0x00, 0x00, 0x00, 0x00, 0x00, 0x00, 0x00, 0x00, 0x00, 0x00, 0x00, 0x00, 0x00, 0x00,
    0x00, 0x00, 0x00, 0x00, 0x00, 0x00, 0x00, 0x00, 0x00, 0x00, 0x00, 0x00, 0x00, 0x00, 0x00, 0x00,
    0x00, 0x00, 0x00, 0x00, 0x00, 0x00, 0x00, 0x00, 0x00, 0x00, 0x00, 0x00, 0x00, 0x00, 0x00, 0x00,
    0x00, 0x00, 0x00, 0x00, 0x00, 0x00, 0x00, 0x00, 0x00, 0x00, 0x00, 0x00, 0x00, 0x00, 0x00, 0x00,
    0x00, 0x00, 0x00, 0x00, 0x00, 0x00, 0x00, 0x00, 0x00, 0x00, 0x00, 0x00, 0x00, 0x00, 0x00, 0x00,
    0x00, 0x00, 0x00, 0x00, 0x00, 0x00, 0x00, 0x00, 0x00, 0x00, 0x00, 0x00, 0x00, 0x00, 0x00, 0x00,
    0x00, 0x00, 0x00, 0x00, 0x00, 0x00, 0x00, 0x00, 0x00, 0x00, 0x00, 0x00, 0x00, 0x00, 0x00, 0x00,
    0x00, 0x00, 0x00, 0x00, 0x00, 0x00, 0x00, 0x00, 0x00, 0x00, 0x00, 0x00, 0x00, 0x00, 0x00, 0x00,
    0x00, 0x00, 0x00, 0x00, 0x00, 0x00, 0x00, 0x00, 0x00, 0x00, 0x00, 0x00, 0x00, 0x00, 0x00, 0x00,
    0x00, 0x00, 0x00, 0x00, 0x00, 0x00, 0x00, 0x00, 0x00, 0x00, 0x00, 0x00, 0x00, 0x00, 0x00, 0x00,
    0x00, 0x00, 0x00, 0x00, 0x00, 0x00, 0x00, 0x00, 0x00, 0x00, 0x00, 0x00, 0x00, 0x00, 0x00, 0x00,
    0x00, 0x00, 0x00, 0x00, 0x00, 0x00, 0x00, 0x00, 0x00, 0x00, 0x00, 0x00, 0x00, 0x00, 0x00, 0x00,
    0x00, 0x00, 0x00, 0x00, 0x00, 0x00, 0x00, 0x00, 0x00, 0x00, 0x00, 0x00, 0x00, 0x00, 0x00, 0x00,
    0x00, 0x00, 0x00, 0x00, 0x00, 0x00, 0x00, 0x00, 0x00, 0x00, 0x00, 0x00, 0x00, 0x00, 0x00, 0x00,
    0x00, 0x00, 0x00, 0x00, 0x00, 0x00, 0x00, 0x00, 0x00, 0x00, 0x00, 0x00, 0x00, 0x00, 0x00, 0x00,
    0x00, 0x00, 0x00, 0x00, 0x00, 0x00, 0x00, 0x00, 0x00, 0x00, 0x00, 0x00, 0x00, 0x00, 0x00, 0x00,
    0x00, 0x00, 0x00, 0x00, 0x00, 0x00, 0x00, 0x00, 0x00, 0x00, 0x00, 0x00, 0x00, 0x00, 0x00, 0x00,
    0x00, 0x00, 0x00, 0x00, 0x00, 0x00, 0x00, 0x00, 0x00, 0x00, 0x00, 0x00, 0x00, 0x00, 0x00, 0x00,
    0x00, 0x00, 0x00, 0x00, 0x00, 0x00, 0x00, 0x00, 0x00, 0x00, 0x00, 0x00, 0x00, 0x00, 0x00, 0x00,
    0x00, 0x00, 0x00, 0x00, 0x00, 0x00, 0x00, 0x00, 0x00, 0x00, 0x00, 0x00, 0x00, 0x00, 0x00, 0x00,
    0x00, 0x00, 0x00, 0x00, 0x00, 0x00, 0x00, 0x00, 0x00, 0x00, 0x00, 0x00, 0x00, 0x00, 0x00, 0x00,
    0x00, 0x00, 0x00, 0x00, 0x00, 0x00, 0x00, 0x00, 0x00, 0x00, 0x00, 0x00, 0x00, 0x00, 0x00, 0x00,
    0x00, 0x00, 0x00, 0x00, 0x00, 0x00, 0x00, 0x00, 0x00, 0x00, 0x00, 0x00, 0x00, 0x00, 0x00, 0x00,
    0x00, 0x00, 0x00, 0x00, 0x00, 0x00, 0x00, 0x00, 0x00, 0x00, 0x00, 0x00, 0x00, 0x00, 0x00, 0x00,
    0x00, 0x00, 0x00, 0x00, 0x00, 0x00, 0x00, 0x00, 0x00, 0x00, 0x00, 0x00, 0x00, 0x00, 0x00, 0x00,
    0x00, 0x00, 0x00, 0x00, 0x00, 0x00, 0x00, 0x00, 0x00, 0x00, 0x00, 0x00, 0x00, 0x00, 0x00, 0x00,
    0x00, 0x00, 0x00, 0x00, 0x00, 0x00, 0x00, 0x00, 0x00, 0x00, 0x00, 0x00, 0x00, 0x00, 0x00, 0x00,
    0x00, 0x00, 0x00, 0x00, 0x00, 0x00, 0x00, 0x00, 0x00, 0x00, 0x00, 0x00, 0x00, 0x00, 0x00, 0x00,
    0x00, 0x00, 0x00, 0x00, 0x00, 0x00, 0x00, 0x00, 0x00, 0x00, 0x00, 0x00, 0x00, 0x00, 0x00, 0x00,
    0x00, 0x00, 0x00, 0x00, 0x00, 0x00, 0x00, 0x00, 0x00, 0x00, 0x00, 0x00, 0x00, 0x00, 0x00, 0x00,
    0x00, 0x00, 0x00, 0x00, 0x00, 0x00, 0x00, 0x00, 0x00, 0x00, 0x00, 0x00, 0x00, 0x00, 0x00, 0x00,
    0x00, 0x00, 0x00, 0x00, 0x00, 0x00, 0x00, 0x00, 0x00, 0x00, 0x00, 0x00, 0x00, 0x00, 0x00, 0x00,
    0x00, 0x00, 0x00, 0x00, 0x00, 0x00, 0x00, 0x00, 0x00, 0x00, 0x00, 0x00, 0x00, 0x00, 0x00, 0x00,
    0x00, 0x00, 0x00, 0x00, 0x00, 0x00, 0x00, 0x00, 0x00, 0x00, 0x00, 0x00, 0x00, 0x00, 0x00, 0x00,
    0x00, 0x00, 0x00, 0x00, 0x00, 0x00, 0x00, 0x00, 0x00, 0x00, 0x00, 0x00, 0x00, 0x00, 0x00, 0x00,
    0x00, 0x00, 0x00, 0x00, 0x00, 0x00, 0x00, 0x00, 0x00, 0x00, 0x00, 0x00, 0x00, 0x00, 0x00, 0x00,
    0x00, 0x00, 0x00, 0x00, 0x00, 0x00, 0x00, 0x00, 0x00, 0x00, 0x00, 0x00, 0x00, 0x00, 0x00, 0x00,
    0x00, 0x00, 0x00, 0x00, 0x00, 0x00, 0x00, 0x00, 0x00, 0x00, 0x00, 0x00, 0x00, 0x00, 0x00, 0x00,
    0x00, 0x00, 0x00, 0x00, 0x00, 0x00, 0x00, 0x00, 0x00, 0x00, 0x00, 0x00, 0x00, 0x00, 0x00, 0x00,
    0x00, 0x00, 0x00, 0x00, 0x00, 0x00, 0x00, 0x00, 0x00, 0x00, 0x00, 0x00, 0x00, 0x00, 0x00, 0x00,
    0x00, 0x00, 0x00, 0x00, 0x00, 0x00, 0x00, 0x00, 0x00, 0x00, 0x00, 0x00, 0x00, 0x00, 0x00, 0x00,
    0x00, 0x00, 0x00, 0x00, 0x00, 0x00, 0x00, 0x00, 0x00, 0x00, 0x00, 0x00, 0x00, 0x00, 0x00, 0x00,
    0x00, 0x00, 0x00, 0x00, 0x00, 0x00, 0x00, 0x00, 0x00, 0x00, 0x00, 0x00, 0x00, 0x00, 0x00, 0x00,
    0x00, 0x00, 0x00, 0x00, 0x00, 0x00, 0x00, 0x00, 0x00, 0x00, 0x00, 0x00, 0x00, 0x00, 0x00, 0x00,
    0x00, 0x00, 0x00, 0x00, 0x00, 0x00, 0x00, 0x00, 0x00, 0x00, 0x00, 0x00, 0x00, 0x00, 0x00, 0x00,
    0x00, 0x00, 0x00, 0x00, 0x00, 0x00, 0x00, 0x00, 0x00, 0x00, 0x00, 0x00, 0x00, 0x00, 0x00, 0x00,
    0x00, 0x00, 0x00, 0x00, 0x00, 0x00, 0x00, 0x00, 0x00, 0x00, 0x00, 0x00, 0x00, 0x00, 0x00, 0x00,
    0x00, 0x00, 0x00, 0x00, 0x00, 0x00, 0x00, 0x00, 0x00, 0x00, 0x00, 0x00, 0x00, 0x00, 0x00, 0x00,
    0x00, 0x00, 0x00, 0x00, 0x00, 0x00, 0x00, 0x00, 0x00, 0x00, 0x00, 0x00, 0x00, 0x00, 0x00, 0x00,
    0x00, 0x00, 0x00, 0x00, 0x00, 0x00, 0x00, 0x00, 0x00, 0x00, 0x00, 0x00, 0x00, 0x00, 0x00, 0x00,
    0x00, 0x00, 0x00, 0x00, 0x00, 0x00, 0x00, 0x00, 0x00, 0x00, 0x00, 0x00, 0x00, 0x00, 0x00, 0x00,
    0x00, 0x00, 0x00, 0x00, 0x00, 0x00, 0x00, 0x00, 0x00, 0x00, 0x00, 0x00, 0x00, 0x00, 0x00, 0x00,
    0x00, 0x00, 0x00, 0x00, 0x00, 0x00, 0x00, 0x00, 0x00, 0x00, 0x00, 0x00, 0x00, 0x00, 0x00, 0x00,
    0x00, 0x00, 0x00, 0x00, 0x00, 0x00, 0x00, 0x00, 0x00, 0x00, 0x00, 0x00, 0x00, 0x00, 0x00, 0x00,
    0x00, 0x00, 0x00, 0x00, 0x00, 0x00, 0x00, 0x00, 0x00, 0x00, 0x00, 0x00, 0x00, 0x00, 0x00, 0x00,
    0x00, 0x00, 0x00, 0x00, 0x00, 0x00, 0x00, 0x00, 0x00, 0x00, 0x00, 0x00, 0x00, 0x00, 0x00, 0x00,
    0x00, 0x00, 0x00, 0x00, 0x00, 0x00, 0x00, 0x00, 0x00, 0x00, 0x00, 0x00, 0x00, 0x00, 0x00, 0x00,
    0x00, 0x00, 0x00, 0x00, 0x00, 0x00, 0x00, 0x00, 0x00, 0x00, 0x00, 0x00, 0x00, 0x00, 0x00, 0x00,
    0x00, 0x00, 0x00, 0x00, 0x00, 0x00, 0x00, 0x00, 0x00, 0x00, 0x00, 0x00, 0x00, 0x00, 0x00, 0x00,
    0x00, 0x00, 0x00, 0x00, 0x00, 0x00, 0x00, 0x00, 0x00, 0x00, 0x00, 0x00, 0x00, 0x00, 0x00, 0x00,
    0x00, 0x00, 0x00, 0x00, 0x00, 0x00, 0x00, 0x00, 0x00, 0x00, 0x00, 0x00, 0x00, 0x00, 0x00, 0x00,
    0x00, 0x00, 0x00, 0x00, 0x00, 0x00, 0x00, 0x00, 0x00, 0x00, 0x00, 0x00, 0x00, 0x00, 0x00, 0x00,
    0x00, 0x00, 0x00, 0x00, 0x00, 0x00, 0x00, 0x00, 0x00, 0x00, 0x00, 0x00, 0x00, 0x00, 0x00, 0x00,
    0x00, 0x00, 0x00, 0x00, 0x00, 0x00, 0x00, 0x00, 0x00, 0x00, 0x00, 0x00, 0x00, 0x00, 0x00, 0x00,
    0x00, 0x00, 0x00, 0x00, 0x00, 0x00, 0x00, 0x00, 0x00, 0x00, 0x00, 0x00, 0x00, 0x00, 0x00, 0x00,
    0x00, 0x00, 0x00, 0x00, 0x00, 0x00, 0x00, 0x00, 0x00, 0x00, 0x00, 0x00, 0x00, 0x00, 0x00, 0x00,
    0x00, 0x00, 0x00, 0x00, 0x00, 0x00, 0x00, 0x00, 0x00, 0x00, 0x00, 0x00, 0x00, 0x00, 0x00, 0x00,
    0x00, 0x00, 0x00, 0x00, 0x00, 0x00, 0x00, 0x00, 0x00, 0x00, 0x00, 0x00, 0x00, 0x00, 0x00, 0x00,
    0x00, 0x00, 0x00, 0x00, 0x00, 0x00, 0x00, 0x00, 0x00, 0x00, 0x00, 0x00, 0x00, 0x00, 0x00, 0x00,
    0x00, 0x00, 0x00, 0x00, 0x00, 0x00, 0x00, 0x00, 0x00, 0x00, 0x00, 0x00, 0x00, 0x00, 0x00, 0x00,
    0x00, 0x00, 0x00, 0x00, 0x00, 0x00, 0x00, 0x00, 0x00, 0x00, 0x00, 0x00, 0x00, 0x00, 0x00, 0x00,
    0x00, 0x00, 0x00, 0x00, 0x00, 0x00, 0x00, 0x00, 0x00, 0x00, 0x00, 0x00, 0x00, 0x00, 0x00, 0x00,
    0x00, 0x00, 0x00, 0x00, 0x00, 0x00, 0x00, 0x00, 0x00, 0x00, 0x00, 0x00, 0x00, 0x00, 0x00, 0x00,
    0x00, 0x00, 0x00, 0x00, 0x00, 0x00, 0x00, 0x00, 0x00, 0x00, 0x00, 0x00, 0x00, 0x00, 0x00, 0x00,
    0x00, 0x25, 0x13, 0x06, 0x27, 0x02, 0x1f, 0x1b, 0x00, 0x50, 0x6c, 0x61, 0x79, 0x65, 0x72, 0x50,
    0x72, 0x6f, 0x66, 0x69, 0x6c, 0x65, 0x00, 0xf0, 0x47, 0x61, 0x6d, 0x65, 0x53, 0x74, 0x61, 0x74,
    0x65, 0x52, 0x41, 0x57, 0x5f, 0x50, 0x54, 0x52, 0x30, 0x12, 0x06, 0x2b, 0x01, 0x31, 0x1d, 0x00,
    0x45, 0x6e, 0x74, 0x69, 0x74, 0x79, 0x43, 0x6f, 0x6d, 0x70, 0x6f, 0x6e, 0x65, 0x6e, 0x74, 0x70,
    0x50, 0x68, 0x79, 0x73, 0x69, 0x63, 0x73, 0x4f, 0x62, 0x6a, 0x65, 0x63, 0x74, 0x53, 0x74, 0x61,
    0x74, 0x65, 0x45, 0x4d, 0x42, 0x45, 0x44, 0x44, 0x45, 0x44, 0x22, 0x11, 0x06, 0x1f, 0x01, 0x23,
    0x1b, 0x00, 0x43, 0x6f, 0x6d, 0x70, 0x6f, 0x6e, 0x65, 0x6e, 0x74, 0x28, 0x53, 0x63, 0x65, 0x6e,
    0x65, 0x4f, 0x62, 0x6a, 0x65, 0x63, 0x74, 0x52, 0x41, 0x57, 0x5f, 0x50, 0x54, 0x52, 0x2f, 0x10,
    0x06, 0x2d, 0x01, 0x23, 0x27, 0x00, 0x43, 0x61, 0x6d, 0x65, 0x72, 0x61, 0x43, 0x6f, 0x6e, 0x74,
    0x72, 0x6f, 0x6c, 0x6c, 0x65, 0x72, 0x68, 0x53, 0x63, 0x65, 0x6e, 0x65, 0x4f, 0x62, 0x6a, 0x65,
    0x63, 0x74, 0x49, 0x4e, 0x54, 0x52, 0x55, 0x53, 0x49, 0x56, 0x45, 0x5f, 0x50, 0x54, 0x52, 0x27,
    0x0f, 0x06, 0x2d, 0x01, 0x19, 0x21, 0x00, 0x43, 0x61, 0x6d, 0x65, 0x72, 0x61, 0x43, 0x6f, 0x6e,
    0x74, 0x72, 0x6f, 0x6c, 0x6c, 0x65, 0x72, 0x58, 0x43, 0x61, 0x6d, 0x65, 0x72, 0x61, 0x53, 0x48,
    0x41, 0x52, 0x45, 0x44, 0x5f, 0x50, 0x54, 0x52, 0x27, 0x0e, 0x06, 0x17, 0x02, 0x23, 0x13, 0x25,
    0x53, 0x63, 0x65, 0x6e, 0x65, 0x00, 0xb8, 0x53, 0x63, 0x65, 0x6e, 0x65, 0x4f, 0x62, 0x6a, 0x65,
    0x63, 0x74, 0x53, 0x45, 0x54, 0x53, 0x63, 0x65, 0x6e, 0x65, 0x4f, 0x62, 0x6a, 0x65, 0x63, 0x74,
    0x2a, 0x20, 0x0d, 0x06, 0x17, 0x01, 0x25, 0x1d, 0x00, 0x53, 0x63, 0x65, 0x6e, 0x65, 0x28, 0x50,
    0x72, 0x6f, 0x67, 0x72, 0x61, 0x6d, 0x53, 0x74, 0x61, 0x74, 0x65, 0x45, 0x4d, 0x42, 0x45, 0x44,
    0x44, 0x45, 0x44, 0x2c, 0x0c, 0x06, 0x23, 0x02, 0x1f, 0x19, 0x21, 0x53, 0x63, 0x65, 0x6e, 0x65,
    0x4f, 0x62, 0x6a, 0x65, 0x63, 0x74, 0x00, 0xd0, 0x43, 0x6f, 0x6d, 0x70, 0x6f, 0x6e, 0x65, 0x6e,
    0x74, 0x56, 0x45, 0x43, 0x54, 0x4f, 0x52, 0x43, 0x6f, 0x6d, 0x70, 0x6f, 0x6e, 0x65, 0x6e, 0x74,
    0x2a, 0x1e, 0x0b, 0x06, 0x23, 0x01, 0x17, 0x1b, 0x00, 0x53, 0x63, 0x65, 0x6e, 0x65, 0x4f, 0x62,
    0x6a, 0x65, 0x63, 0x74, 0x20, 0x53, 0x63, 0x65, 0x6e, 0x65, 0x52, 0x41, 0x57, 0x5f, 0x50, 0x54,
    0x52, 0x26, 0x0a, 0x06, 0x1f, 0x01, 0x29, 0x1d, 0x00, 0x47, 0x61, 0x6d, 0x65, 0x53, 0x74, 0x61,
    0x74, 0x65, 0x10, 0x43, 0x68, 0x61, 0x72, 0x61, 0x63, 0x74, 0x65, 0x72, 0x53, 0x74, 0x61, 0x74,
    0x65, 0x45, 0x4d, 0x42, 0x45, 0x44, 0x44, 0x45, 0x44, 0x2d, 0x09, 0x06, 0x33, 0x02, 0x23, 0x1b,
    0x00, 0x47, 0x61, 0x6d, 0x65, 0x53, 0x63, 0x65, 0x6e, 0x65, 0x43, 0x6f, 0x6e, 0x74, 0x72, 0x6f,
    0x6c, 0x6c, 0x65, 0x72, 0x01, 0x70, 0x53, 0x63, 0x65, 0x6e, 0x65, 0x4f, 0x62, 0x6a, 0x65, 0x63,
    0x74, 0x52, 0x41, 0x57, 0x5f, 0x50, 0x54, 0x52, 0x31, 0x08, 0x06, 0x33, 0x02, 0x2b, 0x1b, 0x00,
    0x47, 0x61, 0x6d, 0x65, 0x53, 0x63, 0x65, 0x6e, 0x65, 0x43, 0x6f, 0x6e, 0x74, 0x72, 0x6f, 0x6c,
    0x6c, 0x65, 0x72, 0x00, 0xf0, 0x48, 0x65, 0x61, 0x6c, 0x74, 0x68, 0x43, 0x6f, 0x6d, 0x70, 0x6f,
    0x6e, 0x65, 0x6e, 0x74, 0x52, 0x41, 0x57, 0x5f, 0x50, 0x54, 0x52, 0x31, 0x07, 0x06, 0x33, 0x02,
    0x2b, 0x1b, 0x00, 0x47, 0x61, 0x6d, 0x65, 0x53, 0x63, 0x65, 0x6e, 0x65, 0x43, 0x6f, 0x6e, 0x74,
    0x72, 0x6f, 0x6c, 0x6c, 0x65, 0x72, 0x00, 0xe8, 0x45, 0x6e, 0x74, 0x69, 0x74, 0x79, 0x43, 0x6f,
    0x6d, 0x70, 0x6f, 0x6e, 0x65, 0x6e, 0x74, 0x52, 0x41, 0x57, 0x5f, 0x50, 0x54, 0x52, 0x39, 0x06,
    0x06, 0x33, 0x02, 0x3b, 0x1b, 0x00, 0x47, 0x61, 0x6d, 0x65, 0x53, 0x63, 0x65, 0x6e, 0x65, 0x43,
    0x6f, 0x6e, 0x74, 0x72, 0x6f, 0x6c, 0x6c, 0x65, 0x72, 0x00, 0xe0, 0x43, 0x68, 0x61, 0x72, 0x43,
    0x6f, 0x6e, 0x74, 0x72, 0x6f, 0x6c, 0x6c, 0x65, 0x72, 0x43, 0x6f, 0x6d, 0x70, 0x6f, 0x6e, 0x65,
    0x6e, 0x74, 0x52, 0x41, 0x57, 0x5f, 0x50, 0x54, 0x52, 0x33, 0x05, 0x06, 0x33, 0x02, 0x23, 0x27,
    0x00, 0x47, 0x61, 0x6d, 0x65, 0x53, 0x63, 0x65, 0x6e, 0x65, 0x43, 0x6f, 0x6e, 0x74, 0x72, 0x6f,
    0x6c, 0x6c, 0x65, 0x72, 0x00, 0xd8, 0x53, 0x63, 0x65, 0x6e, 0x65, 0x4f, 0x62, 0x6a, 0x65, 0x63,
    0x74, 0x49, 0x4e, 0x54, 0x52, 0x55, 0x53, 0x49, 0x56, 0x45, 0x5f, 0x50, 0x54, 0x52, 0x28, 0x04,
    0x06, 0x33, 0x02, 0x19, 0x1b, 0x00, 0x47, 0x61, 0x6d, 0x65, 0x53, 0x63, 0x65, 0x6e, 0x65, 0x43,
    0x6f, 0x6e, 0x74, 0x72, 0x6f, 0x6c, 0x6c, 0x65, 0x72, 0x00, 0x90, 0x43, 0x61, 0x6d, 0x65, 0x72,
    0x61, 0x52, 0x41, 0x57, 0x5f, 0x50, 0x54, 0x52, 0x32, 0x03, 0x06, 0x33, 0x01, 0x2d, 0x1d, 0x00,
    0x47, 0x61, 0x6d, 0x65, 0x53, 0x63, 0x65, 0x6e, 0x65, 0x43, 0x6f, 0x6e, 0x74, 0x72, 0x6f, 0x6c,
    0x6c, 0x65, 0x72, 0x38, 0x43, 0x61, 0x6d, 0x65, 0x72, 0x61, 0x43, 0x6f, 0x6e, 0x74, 0x72, 0x6f,
    0x6c, 0x6c, 0x65, 0x72, 0x45, 0x4d, 0x42, 0x45, 0x44, 0x44, 0x45, 0x44, 0x26, 0x02, 0x06, 0x33,
    0x01, 0x17, 0x1b, 0x00, 0x47, 0x61, 0x6d, 0x65, 0x53, 0x63, 0x65, 0x6e, 0x65, 0x43, 0x6f, 0x6e,
    0x74, 0x72, 0x6f, 0x6c, 0x6c, 0x65, 0x72, 0x20, 0x53, 0x63, 0x65, 0x6e, 0x65, 0x52, 0x41, 0x57,
    0x5f, 0x50, 0x54, 0x52, 0x2a, 0x01, 0x06, 0x33, 0x01, 0x1f, 0x1b, 0x00, 0x47, 0x61, 0x6d, 0x65,
    0x53, 0x63, 0x65, 0x6e, 0x65, 0x43, 0x6f, 0x6e, 0x74, 0x72, 0x6f, 0x6c, 0x6c, 0x65, 0x72, 0x08,
    0x47, 0x61, 0x6d, 0x65, 0x53, 0x74, 0x61, 0x74, 0x65, 0x52, 0x41, 0x57, 0x5f, 0x50, 0x54, 0x52,
    0x0a, 0x00, 0x00, 0x00, 0x13, 0x0e, 0x5a, 0x00, 0x0e, 0xac, 0x0e, 0x95, 0x0e, 0x85, 0x0e, 0x6f,
    0x0f, 0xe7, 0x0f, 0xcd, 0x0f, 0xb3, 0x0f, 0x98, 0x0f, 0x7d, 0x0f, 0x62, 0x0f, 0x47, 0x0f, 0x2c,
    0x0f, 0x11, 0x0f, 0x01, 0x0e, 0x5a, 0x0e, 0xd0, 0x0e, 0xc3, 0x0e, 0xef, 0x0e, 0xdc, 0x00, 0x00,
    0x00, 0x00, 0x00, 0x00, 0x00, 0x00, 0x00, 0x00, 0x00, 0x00, 0x00, 0x00, 0x00, 0x00, 0x00, 0x00,
    0x00, 0x00, 0x00, 0x00, 0x00, 0x00, 0x00, 0x00, 0x00, 0x00, 0x00, 0x00, 0x00, 0x00, 0x00, 0x00,
    0x00, 0x00, 0x00, 0x00, 0x00, 0x00, 0x00, 0x00, 0x00, 0x00, 0x00, 0x00, 0x00, 0x00, 0x00, 0x00,
    0x00, 0x00, 0x00, 0x00, 0x00, 0x00, 0x00, 0x00, 0x00, 0x00, 0x00, 0x00, 0x00, 0x00, 0x00, 0x00,
    0x00, 0x00, 0x00, 0x00, 0x00, 0x00, 0x00, 0x00, 0x00, 0x00, 0x00, 0x00, 0x00, 0x00, 0x00, 0x00,
    0x00, 0x00, 0x00, 0x00, 0x00, 0x00, 0x00, 0x00, 0x00, 0x00, 0x00, 0x00, 0x00, 0x00, 0x00, 0x00,
    0x00, 0x00, 0x00, 0x00, 0x00, 0x00, 0x00, 0x00, 0x00, 0x00, 0x00, 0x00, 0x00, 0x00, 0x00, 0x00,
    0x00, 0x00, 0x00, 0x00, 0x00, 0x00, 0x00, 0x00, 0x00, 0x00, 0x00, 0x00, 0x00, 0x00, 0x00, 0x00,
    0x00, 0x00, 0x00, 0x00, 0x00, 0x00, 0x00, 0x00, 0x00, 0x00, 0x00, 0x00, 0x00, 0x00, 0x00, 0x00,
    0x00, 0x00, 0x00, 0x00, 0x00, 0x00, 0x00, 0x00, 0x00, 0x00, 0x00, 0x00, 0x00, 0x00, 0x00, 0x00,
    0x00, 0x00, 0x00, 0x00, 0x00, 0x00, 0x00, 0x00, 0x00, 0x00, 0x00, 0x00, 0x00, 0x00, 0x00, 0x00,
    0x00, 0x00, 0x00, 0x00, 0x00, 0x00, 0x00, 0x00, 0x00, 0x00, 0x00, 0x00, 0x00, 0x00, 0x00, 0x00,
    0x00, 0x00, 0x00, 0x00, 0x00, 0x00, 0x00, 0x00, 0x00, 0x00, 0x00, 0x00, 0x00, 0x00, 0x00, 0x00,
    0x00, 0x00, 0x00, 0x00, 0x00, 0x00, 0x00, 0x00, 0x00, 0x00, 0x00, 0x00, 0x00, 0x00, 0x00, 0x00,
    0x00, 0x00, 0x00, 0x00, 0x00, 0x00, 0x00, 0x00, 0x00, 0x00, 0x00, 0x00, 0x00, 0x00, 0x00, 0x00,
    0x00, 0x00, 0x00, 0x00, 0x00, 0x00, 0x00, 0x00, 0x00, 0x00, 0x00, 0x00, 0x00, 0x00, 0x00, 0x00,
    0x00, 0x00, 0x00, 0x00, 0x00, 0x00, 0x00, 0x00, 0x00, 0x00, 0x00, 0x00, 0x00, 0x00, 0x00, 0x00,
    0x00, 0x00, 0x00, 0x00, 0x00, 0x00, 0x00, 0x00, 0x00, 0x00, 0x00, 0x00, 0x00, 0x00, 0x00, 0x00,
    0x00, 0x00, 0x00, 0x00, 0x00, 0x00, 0x00, 0x00, 0x00, 0x00, 0x00, 0x00, 0x00, 0x00, 0x00, 0x00,
    0x00, 0x00, 0x00, 0x00, 0x00, 0x00, 0x00, 0x00, 0x00, 0x00, 0x00, 0x00, 0x00, 0x00, 0x00, 0x00,
    0x00, 0x00, 0x00, 0x00, 0x00, 0x00, 0x00, 0x00, 0x00, 0x00, 0x00, 0x00, 0x00, 0x00, 0x00, 0x00,
    0x00, 0x00, 0x00, 0x00, 0x00, 0x00, 0x00, 0x00, 0x00, 0x00, 0x00, 0x00, 0x00, 0x00, 0x00, 0x00,
    0x00, 0x00, 0x00, 0x00, 0x00, 0x00, 0x00, 0x00, 0x00, 0x00, 0x00, 0x00, 0x00, 0x00, 0x00, 0x00,
    0x00, 0x00, 0x00, 0x00, 0x00, 0x00, 0x00, 0x00, 0x00, 0x00, 0x00, 0x00, 0x00, 0x00, 0x00, 0x00,
    0x00, 0x00, 0x00, 0x00, 0x00, 0x00, 0x00, 0x00, 0x00, 0x00, 0x00, 0x00, 0x00, 0x00, 0x00, 0x00,
    0x00, 0x00, 0x00, 0x00, 0x00, 0x00, 0x00, 0x00, 0x00, 0x00, 0x00, 0x00, 0x00, 0x00, 0x00, 0x00,
    0x00, 0x00, 0x00, 0x00, 0x00, 0x00, 0x00, 0x00, 0x00, 0x00, 0x00, 0x00, 0x00, 0x00, 0x00, 0x00,
    0x00, 0x00, 0x00, 0x00, 0x00, 0x00, 0x00, 0x00, 0x00, 0x00, 0x00, 0x00, 0x00, 0x00, 0x00, 0x00,
    0x00, 0x00, 0x00, 0x00, 0x00, 0x00, 0x00, 0x00, 0x00, 0x00, 0x00, 0x00, 0x00, 0x00, 0x00, 0x00,
    0x00, 0x00, 0x00, 0x00, 0x00, 0x00, 0x00, 0x00, 0x00, 0x00, 0x00, 0x00, 0x00, 0x00, 0x00, 0x00,
    0x00, 0x00, 0x00, 0x00, 0x00, 0x00, 0x00, 0x00, 0x00, 0x00, 0x00, 0x00, 0x00, 0x00, 0x00, 0x00,
    0x00, 0x00, 0x00, 0x00, 0x00, 0x00, 0x00, 0x00, 0x00, 0x00, 0x00, 0x00, 0x00, 0x00, 0x00, 0x00,
    0x00, 0x00, 0x00, 0x00, 0x00, 0x00, 0x00, 0x00, 0x00, 0x00, 0x00, 0x00, 0x00, 0x00, 0x00, 0x00,
    0x00, 0x00, 0x00, 0x00, 0x00, 0x00, 0x00, 0x00, 0x00, 0x00, 0x00, 0x00, 0x00, 0x00, 0x00, 0x00,
    0x00, 0x00, 0x00, 0x00, 0x00, 0x00, 0x00, 0x00, 0x00, 0x00, 0x00, 0x00, 0x00, 0x00, 0x00, 0x00,
    0x00, 0x00, 0x00, 0x00, 0x00, 0x00, 0x00, 0x00, 0x00, 0x00, 0x00, 0x00, 0x00, 0x00, 0x00, 0x00,
    0x00, 0x00, 0x00, 0x00, 0x00, 0x00, 0x00, 0x00, 0x00, 0x00, 0x00, 0x00, 0x00, 0x00, 0x00, 0x00,
    0x00, 0x00, 0x00, 0x00, 0x00, 0x00, 0x00, 0x00, 0x00, 0x00, 0x00, 0x00, 0x00, 0x00, 0x00, 0x00,
    0x00, 0x00, 0x00, 0x00, 0x00, 0x00, 0x00, 0x00, 0x00, 0x00, 0x00, 0x00, 0x00, 0x00, 0x00, 0x00,
    0x00, 0x00, 0x00, 0x00, 0x00, 0x00, 0x00, 0x00, 0x00, 0x00, 0x00, 0x00, 0x00, 0x00, 0x00, 0x00,
    0x00, 0x00, 0x00, 0x00, 0x00, 0x00, 0x00, 0x00, 0x00, 0x00, 0x00, 0x00, 0x00, 0x00, 0x00, 0x00,
    0x00, 0x00, 0x00, 0x00, 0x00, 0x00, 0x00, 0x00, 0x00, 0x00, 0x00, 0x00, 0x00, 0x00, 0x00, 0x00,
    0x00, 0x00, 0x00, 0x00, 0x00, 0x00, 0x00, 0x00, 0x00, 0x00, 0x00, 0x00, 0x00, 0x00, 0x00, 0x00,
    0x00, 0x00, 0x00, 0x00, 0x00, 0x00, 0x00, 0x00, 0x00, 0x00, 0x00, 0x00, 0x00, 0x00, 0x00, 0x00,
    0x00, 0x00, 0x00, 0x00, 0x00, 0x00, 0x00, 0x00, 0x00, 0x00, 0x00, 0x00, 0x00, 0x00, 0x00, 0x00,
    0x00, 0x00, 0x00, 0x00, 0x00, 0x00, 0x00, 0x00, 0x00, 0x00, 0x00, 0x00, 0x00, 0x00, 0x00, 0x00,
    0x00, 0x00, 0x00, 0x00, 0x00, 0x00, 0x00, 0x00, 0x00, 0x00, 0x00, 0x00, 0x00, 0x00, 0x00, 0x00,
    0x00, 0x00, 0x00, 0x00, 0x00, 0x00, 0x00, 0x00, 0x00, 0x00, 0x00, 0x00, 0x00, 0x00, 0x00, 0x00,
    0x00, 0x00, 0x00, 0x00, 0x00, 0x00, 0x00, 0x00, 0x00, 0x00, 0x00, 0x00, 0x00, 0x00, 0x00, 0x00,
    0x00, 0x00, 0x00, 0x00, 0x00, 0x00, 0x00, 0x00, 0x00, 0x00, 0x00, 0x00, 0x00, 0x00, 0x00, 0x00,
    0x00, 0x00, 0x00, 0x00, 0x00, 0x00, 0x00, 0x00, 0x00, 0x00, 0x00, 0x00, 0x00, 0x00, 0x00, 0x00,
    0x00, 0x00, 0x00, 0x00, 0x00, 0x00, 0x00, 0x00, 0x00, 0x00, 0x00, 0x00, 0x00, 0x00, 0x00, 0x00,
    0x00, 0x00, 0x00, 0x00, 0x00, 0x00, 0x00, 0x00, 0x00, 0x00, 0x00, 0x00, 0x00, 0x00, 0x00, 0x00,
    0x00, 0x00, 0x00, 0x00, 0x00, 0x00, 0x00, 0x00, 0x00, 0x00, 0x00, 0x00, 0x00, 0x00, 0x00, 0x00,
    0x00, 0x00, 0x00, 0x00, 0x00, 0x00, 0x00, 0x00, 0x00, 0x00, 0x00, 0x00, 0x00, 0x00, 0x00, 0x00,
    0x00, 0x00, 0x00, 0x00, 0x00, 0x00, 0x00, 0x00, 0x00, 0x00, 0x00, 0x00, 0x00, 0x00, 0x00, 0x00,
    0x00, 0x00, 0x00, 0x00, 0x00, 0x00, 0x00, 0x00, 0x00, 0x00, 0x00, 0x00, 0x00, 0x00, 0x00, 0x00,
    0x00, 0x00, 0x00, 0x00, 0x00, 0x00, 0x00, 0x00, 0x00, 0x00, 0x00, 0x00, 0x00, 0x00, 0x00, 0x00,
    0x00, 0x00, 0x00, 0x00, 0x00, 0x00, 0x00, 0x00, 0x00, 0x00, 0x00, 0x00, 0x00, 0x00, 0x00, 0x00,
    0x00, 0x00, 0x00, 0x00, 0x00, 0x00, 0x00, 0x00, 0x00, 0x00, 0x00, 0x00, 0x00, 0x00, 0x00, 0x00,
    0x00, 0x00, 0x00, 0x00, 0x00, 0x00, 0x00, 0x00, 0x00, 0x00, 0x00, 0x00, 0x00, 0x00, 0x00, 0x00,
    0x00, 0x00, 0x00, 0x00, 0x00, 0x00, 0x00, 0x00, 0x00, 0x00, 0x00, 0x00, 0x00, 0x00, 0x00, 0x00,
    0x00, 0x00, 0x00, 0x00, 0x00, 0x00, 0x00, 0x00, 0x00, 0x00, 0x00, 0x00, 0x00, 0x00, 0x00, 0x00,
    0x00, 0x00, 0x00, 0x00, 0x00, 0x00, 0x00, 0x00, 0x00, 0x00, 0x00, 0x00, 0x00, 0x00, 0x00, 0x00,
    0x00, 0x00, 0x00, 0x00, 0x00, 0x00, 0x00, 0x00, 0x00, 0x00, 0x00, 0x00, 0x00, 0x00, 0x00, 0x00,
    0x00, 0x00, 0x00, 0x00, 0x00, 0x00, 0x00, 0x00, 0x00, 0x00, 0x00, 0x00, 0x00, 0x00, 0x00, 0x00,
    0x00, 0x00, 0x00, 0x00, 0x00, 0x00, 0x00, 0x00, 0x00, 0x00, 0x00, 0x00, 0x00, 0x00, 0x00, 0x00,
    0x00, 0x00, 0x00, 0x00, 0x00, 0x00, 0x00, 0x00, 0x00, 0x00, 0x00, 0x00, 0x00, 0x00, 0x00, 0x00,
    0x00, 0x00, 0x00, 0x00, 0x00, 0x00, 0x00, 0x00, 0x00, 0x00, 0x00, 0x00, 0x00, 0x00, 0x00, 0x00,
    0x00, 0x00, 0x00, 0x00, 0x00, 0x00, 0x00, 0x00, 0x00, 0x00, 0x00, 0x00, 0x00, 0x00, 0x00, 0x00,
    0x00, 0x00, 0x00, 0x00, 0x00, 0x00, 0x00, 0x00, 0x00, 0x00, 0x00, 0x00, 0x00, 0x00, 0x00, 0x00,
    0x00, 0x00, 0x00, 0x00, 0x00, 0x00, 0x00, 0x00, 0x00, 0x00, 0x00, 0x00, 0x00, 0x00, 0x00, 0x00,
    0x00, 0x00, 0x00, 0x00, 0x00, 0x00, 0x00, 0x00, 0x00, 0x00, 0x00, 0x00, 0x00, 0x00, 0x00, 0x00,
    0x00, 0x00, 0x00, 0x00, 0x00, 0x00, 0x00, 0x00, 0x00, 0x00, 0x00, 0x00, 0x00, 0x00, 0x00, 0x00,
    0x00, 0x00, 0x00, 0x00, 0x00, 0x00, 0x00, 0x00, 0x00, 0x00, 0x00, 0x00, 0x00, 0x00, 0x00, 0x00,
    0x00, 0x00, 0x00, 0x00, 0x00, 0x00, 0x00, 0x00, 0x00, 0x00, 0x00, 0x00, 0x00, 0x00, 0x00, 0x00,
    0x00, 0x00, 0x00, 0x00, 0x00, 0x00, 0x00, 0x00, 0x00, 0x00, 0x00, 0x00, 0x00, 0x00, 0x00, 0x00,
    0x00, 0x00, 0x00, 0x00, 0x00, 0x00, 0x00, 0x00, 0x00, 0x00, 0x00, 0x00, 0x00, 0x00, 0x00, 0x00,
    0x00, 0x00, 0x00, 0x00, 0x00, 0x00, 0x00, 0x00, 0x00, 0x00, 0x00, 0x00, 0x00, 0x00, 0x00, 0x00,
    0x00, 0x00, 0x00, 0x00, 0x00, 0x00, 0x00, 0x00, 0x00, 0x00, 0x00, 0x00, 0x00, 0x00, 0x00, 0x00,
    0x00, 0x00, 0x00, 0x00, 0x00, 0x00, 0x00, 0x00, 0x00, 0x00, 0x00, 0x00, 0x00, 0x00, 0x00, 0x00,
    0x00, 0x00, 0x00, 0x00, 0x00, 0x00, 0x00, 0x00, 0x00, 0x00, 0x00, 0x00, 0x00, 0x00, 0x00, 0x00,
    0x00, 0x00, 0x00, 0x00, 0x00, 0x00, 0x00, 0x00, 0x00, 0x00, 0x00, 0x00, 0x00, 0x00, 0x00, 0x00,
    0x00, 0x00, 0x00, 0x00, 0x00, 0x00, 0x00, 0x00, 0x00, 0x00, 0x00, 0x00, 0x00, 0x00, 0x00, 0x00,
    0x00, 0x00, 0x00, 0x00, 0x00, 0x00, 0x00, 0x00, 0x00, 0x00, 0x00, 0x00, 0x00, 0x00, 0x00, 0x00,
    0x00, 0x00, 0x00, 0x00, 0x00, 0x00, 0x00, 0x00, 0x00, 0x00, 0x00, 0x00, 0x00, 0x00, 0x00, 0x00,
    0x00, 0x00, 0x00, 0x00, 0x00, 0x00, 0x00, 0x00, 0x00, 0x00, 0x00, 0x00, 0x00, 0x00, 0x00, 0x00,
    0x00, 0x00, 0x00, 0x00, 0x00, 0x00, 0x00, 0x00, 0x00, 0x00, 0x00, 0x00, 0x00, 0x00, 0x00, 0x00,
    0x00, 0x00, 0x00, 0x00, 0x00, 0x00, 0x00, 0x00, 0x00, 0x00, 0x00, 0x00, 0x00, 0x00, 0x00, 0x00,
    0x00, 0x00, 0x00, 0x00, 0x00, 0x00, 0x00, 0x00, 0x00, 0x00, 0x00, 0x00, 0x00, 0x00, 0x00, 0x00,
    0x00, 0x00, 0x00, 0x00, 0x00, 0x00, 0x00, 0x00, 0x00, 0x00, 0x00, 0x00, 0x00, 0x00, 0x00, 0x00,
    0x00, 0x00, 0x00, 0x00, 0x00, 0x00, 0x00, 0x00, 0x00, 0x00, 0x00, 0x00, 0x00, 0x00, 0x00, 0x00,
    0x00, 0x00, 0x00, 0x00, 0x00, 0x00, 0x00, 0x00, 0x00, 0x00, 0x00, 0x00, 0x00, 0x00, 0x00, 0x00,
    0x00, 0x00, 0x00, 0x00, 0x00, 0x00, 0x00, 0x00, 0x00, 0x00, 0x00, 0x00, 0x00, 0x00, 0x00, 0x00,
    0x00, 0x00, 0x00, 0x00, 0x00, 0x00, 0x00, 0x00, 0x00, 0x00, 0x00, 0x00, 0x00, 0x00, 0x00, 0x00,
    0x00, 0x00, 0x00, 0x00, 0x00, 0x00, 0x00, 0x00, 0x00, 0x00, 0x00, 0x00, 0x00, 0x00, 0x00, 0x00,
    0x00, 0x00, 0x00, 0x00, 0x00, 0x00, 0x00, 0x00, 0x00, 0x00, 0x00, 0x00, 0x00, 0x00, 0x00, 0x00,
    0x00, 0x00, 0x00, 0x00, 0x00, 0x00, 0x00, 0x00, 0x00, 0x00, 0x00, 0x00, 0x00, 0x00, 0x00, 0x00,
    0x00, 0x00, 0x00, 0x00, 0x00, 0x00, 0x00, 0x00, 0x00, 0x00, 0x00, 0x00, 0x00, 0x00, 0x00, 0x00,
    0x00, 0x00, 0x00, 0x00, 0x00, 0x00, 0x00, 0x00, 0x00, 0x00, 0x00, 0x00, 0x00, 0x00, 0x00, 0x00,
    0x00, 0x00, 0x00, 0x00, 0x00, 0x00, 0x00, 0x00, 0x00, 0x00, 0x00, 0x00, 0x00, 0x00, 0x00, 0x00,
    0x00, 0x00, 0x00, 0x00, 0x00, 0x00, 0x00, 0x00, 0x00, 0x00, 0x00, 0x00, 0x00, 0x00, 0x00, 0x00,
    0x00, 0x00, 0x00, 0x00, 0x00, 0x00, 0x00, 0x00, 0x00, 0x00, 0x00, 0x00, 0x00, 0x00, 0x00, 0x00,
    0x00, 0x00, 0x00, 0x00, 0x00, 0x00, 0x00, 0x00, 0x00, 0x00, 0x00, 0x00, 0x00, 0x00, 0x00, 0x00,
    0x00, 0x00, 0x00, 0x00, 0x00, 0x00, 0x00, 0x00, 0x00, 0x00, 0x00, 0x00, 0x00, 0x00, 0x00, 0x00,
    0x00, 0x00, 0x00, 0x00, 0x00, 0x00, 0x00, 0x00, 0x00, 0x00, 0x00, 0x00, 0x00, 0x00, 0x00, 0x00,
    0x00, 0x00, 0x00, 0x00, 0x00, 0x00, 0x00, 0x00, 0x00, 0x00, 0x00, 0x00, 0x00, 0x00, 0x00, 0x00,
    0x00, 0x00, 0x00, 0x00, 0x00, 0x00, 0x00, 0x00, 0x00, 0x00, 0x00, 0x00, 0x00, 0x00, 0x00, 0x00,
    0x00, 0x00, 0x00, 0x00, 0x00, 0x00, 0x00, 0x00, 0x00, 0x00, 0x00, 0x00, 0x00, 0x00, 0x00, 0x00,
    0x00, 0x00, 0x00, 0x00, 0x00, 0x00, 0x00, 0x00, 0x00, 0x00, 0x00, 0x00, 0x00, 0x00, 0x00, 0x00,
    0x00, 0x00, 0x00, 0x00, 0x00, 0x00, 0x00, 0x00, 0x00, 0x00, 0x00, 0x00, 0x00, 0x00, 0x00, 0x00,
    0x00, 0x00, 0x00, 0x00, 0x00, 0x00, 0x00, 0x00, 0x00, 0x00, 0x00, 0x00, 0x00, 0x00, 0x00, 0x00,
    0x00, 0x00, 0x00, 0x00, 0x00, 0x00, 0x00, 0x00, 0x00, 0x00, 0x00, 0x00, 0x00, 0x00, 0x00, 0x00,
    0x00, 0x00, 0x00, 0x00, 0x00, 0x00, 0x00, 0x00, 0x00, 0x00, 0x00, 0x00, 0x00, 0x00, 0x00, 0x00,
    0x00, 0x00, 0x00, 0x00, 0x00, 0x00, 0x00, 0x00, 0x00, 0x00, 0x00, 0x00, 0x00, 0x00, 0x00, 0x00,
    0x00, 0x00, 0x00, 0x00, 0x00, 0x00, 0x00, 0x00, 0x00, 0x00, 0x00, 0x00, 0x00, 0x00, 0x00, 0x00,
    0x00, 0x00, 0x00, 0x00, 0x00, 0x00, 0x00, 0x00, 0x00, 0x00, 0x00, 0x00, 0x00, 0x00, 0x00, 0x00,
    0x00, 0x00, 0x00, 0x00, 0x00, 0x00, 0x00, 0x00, 0x00, 0x00, 0x00, 0x00, 0x00, 0x00, 0x00, 0x00,
    0x00, 0x00, 0x00, 0x00, 0x00, 0x00, 0x00, 0x00, 0x00, 0x00, 0x00, 0x00, 0x00, 0x00, 0x00, 0x00,
    0x00, 0x00, 0x00, 0x00, 0x00, 0x00, 0x00, 0x00, 0x00, 0x00, 0x00, 0x00, 0x00, 0x00, 0x00, 0x00,
    0x00, 0x00, 0x00, 0x00, 0x00, 0x00, 0x00, 0x00, 0x00, 0x00, 0x00, 0x00, 0x00, 0x00, 0x00, 0x00,
    0x00, 0x00, 0x00, 0x00, 0x00, 0x00, 0x00, 0x00, 0x00, 0x00, 0x00, 0x00, 0x00, 0x00, 0x00, 0x00,
    0x00, 0x00, 0x00, 0x00, 0x00, 0x00, 0x00, 0x00, 0x00, 0x00, 0x00, 0x00, 0x00, 0x00, 0x00, 0x00,
    0x00, 0x00, 0x00, 0x00, 0x00, 0x00, 0x00, 0x00, 0x00, 0x00, 0x00, 0x00, 0x00, 0x00, 0x00, 0x00,
    0x00, 0x00, 0x00, 0x00, 0x00, 0x00, 0x00, 0x00, 0x00, 0x00, 0x00, 0x00, 0x00, 0x00, 0x00, 0x00,
    0x00, 0x00, 0x00, 0x00, 0x00, 0x00, 0x00, 0x00, 0x00, 0x00, 0x00, 0x00, 0x00, 0x00, 0x00, 0x00,
    0x00, 0x00, 0x00, 0x00, 0x00, 0x00, 0x00, 0x00, 0x00, 0x00, 0x00, 0x00, 0x00, 0x00, 0x00, 0x00,
    0x00, 0x00, 0x00, 0x00, 0x00, 0x00, 0x00, 0x00, 0x00, 0x00, 0x00, 0x00, 0x00, 0x00, 0x00, 0x00,
    0x00, 0x00, 0x00, 0x00, 0x00, 0x00, 0x00, 0x00, 0x00, 0x00, 0x00, 0x00, 0x00, 0x00, 0x00, 0x00,
    0x00, 0x00, 0x00, 0x00, 0x00, 0x00, 0x00, 0x00, 0x00, 0x00, 0x00, 0x00, 0x00, 0x00, 0x00, 0x00,
    0x00, 0x00, 0x00, 0x00, 0x00, 0x00, 0x00, 0x00, 0x00, 0x00, 0x00, 0x00, 0x00, 0x00, 0x00, 0x00,
    0x00, 0x00, 0x00, 0x00, 0x00, 0x00, 0x00, 0x00, 0x00, 0x00, 0x00, 0x00, 0x00, 0x00, 0x00, 0x00,
    0x00, 0x00, 0x00, 0x00, 0x00, 0x00, 0x00, 0x00, 0x00, 0x00, 0x00, 0x00, 0x00, 0x00, 0x00, 0x00,
    0x00, 0x00, 0x00, 0x00, 0x00, 0x00, 0x00, 0x00, 0x00, 0x00, 0x00, 0x00, 0x00, 0x00, 0x00, 0x00,
    0x00, 0x00, 0x00, 0x00, 0x00, 0x00, 0x00, 0x00, 0x00, 0x00, 0x00, 0x00, 0x00, 0x00, 0x00, 0x00,
    0x00, 0x00, 0x00, 0x00, 0x00, 0x00, 0x00, 0x00, 0x00, 0x00, 0x00, 0x00, 0x00, 0x00, 0x00, 0x00,
    0x00, 0x00, 0x00, 0x00, 0x00, 0x00, 0x00, 0x00, 0x00, 0x00, 0x00, 0x00, 0x00, 0x00, 0x00, 0x00,
    0x00, 0x00, 0x00, 0x00, 0x00, 0x00, 0x00, 0x00, 0x00, 0x00, 0x00, 0x00, 0x00, 0x00, 0x00, 0x00,
    0x00, 0x00, 0x00, 0x00, 0x00, 0x00, 0x00, 0x00, 0x00, 0x00, 0x00, 0x00, 0x00, 0x00, 0x00, 0x00,
    0x00, 0x00, 0x00, 0x00, 0x00, 0x00, 0x00, 0x00, 0x00, 0x00, 0x00, 0x00, 0x00, 0x00, 0x00, 0x00,
    0x00, 0x00, 0x00, 0x00, 0x00, 0x00, 0x00, 0x00, 0x00, 0x00, 0x00, 0x00, 0x00, 0x00, 0x00, 0x00,
    0x00, 0x00, 0x00, 0x00, 0x00, 0x00, 0x00, 0x00, 0x00, 0x00, 0x00, 0x00, 0x00, 0x00, 0x00, 0x00,
    0x00, 0x00, 0x00, 0x00, 0x00, 0x00, 0x00, 0x00, 0x00, 0x00, 0x00, 0x00, 0x00, 0x00, 0x00, 0x00,
    0x00, 0x00, 0x00, 0x00, 0x00, 0x00, 0x00, 0x00, 0x00, 0x00, 0x00, 0x00, 0x00, 0x00, 0x00, 0x00,
    0x00, 0x00, 0x00, 0x00, 0x00, 0x00, 0x00, 0x00, 0x00, 0x00, 0x00, 0x00, 0x00, 0x00, 0x00, 0x00,
    0x00, 0x00, 0x00, 0x00, 0x00, 0x00, 0x00, 0x00, 0x00, 0x00, 0x00, 0x00, 0x00, 0x00, 0x00, 0x00,
    0x00, 0x00, 0x00, 0x00, 0x00, 0x00, 0x00, 0x00, 0x00, 0x00, 0x00, 0x00, 0x00, 0x00, 0x00, 0x00,
    0x00, 0x00, 0x00, 0x00, 0x00, 0x00, 0x00, 0x00, 0x00, 0x00, 0x00, 0x00, 0x00, 0x00, 0x00, 0x00,
    0x00, 0x00, 0x00, 0x00, 0x00, 0x00, 0x00, 0x00, 0x00, 0x00, 0x00, 0x00, 0x00, 0x00, 0x00, 0x00,
    0x00, 0x00, 0x00, 0x00, 0x00, 0x00, 0x00, 0x00, 0x00, 0x00, 0x00, 0x00, 0x00, 0x00, 0x00, 0x00,
    0x00, 0x00, 0x00, 0x00, 0x00, 0x00, 0x00, 0x00, 0x00, 0x00, 0x00, 0x00, 0x00, 0x00, 0x00, 0x00,
    0x00, 0x00, 0x00, 0x00, 0x00, 0x00, 0x00, 0x00, 0x00, 0x00, 0x00, 0x00, 0x00, 0x00, 0x00, 0x00,
    0x00, 0x00, 0x00, 0x00, 0x00, 0x00, 0x00, 0x00, 0x00, 0x00, 0x00, 0x00, 0x00, 0x00, 0x00, 0x00,
    0x00, 0x00, 0x00, 0x00, 0x00, 0x00, 0x00, 0x00, 0x00, 0x00, 0x00, 0x00, 0x00, 0x00, 0x00, 0x00,
    0x00, 0x00, 0x00, 0x00, 0x00, 0x00, 0x00, 0x00, 0x00, 0x00, 0x00, 0x00, 0x00, 0x00, 0x00, 0x00,
    0x00, 0x00, 0x00, 0x00, 0x00, 0x00, 0x00, 0x00, 0x00, 0x00, 0x00, 0x00, 0x00, 0x00, 0x00, 0x00,
    0x00, 0x00, 0x00, 0x00, 0x00, 0x00, 0x00, 0x00, 0x00, 0x00, 0x00, 0x00, 0x00, 0x00, 0x00, 0x00,
    0x00, 0x00, 0x00, 0x00, 0x00, 0x00, 0x00, 0x00, 0x00, 0x00, 0x00, 0x00, 0x00, 0x00, 0x00, 0x00,
    0x00, 0x00, 0x00, 0x00, 0x00, 0x00, 0x00, 0x00, 0x00, 0x00, 0x00, 0x00, 0x00, 0x00, 0x00, 0x00,
    0x00, 0x00, 0x00, 0x00, 0x00, 0x00, 0x00, 0x00, 0x00, 0x00, 0x00, 0x00, 0x00, 0x00, 0x00, 0x00,
    0x00, 0x00, 0x00, 0x00, 0x00, 0x00, 0x00, 0x00, 0x00, 0x00, 0x00, 0x00, 0x00, 0x00, 0x00, 0x00,
    0x00, 0x00, 0x00, 0x00, 0x00, 0x00, 0x00, 0x00, 0x00, 0x00, 0x00, 0x00, 0x00, 0x00, 0x00, 0x00,
    0x00, 0x00, 0x00, 0x00, 0x00, 0x00, 0x00, 0x00, 0x00, 0x00, 0x00, 0x00, 0x00, 0x00, 0x00, 0x00,
    0x00, 0x00, 0x00, 0x00, 0x00, 0x00, 0x00, 0x00, 0x00, 0x00, 0x00, 0x00, 0x00, 0x00, 0x00, 0x00,
    0x00, 0x00, 0x00, 0x00, 0x00, 0x00, 0x00, 0x00, 0x00, 0x00, 0x00, 0x00, 0x00, 0x00, 0x00, 0x00,
    0x00, 0x00, 0x00, 0x00, 0x00, 0x00, 0x00, 0x00, 0x00, 0x00, 0x00, 0x00, 0x00, 0x00, 0x00, 0x00,
    0x00, 0x00, 0x00, 0x00, 0x00, 0x00, 0x00, 0x00, 0x00, 0x00, 0x00, 0x00, 0x00, 0x00, 0x00, 0x00,
    0x00, 0x00, 0x00, 0x00, 0x00, 0x00, 0x00, 0x00, 0x00, 0x00, 0x00, 0x00, 0x00, 0x00, 0x00, 0x00,
    0x00, 0x00, 0x00, 0x00, 0x00, 0x00, 0x00, 0x00, 0x00, 0x00, 0x00, 0x00, 0x00, 0x00, 0x00, 0x00,
    0x00, 0x00, 0x00, 0x00, 0x00, 0x00, 0x00, 0x00, 0x00, 0x00, 0x00, 0x00, 0x00, 0x00, 0x00, 0x00,
    0x00, 0x00, 0x00, 0x00, 0x00, 0x00, 0x00, 0x00, 0x00, 0x00, 0x00, 0x00, 0x00, 0x00, 0x00, 0x00,
    0x00, 0x00, 0x00, 0x00, 0x00, 0x00, 0x00, 0x00, 0x00, 0x00, 0x00, 0x00, 0x00, 0x00, 0x00, 0x00,
    0x00, 0x00, 0x00, 0x00, 0x00, 0x00, 0x00, 0x00, 0x00, 0x00, 0x00, 0x00, 0x00, 0x00, 0x00, 0x00,
    0x00, 0x00, 0x00, 0x00, 0x00, 0x00, 0x00, 0x00, 0x00, 0x00, 0x00, 0x00, 0x00, 0x00, 0x00, 0x00,
    0x00, 0x00, 0x00, 0x00, 0x00, 0x00, 0x00, 0x00, 0x00, 0x00, 0x00, 0x00, 0x00, 0x00, 0x00, 0x00,
    0x00, 0x00, 0x00, 0x00, 0x00, 0x00, 0x00, 0x00, 0x00, 0x00, 0x00, 0x00, 0x00, 0x00, 0x00, 0x00,
    0x00, 0x00, 0x00, 0x00, 0x00, 0x00, 0x00, 0x00, 0x00, 0x00, 0x00, 0x00, 0x00, 0x00, 0x00, 0x00,
    0x00, 0x00, 0x00, 0x00, 0x00, 0x00, 0x00, 0x00, 0x00, 0x00, 0x00, 0x00, 0x00, 0x00, 0x00, 0x00,
    0x00, 0x00, 0x00, 0x00, 0x00, 0x00, 0x00, 0x00, 0x00, 0x00, 0x00, 0x00, 0x00, 0x00, 0x00, 0x00,
    0x00, 0x00, 0x00, 0x00, 0x00, 0x00, 0x00, 0x00, 0x00, 0x00, 0x00, 0x00, 0x00, 0x00, 0x00, 0x00,
    0x00, 0x00, 0x00, 0x00, 0x00, 0x00, 0x00, 0x00, 0x00, 0x00, 0x00, 0x00, 0x00, 0x00, 0x00, 0x00,
    0x00, 0x00, 0x00, 0x00, 0x00, 0x00, 0x00, 0x00, 0x00, 0x00, 0x00, 0x00, 0x00, 0x00, 0x00, 0x00,
    0x00, 0x00, 0x00, 0x00, 0x00, 0x00, 0x00, 0x00, 0x00, 0x00, 0x00, 0x00, 0x00, 0x00, 0x00, 0x00,
    0x00, 0x00, 0x00, 0x00, 0x00, 0x00, 0x00, 0x00, 0x00, 0x00, 0x00, 0x00, 0x00, 0x00, 0x00, 0x00,
    0x00, 0x00, 0x00, 0x00, 0x00, 0x00, 0x00, 0x00, 0x00, 0x00, 0x00, 0x00, 0x00, 0x00, 0x00, 0x00,
    0x00, 0x00, 0x00, 0x00, 0x00, 0x00, 0x00, 0x00, 0x00, 0x00, 0x00, 0x00, 0x00, 0x00, 0x00, 0x00,
    0x00, 0x00, 0x00, 0x00, 0x00, 0x00, 0x00, 0x00, 0x00, 0x00, 0x00, 0x00, 0x00, 0x00, 0x00, 0x00,
    0x00, 0x00, 0x00, 0x00, 0x00, 0x00, 0x00, 0x00, 0x00, 0x00, 0x00, 0x00, 0x00, 0x00, 0x00, 0x00,
    0x00, 0x00, 0x00, 0x00, 0x00, 0x00, 0x00, 0x00, 0x00, 0x00, 0x00, 0x00, 0x00, 0x00, 0x00, 0x00,
    0x00, 0x00, 0x00, 0x00, 0x00, 0x00, 0x00, 0x00, 0x00, 0x00, 0x00, 0x00, 0x00, 0x00, 0x00, 0x00,
    0x00, 0x00, 0x00, 0x00, 0x00, 0x00, 0x00, 0x00, 0x00, 0x00, 0x00, 0x00, 0x00, 0x00, 0x00, 0x00,
    0x00, 0x00, 0x00, 0x00, 0x00, 0x00, 0x00, 0x00, 0x00, 0x00, 0x00, 0x00, 0x00, 0x00, 0x00, 0x00,
    0x00, 0x00, 0x00, 0x00, 0x00, 0x00, 0x00, 0x00, 0x00, 0x00, 0x00, 0x00, 0x00, 0x00, 0x00, 0x00,
    0x00, 0x00, 0x00, 0x00, 0x00, 0x00, 0x00, 0x00, 0x00, 0x00, 0x00, 0x00, 0x00, 0x00, 0x00, 0x00,
    0x00, 0x00, 0x00, 0x00, 0x00, 0x00, 0x00, 0x00, 0x00, 0x00, 0x00, 0x00, 0x00, 0x00, 0x00, 0x00,
    0x00, 0x00, 0x00, 0x00, 0x00, 0x00, 0x00, 0x00, 0x00, 0x00, 0x00, 0x00, 0x00, 0x00, 0x00, 0x00,
    0x00, 0x00, 0x00, 0x00, 0x00, 0x00, 0x00, 0x00, 0x00, 0x00, 0x00, 0x00, 0x00, 0x00, 0x00, 0x00,
    0x00, 0x00, 0x00, 0x00, 0x00, 0x00, 0x00, 0x00, 0x00, 0x00, 0x00, 0x00, 0x00, 0x00, 0x00, 0x00,
    0x00, 0x00, 0x00, 0x00, 0x00, 0x00, 0x00, 0x00, 0x00, 0x00, 0x00, 0x00, 0x00, 0x00, 0x00, 0x00,
    0x00, 0x00, 0x00, 0x00, 0x00, 0x00, 0x00, 0x00, 0x00, 0x00, 0x00, 0x00, 0x00, 0x00, 0x00, 0x00,
    0x00, 0x00, 0x00, 0x00, 0x00, 0x00, 0x00, 0x00, 0x00, 0x00, 0x00, 0x00, 0x00, 0x00, 0x00, 0x00,
    0x00, 0x00, 0x00, 0x00, 0x00, 0x00, 0x00, 0x00, 0x00, 0x00, 0x00, 0x00, 0x00, 0x00, 0x00, 0x00,
    0x00, 0x00, 0x00, 0x00, 0x00, 0x00, 0x00, 0x00, 0x00, 0x00, 0x00, 0x00, 0x00, 0x00, 0x00, 0x00,
    0x00, 0x00, 0x00, 0x00, 0x00, 0x00, 0x00, 0x00, 0x00, 0x00, 0x00, 0x00, 0x00, 0x00, 0x00, 0x00,
    0x00, 0x00, 0x00, 0x00, 0x00, 0x00, 0x00, 0x00, 0x00, 0x00, 0x00, 0x00, 0x00, 0x00, 0x00, 0x00,
    0x00, 0x00, 0x00, 0x00, 0x00, 0x00, 0x00, 0x00, 0x00, 0x00, 0x00, 0x00, 0x00, 0x00, 0x00, 0x00,
    0x00, 0x00, 0x00, 0x00, 0x00, 0x00, 0x00, 0x00, 0x00, 0x00, 0x00, 0x00, 0x00, 0x00, 0x00, 0x00,
    0x00, 0x00, 0x00, 0x00, 0x00, 0x00, 0x00, 0x00, 0x00, 0x00, 0x00, 0x00, 0x00, 0x00, 0x00, 0x00,
    0x00, 0x00, 0x00, 0x00, 0x00, 0x00, 0x00, 0x00, 0x00, 0x00, 0x00, 0x00, 0x00, 0x00, 0x00, 0x00,
    0x00, 0x00, 0x00, 0x00, 0x00, 0x00, 0x00, 0x00, 0x00, 0x00, 0x00, 0x00, 0x00, 0x00, 0x00, 0x00,
    0x00, 0x00, 0x00, 0x00, 0x00, 0x00, 0x00, 0x00, 0x00, 0x00, 0x00, 0x00, 0x00, 0x00, 0x00, 0x00,
    0x00, 0x00, 0x00, 0x00, 0x00, 0x00, 0x00, 0x00, 0x00, 0x00, 0x00, 0x00, 0x00, 0x00, 0x00, 0x00,
    0x00, 0x00, 0x00, 0x00, 0x00, 0x00, 0x00, 0x00, 0x00, 0x00, 0x00, 0x00, 0x00, 0x00, 0x00, 0x00,
    0x00, 0x00, 0x00, 0x00, 0x00, 0x00, 0x00, 0x00, 0x00, 0x00, 0x00, 0x00, 0x00, 0x00, 0x00, 0x00,
    0x00, 0x00, 0x00, 0x00, 0x00, 0x00, 0x00, 0x00, 0x00, 0x00, 0x00, 0x00, 0x00, 0x00, 0x00, 0x00,
    0x00, 0x00, 0x00, 0x00, 0x00, 0x00, 0x00, 0x00, 0x00, 0x00, 0x00, 0x00, 0x00, 0x00, 0x00, 0x00,
    0x00, 0x00, 0x00, 0x00, 0x00, 0x00, 0x00, 0x00, 0x00, 0x00, 0x00, 0x00, 0x00, 0x00, 0x00, 0x00,
    0x00, 0x00, 0x00, 0x00, 0x00, 0x00, 0x00, 0x00, 0x00, 0x00, 0x00, 0x00, 0x00, 0x00, 0x00, 0x00,
    0x00, 0x00, 0x00, 0x00, 0x00, 0x00, 0x00, 0x00, 0x00, 0x00, 0x00, 0x00, 0x00, 0x00, 0x00, 0x00,
    0x00, 0x00, 0x00, 0x00, 0x00, 0x00, 0x00, 0x00, 0x00, 0x00, 0x00, 0x00, 0x00, 0x00, 0x00, 0x00,
    0x00, 0x00, 0x00, 0x00, 0x00, 0x00, 0x00, 0x00, 0x00, 0x00, 0x00, 0x00, 0x00, 0x00, 0x00, 0x00,
    0x00, 0x00, 0x00, 0x00, 0x00, 0x00, 0x00, 0x00, 0x00, 0x00, 0x00, 0x00, 0x00, 0x00, 0x00, 0x00,
    0x00, 0x00, 0x00, 0x00, 0x00, 0x00, 0x00, 0x00, 0x00, 0x00, 0x00, 0x00, 0x00, 0x00, 0x00, 0x00,
    0x00, 0x00, 0x00, 0x00, 0x00, 0x00, 0x00, 0x00, 0x00, 0x00, 0x00, 0x00, 0x00, 0x00, 0x00, 0x00,
    0x00, 0x00, 0x00, 0x00, 0x00, 0x00, 0x00, 0x00, 0x00, 0x00, 0x00, 0x00, 0x00, 0x00, 0x00, 0x00,
    0x00, 0x00, 0x00, 0x00, 0x00, 0x00, 0x00, 0x00, 0x00, 0x00, 0x00, 0x00, 0x00, 0x00, 0x00, 0x00,
    0x00, 0x00, 0x00, 0x00, 0x00, 0x00, 0x00, 0x00, 0x00, 0x00, 0x14, 0x04, 0x27, 0x02, 0x01, 0x50,
    0x6c, 0x61, 0x79, 0x65, 0x72, 0x50, 0x72, 0x6f, 0x66, 0x69, 0x6c, 0x65, 0x00, 0xf0, 0x13, 0x15,
    0x04, 0x2b, 0x01, 0x01, 0x45, 0x6e, 0x74, 0x69, 0x74, 0x79, 0x43, 0x6f, 0x6d, 0x70, 0x6f, 0x6e,
    0x65, 0x6e, 0x74, 0x70, 0x12, 0x0f, 0x04, 0x1f, 0x01, 0x01, 0x43, 0x6f, 0x6d, 0x70, 0x6f, 0x6e,
    0x65, 0x6e, 0x74, 0x28, 0x11, 0x16, 0x04, 0x2d, 0x01, 0x01, 0x43, 0x61, 0x6d, 0x65, 0x72, 0x61,
    0x43, 0x6f, 0x6e, 0x74, 0x72, 0x6f, 0x6c, 0x6c, 0x65, 0x72, 0x68, 0x10, 0x16, 0x04, 0x2d, 0x01,
    0x01, 0x43, 0x61, 0x6d, 0x65, 0x72, 0x61, 0x43, 0x6f, 0x6e, 0x74, 0x72, 0x6f, 0x6c, 0x6c, 0x65,
    0x72, 0x58, 0x0f, 0x0c, 0x04, 0x17, 0x02, 0x01, 0x53, 0x63, 0x65, 0x6e, 0x65, 0x00, 0xb8, 0x0e,
    0x0b, 0x04, 0x17, 0x01, 0x01, 0x53, 0x63, 0x65, 0x6e, 0x65, 0x28, 0x0d, 0x12, 0x04, 0x23, 0x02,
    0x01, 0x53, 0x63, 0x65, 0x6e, 0x65, 0x4f, 0x62, 0x6a, 0x65, 0x63, 0x74, 0x00, 0xd0, 0x0c, 0x11,
    0x04, 0x23, 0x01, 0x01, 0x53, 0x63, 0x65, 0x6e, 0x65, 0x4f, 0x62, 0x6a, 0x65, 0x63, 0x74, 0x20,
    0x0b, 0x0f, 0x04, 0x1f, 0x01, 0x01, 0x47, 0x61, 0x6d, 0x65, 0x53, 0x74, 0x61, 0x74, 0x65, 0x10,
    0x0a, 0x1a, 0x04, 0x33, 0x02, 0x01, 0x47, 0x61, 0x6d, 0x65, 0x53, 0x63, 0x65, 0x6e, 0x65, 0x43,
    0x6f, 0x6e, 0x74, 0x72, 0x6f, 0x6c, 0x6c, 0x65, 0x72, 0x01, 0x70, 0x09, 0x1a, 0x04, 0x33, 0x02,
    0x01, 0x47, 0x61, 0x6d, 0x65, 0x53, 0x63, 0x65, 0x6e, 0x65, 0x43, 0x6f, 0x6e, 0x74, 0x72, 0x6f,
    0x6c, 0x6c, 0x65, 0x72, 0x00, 0xf0, 0x08, 0x1a, 0x04, 0x33, 0x02, 0x01, 0x47, 0x61, 0x6d, 0x65,
    0x53, 0x63, 0x65, 0x6e, 0x65, 0x43, 0x6f, 0x6e, 0x74, 0x72, 0x6f, 0x6c, 0x6c, 0x65, 0x72, 0x00,
    0xe8, 0x07, 0x1a, 0x04, 0x33, 0x02, 0x01, 0x47, 0x61, 0x6d, 0x65, 0x53, 0x63, 0x65, 0x6e, 0x65,
    0x43, 0x6f, 0x6e, 0x74, 0x72, 0x6f, 0x6c, 0x6c, 0x65, 0x72, 0x00, 0xe0, 0x06, 0x1a, 0x04, 0x33,
    0x02, 0x01, 0x47, 0x61, 0x6d, 0x65, 0x53, 0x63, 0x65, 0x6e, 0x65, 0x43, 0x6f, 0x6e, 0x74, 0x72,
    0x6f, 0x6c, 0x6c, 0x65, 0x72, 0x00, 0xd8, 0x05, 0x1a, 0x04, 0x33, 0x02, 0x01, 0x47, 0x61, 0x6d,
    0x65, 0x53, 0x63, 0x65, 0x6e, 0x65, 0x43, 0x6f, 0x6e, 0x74, 0x72, 0x6f, 0x6c, 0x6c, 0x65, 0x72,
    0x00, 0x90, 0x04, 0x19, 0x04, 0x33, 0x01, 0x01, 0x47, 0x61, 0x6d, 0x65, 0x53, 0x63, 0x65, 0x6e,
    0x65, 0x43, 0x6f, 0x6e, 0x74, 0x72, 0x6f, 0x6c, 0x6c, 0x65, 0x72, 0x38, 0x03, 0x19, 0x04, 0x33,
    0x01, 0x01, 0x47, 0x61, 0x6d, 0x65, 0x53, 0x63, 0x65, 0x6e, 0x65, 0x43, 0x6f, 0x6e, 0x74, 0x72,
    0x6f, 0x6c, 0x6c, 0x65, 0x72, 0x20, 0x02, 0x18, 0x04, 0x33, 0x01, 0x09, 0x47, 0x61, 0x6d, 0x65,
    0x53, 0x63, 0x65, 0x6e, 0x65, 0x43, 0x6f, 0x6e, 0x74, 0x72, 0x6f, 0x6c, 0x6c, 0x65, 0x72, 0x08,
    0x0d, 0x00, 0x00, 0x00, 0x08, 0x0c, 0x61, 0x00, 0x0f, 0x8f, 0x0e, 0xf1, 0x0e, 0x80, 0x0e, 0x05,
    0x0d, 0x99, 0x0d, 0x33, 0x0c, 0xd5, 0x0c, 0x61, 0x00, 0x00, 0x00, 0x00, 0x00, 0x00, 0x00, 0x00,
    0x00, 0x00, 0x00, 0x00, 0x00, 0x00, 0x00, 0x00, 0x00, 0x00, 0x00, 0x00, 0x00, 0x00, 0x00, 0x00,
    0x00, 0x00, 0x00, 0x00, 0x00, 0x00, 0x00, 0x00, 0x00, 0x00, 0x00, 0x00, 0x00, 0x00, 0x00, 0x00,
    0x00, 0x00, 0x00, 0x00, 0x00, 0x00, 0x00, 0x00, 0x00, 0x00, 0x00, 0x00, 0x00, 0x00, 0x00, 0x00,
    0x00, 0x00, 0x00, 0x00, 0x00, 0x00, 0x00, 0x00, 0x00, 0x00, 0x00, 0x00, 0x00, 0x00, 0x00, 0x00,
    0x00, 0x00, 0x00, 0x00, 0x00, 0x00, 0x00, 0x00, 0x00, 0x00, 0x00, 0x00, 0x00, 0x00, 0x00, 0x00,
    0x00, 0x00, 0x00, 0x00, 0x00, 0x00, 0x00, 0x00, 0x00, 0x00, 0x00, 0x00, 0x00, 0x00, 0x00, 0x00,
    0x00, 0x00, 0x00, 0x00, 0x00, 0x00, 0x00, 0x00, 0x00, 0x00, 0x00, 0x00, 0x00, 0x00, 0x00, 0x00,
    0x00, 0x00, 0x00, 0x00, 0x00, 0x00, 0x00, 0x00, 0x00, 0x00, 0x00, 0x00, 0x00, 0x00, 0x00, 0x00,
    0x00, 0x00, 0x00, 0x00, 0x00, 0x00, 0x00, 0x00, 0x00, 0x00, 0x00, 0x00, 0x00, 0x00, 0x00, 0x00,
    0x00, 0x00, 0x00, 0x00, 0x00, 0x00, 0x00, 0x00, 0x00, 0x00, 0x00, 0x00, 0x00, 0x00, 0x00, 0x00,
    0x00, 0x00, 0x00, 0x00, 0x00, 0x00, 0x00, 0x00, 0x00, 0x00, 0x00, 0x00, 0x00, 0x00, 0x00, 0x00,
    0x00, 0x00, 0x00, 0x00, 0x00, 0x00, 0x00, 0x00, 0x00, 0x00, 0x00, 0x00, 0x00, 0x00, 0x00, 0x00,
    0x00, 0x00, 0x00, 0x00, 0x00, 0x00, 0x00, 0x00, 0x00, 0x00, 0x00, 0x00, 0x00, 0x00, 0x00, 0x00,
    0x00, 0x00, 0x00, 0x00, 0x00, 0x00, 0x00, 0x00, 0x00, 0x00, 0x00, 0x00, 0x00, 0x00, 0x00, 0x00,
    0x00, 0x00, 0x00, 0x00, 0x00, 0x00, 0x00, 0x00, 0x00, 0x00, 0x00, 0x00, 0x00, 0x00, 0x00, 0x00,
    0x00, 0x00, 0x00, 0x00, 0x00, 0x00, 0x00, 0x00, 0x00, 0x00, 0x00, 0x00, 0x00, 0x00, 0x00, 0x00,
    0x00, 0x00, 0x00, 0x00, 0x00, 0x00, 0x00, 0x00, 0x00, 0x00, 0x00, 0x00, 0x00, 0x00, 0x00, 0x00,
    0x00, 0x00, 0x00, 0x00, 0x00, 0x00, 0x00, 0x00, 0x00, 0x00, 0x00, 0x00, 0x00, 0x00, 0x00, 0x00,
    0x00, 0x00, 0x00, 0x00, 0x00, 0x00, 0x00, 0x00, 0x00, 0x00, 0x00, 0x00, 0x00, 0x00, 0x00, 0x00,
    0x00, 0x00, 0x00, 0x00, 0x00, 0x00, 0x00, 0x00, 0x00, 0x00, 0x00, 0x00, 0x00, 0x00, 0x00, 0x00,
    0x00, 0x00, 0x00, 0x00, 0x00, 0x00, 0x00, 0x00, 0x00, 0x00, 0x00, 0x00, 0x00, 0x00, 0x00, 0x00,
    0x00, 0x00, 0x00, 0x00, 0x00, 0x00, 0x00, 0x00, 0x00, 0x00, 0x00, 0x00, 0x00, 0x00, 0x00, 0x00,
    0x00, 0x00, 0x00, 0x00, 0x00, 0x00, 0x00, 0x00, 0x00, 0x00, 0x00, 0x00, 0x00, 0x00, 0x00, 0x00,
    0x00, 0x00, 0x00, 0x00, 0x00, 0x00, 0x00, 0x00, 0x00, 0x00, 0x00, 0x00, 0x00, 0x00, 0x00, 0x00,
    0x00, 0x00, 0x00, 0x00, 0x00, 0x00, 0x00, 0x00, 0x00, 0x00, 0x00, 0x00, 0x00, 0x00, 0x00, 0x00,
    0x00, 0x00, 0x00, 0x00, 0x00, 0x00, 0x00, 0x00, 0x00, 0x00, 0x00, 0x00, 0x00, 0x00, 0x00, 0x00,
    0x00, 0x00, 0x00, 0x00, 0x00, 0x00, 0x00, 0x00, 0x00, 0x00, 0x00, 0x00, 0x00, 0x00, 0x00, 0x00,
    0x00, 0x00, 0x00, 0x00, 0x00, 0x00, 0x00, 0x00, 0x00, 0x00, 0x00, 0x00, 0x00, 0x00, 0x00, 0x00,
    0x00, 0x00, 0x00, 0x00, 0x00, 0x00, 0x00, 0x00, 0x00, 0x00, 0x00, 0x00, 0x00, 0x00, 0x00, 0x00,
    0x00, 0x00, 0x00, 0x00, 0x00, 0x00, 0x00, 0x00, 0x00, 0x00, 0x00, 0x00, 0x00, 0x00, 0x00, 0x00,
    0x00, 0x00, 0x00, 0x00, 0x00, 0x00, 0x00, 0x00, 0x00, 0x00, 0x00, 0x00, 0x00, 0x00, 0x00, 0x00,
    0x00, 0x00, 0x00, 0x00, 0x00, 0x00, 0x00, 0x00, 0x00, 0x00, 0x00, 0x00, 0x00, 0x00, 0x00, 0x00,
    0x00, 0x00, 0x00, 0x00, 0x00, 0x00, 0x00, 0x00, 0x00, 0x00, 0x00, 0x00, 0x00, 0x00, 0x00, 0x00,
    0x00, 0x00, 0x00, 0x00, 0x00, 0x00, 0x00, 0x00, 0x00, 0x00, 0x00, 0x00, 0x00, 0x00, 0x00, 0x00,
    0x00, 0x00, 0x00, 0x00, 0x00, 0x00, 0x00, 0x00, 0x00, 0x00, 0x00, 0x00, 0x00, 0x00, 0x00, 0x00,
    0x00, 0x00, 0x00, 0x00, 0x00, 0x00, 0x00, 0x00, 0x00, 0x00, 0x00, 0x00, 0x00, 0x00, 0x00, 0x00,
    0x00, 0x00, 0x00, 0x00, 0x00, 0x00, 0x00, 0x00, 0x00, 0x00, 0x00, 0x00, 0x00, 0x00, 0x00, 0x00,
    0x00, 0x00, 0x00, 0x00, 0x00, 0x00, 0x00, 0x00, 0x00, 0x00, 0x00, 0x00, 0x00, 0x00, 0x00, 0x00,
    0x00, 0x00, 0x00, 0x00, 0x00, 0x00, 0x00, 0x00, 0x00, 0x00, 0x00, 0x00, 0x00, 0x00, 0x00, 0x00,
    0x00, 0x00, 0x00, 0x00, 0x00, 0x00, 0x00, 0x00, 0x00, 0x00, 0x00, 0x00, 0x00, 0x00, 0x00, 0x00,
    0x00, 0x00, 0x00, 0x00, 0x00, 0x00, 0x00, 0x00, 0x00, 0x00, 0x00, 0x00, 0x00, 0x00, 0x00, 0x00,
    0x00, 0x00, 0x00, 0x00, 0x00, 0x00, 0x00, 0x00, 0x00, 0x00, 0x00, 0x00, 0x00, 0x00, 0x00, 0x00,
    0x00, 0x00, 0x00, 0x00, 0x00, 0x00, 0x00, 0x00, 0x00, 0x00, 0x00, 0x00, 0x00, 0x00, 0x00, 0x00,
    0x00, 0x00, 0x00, 0x00, 0x00, 0x00, 0x00, 0x00, 0x00, 0x00, 0x00, 0x00, 0x00, 0x00, 0x00, 0x00,
    0x00, 0x00, 0x00, 0x00, 0x00, 0x00, 0x00, 0x00, 0x00, 0x00, 0x00, 0x00, 0x00, 0x00, 0x00, 0x00,
    0x00, 0x00, 0x00, 0x00, 0x00, 0x00, 0x00, 0x00, 0x00, 0x00, 0x00, 0x00, 0x00, 0x00, 0x00, 0x00,
    0x00, 0x00, 0x00, 0x00, 0x00, 0x00, 0x00, 0x00, 0x00, 0x00, 0x00, 0x00, 0x00, 0x00, 0x00, 0x00,
    0x00, 0x00, 0x00, 0x00, 0x00, 0x00, 0x00, 0x00, 0x00, 0x00, 0x00, 0x00, 0x00, 0x00, 0x00, 0x00,
    0x00, 0x00, 0x00, 0x00, 0x00, 0x00, 0x00, 0x00, 0x00, 0x00, 0x00, 0x00, 0x00, 0x00, 0x00, 0x00,
    0x00, 0x00, 0x00, 0x00, 0x00, 0x00, 0x00, 0x00, 0x00, 0x00, 0x00, 0x00, 0x00, 0x00, 0x00, 0x00,
    0x00, 0x00, 0x00, 0x00, 0x00, 0x00, 0x00, 0x00, 0x00, 0x00, 0x00, 0x00, 0x00, 0x00, 0x00, 0x00,
    0x00, 0x00, 0x00, 0x00, 0x00, 0x00, 0x00, 0x00, 0x00, 0x00, 0x00, 0x00, 0x00, 0x00, 0x00, 0x00,
    0x00, 0x00, 0x00, 0x00, 0x00, 0x00, 0x00, 0x00, 0x00, 0x00, 0x00, 0x00, 0x00, 0x00, 0x00, 0x00,
    0x00, 0x00, 0x00, 0x00, 0x00, 0x00, 0x00, 0x00, 0x00, 0x00, 0x00, 0x00, 0x00, 0x00, 0x00, 0x00,
    0x00, 0x00, 0x00, 0x00, 0x00, 0x00, 0x00, 0x00, 0x00, 0x00, 0x00, 0x00, 0x00, 0x00, 0x00, 0x00,
    0x00, 0x00, 0x00, 0x00, 0x00, 0x00, 0x00, 0x00, 0x00, 0x00, 0x00, 0x00, 0x00, 0x00, 0x00, 0x00,
    0x00, 0x00, 0x00, 0x00, 0x00, 0x00, 0x00, 0x00, 0x00, 0x00, 0x00, 0x00, 0x00, 0x00, 0x00, 0x00,
    0x00, 0x00, 0x00, 0x00, 0x00, 0x00, 0x00, 0x00, 0x00, 0x00, 0x00, 0x00, 0x00, 0x00, 0x00, 0x00,
    0x00, 0x00, 0x00, 0x00, 0x00, 0x00, 0x00, 0x00, 0x00, 0x00, 0x00, 0x00, 0x00, 0x00, 0x00, 0x00,
    0x00, 0x00, 0x00, 0x00, 0x00, 0x00, 0x00, 0x00, 0x00, 0x00, 0x00, 0x00, 0x00, 0x00, 0x00, 0x00,
    0x00, 0x00, 0x00, 0x00, 0x00, 0x00, 0x00, 0x00, 0x00, 0x00, 0x00, 0x00, 0x00, 0x00, 0x00, 0x00,
    0x00, 0x00, 0x00, 0x00, 0x00, 0x00, 0x00, 0x00, 0x00, 0x00, 0x00, 0x00, 0x00, 0x00, 0x00, 0x00,
    0x00, 0x00, 0x00, 0x00, 0x00, 0x00, 0x00, 0x00, 0x00, 0x00, 0x00, 0x00, 0x00, 0x00, 0x00, 0x00,
    0x00, 0x00, 0x00, 0x00, 0x00, 0x00, 0x00, 0x00, 0x00, 0x00, 0x00, 0x00, 0x00, 0x00, 0x00, 0x00,
    0x00, 0x00, 0x00, 0x00, 0x00, 0x00, 0x00, 0x00, 0x00, 0x00, 0x00, 0x00, 0x00, 0x00, 0x00, 0x00,
    0x00, 0x00, 0x00, 0x00, 0x00, 0x00, 0x00, 0x00, 0x00, 0x00, 0x00, 0x00, 0x00, 0x00, 0x00, 0x00,
    0x00, 0x00, 0x00, 0x00, 0x00, 0x00, 0x00, 0x00, 0x00, 0x00, 0x00, 0x00, 0x00, 0x00, 0x00, 0x00,
    0x00, 0x00, 0x00, 0x00, 0x00, 0x00, 0x00, 0x00, 0x00, 0x00, 0x00, 0x00, 0x00, 0x00, 0x00, 0x00,
    0x00, 0x00, 0x00, 0x00, 0x00, 0x00, 0x00, 0x00, 0x00, 0x00, 0x00, 0x00, 0x00, 0x00, 0x00, 0x00,
    0x00, 0x00, 0x00, 0x00, 0x00, 0x00, 0x00, 0x00, 0x00, 0x00, 0x00, 0x00, 0x00, 0x00, 0x00, 0x00,
    0x00, 0x00, 0x00, 0x00, 0x00, 0x00, 0x00, 0x00, 0x00, 0x00, 0x00, 0x00, 0x00, 0x00, 0x00, 0x00,
    0x00, 0x00, 0x00, 0x00, 0x00, 0x00, 0x00, 0x00, 0x00, 0x00, 0x00, 0x00, 0x00, 0x00, 0x00, 0x00,
    0x00, 0x00, 0x00, 0x00, 0x00, 0x00, 0x00, 0x00, 0x00, 0x00, 0x00, 0x00, 0x00, 0x00, 0x00, 0x00,
    0x00, 0x00, 0x00, 0x00, 0x00, 0x00, 0x00, 0x00, 0x00, 0x00, 0x00, 0x00, 0x00, 0x00, 0x00, 0x00,
    0x00, 0x00, 0x00, 0x00, 0x00, 0x00, 0x00, 0x00, 0x00, 0x00, 0x00, 0x00, 0x00, 0x00, 0x00, 0x00,
    0x00, 0x00, 0x00, 0x00, 0x00, 0x00, 0x00, 0x00, 0x00, 0x00, 0x00, 0x00, 0x00, 0x00, 0x00, 0x00,
    0x00, 0x00, 0x00, 0x00, 0x00, 0x00, 0x00, 0x00, 0x00, 0x00, 0x00, 0x00, 0x00, 0x00, 0x00, 0x00,
    0x00, 0x00, 0x00, 0x00, 0x00, 0x00, 0x00, 0x00, 0x00, 0x00, 0x00, 0x00, 0x00, 0x00, 0x00, 0x00,
    0x00, 0x00, 0x00, 0x00, 0x00, 0x00, 0x00, 0x00, 0x00, 0x00, 0x00, 0x00, 0x00, 0x00, 0x00, 0x00,
    0x00, 0x00, 0x00, 0x00, 0x00, 0x00, 0x00, 0x00, 0x00, 0x00, 0x00, 0x00, 0x00, 0x00, 0x00, 0x00,
    0x00, 0x00, 0x00, 0x00, 0x00, 0x00, 0x00, 0x00, 0x00, 0x00, 0x00, 0x00, 0x00, 0x00, 0x00, 0x00,
    0x00, 0x00, 0x00, 0x00, 0x00, 0x00, 0x00, 0x00, 0x00, 0x00, 0x00, 0x00, 0x00, 0x00, 0x00, 0x00,
    0x00, 0x00, 0x00, 0x00, 0x00, 0x00, 0x00, 0x00, 0x00, 0x00, 0x00, 0x00, 0x00, 0x00, 0x00, 0x00,
    0x00, 0x00, 0x00, 0x00, 0x00, 0x00, 0x00, 0x00, 0x00, 0x00, 0x00, 0x00, 0x00, 0x00, 0x00, 0x00,
    0x00, 0x00, 0x00, 0x00, 0x00, 0x00, 0x00, 0x00, 0x00, 0x00, 0x00, 0x00, 0x00, 0x00, 0x00, 0x00,
    0x00, 0x00, 0x00, 0x00, 0x00, 0x00, 0x00, 0x00, 0x00, 0x00, 0x00, 0x00, 0x00, 0x00, 0x00, 0x00,
    0x00, 0x00, 0x00, 0x00, 0x00, 0x00, 0x00, 0x00, 0x00, 0x00, 0x00, 0x00, 0x00, 0x00, 0x00, 0x00,
    0x00, 0x00, 0x00, 0x00, 0x00, 0x00, 0x00, 0x00, 0x00, 0x00, 0x00, 0x00, 0x00, 0x00, 0x00, 0x00,
    0x00, 0x00, 0x00, 0x00, 0x00, 0x00, 0x00, 0x00, 0x00, 0x00, 0x00, 0x00, 0x00, 0x00, 0x00, 0x00,
    0x00, 0x00, 0x00, 0x00, 0x00, 0x00, 0x00, 0x00, 0x00, 0x00, 0x00, 0x00, 0x00, 0x00, 0x00, 0x00,
    0x00, 0x00, 0x00, 0x00, 0x00, 0x00, 0x00, 0x00, 0x00, 0x00, 0x00, 0x00, 0x00, 0x00, 0x00, 0x00,
    0x00, 0x00, 0x00, 0x00, 0x00, 0x00, 0x00, 0x00, 0x00, 0x00, 0x00, 0x00, 0x00, 0x00, 0x00, 0x00,
    0x00, 0x00, 0x00, 0x00, 0x00, 0x00, 0x00, 0x00, 0x00, 0x00, 0x00, 0x00, 0x00, 0x00, 0x00, 0x00,
    0x00, 0x00, 0x00, 0x00, 0x00, 0x00, 0x00, 0x00, 0x00, 0x00, 0x00, 0x00, 0x00, 0x00, 0x00, 0x00,
    0x00, 0x00, 0x00, 0x00, 0x00, 0x00, 0x00, 0x00, 0x00, 0x00, 0x00, 0x00, 0x00, 0x00, 0x00, 0x00,
    0x00, 0x00, 0x00, 0x00, 0x00, 0x00, 0x00, 0x00, 0x00, 0x00, 0x00, 0x00, 0x00, 0x00, 0x00, 0x00,
    0x00, 0x00, 0x00, 0x00, 0x00, 0x00, 0x00, 0x00, 0x00, 0x00, 0x00, 0x00, 0x00, 0x00, 0x00, 0x00,
    0x00, 0x00, 0x00, 0x00, 0x00, 0x00, 0x00, 0x00, 0x00, 0x00, 0x00, 0x00, 0x00, 0x00, 0x00, 0x00,
    0x00, 0x00, 0x00, 0x00, 0x00, 0x00, 0x00, 0x00, 0x00, 0x00, 0x00, 0x00, 0x00, 0x00, 0x00, 0x00,
    0x00, 0x00, 0x00, 0x00, 0x00, 0x00, 0x00, 0x00, 0x00, 0x00, 0x00, 0x00, 0x00, 0x00, 0x00, 0x00,
    0x00, 0x00, 0x00, 0x00, 0x00, 0x00, 0x00, 0x00, 0x00, 0x00, 0x00, 0x00, 0x00, 0x00, 0x00, 0x00,
    0x00, 0x00, 0x00, 0x00, 0x00, 0x00, 0x00, 0x00, 0x00, 0x00, 0x00, 0x00, 0x00, 0x00, 0x00, 0x00,
    0x00, 0x00, 0x00, 0x00, 0x00, 0x00, 0x00, 0x00, 0x00, 0x00, 0x00, 0x00, 0x00, 0x00, 0x00, 0x00,
    0x00, 0x00, 0x00, 0x00, 0x00, 0x00, 0x00, 0x00, 0x00, 0x00, 0x00, 0x00, 0x00, 0x00, 0x00, 0x00,
    0x00, 0x00, 0x00, 0x00, 0x00, 0x00, 0x00, 0x00, 0x00, 0x00, 0x00, 0x00, 0x00, 0x00, 0x00, 0x00,
    0x00, 0x00, 0x00, 0x00, 0x00, 0x00, 0x00, 0x00, 0x00, 0x00, 0x00, 0x00, 0x00, 0x00, 0x00, 0x00,
    0x00, 0x00, 0x00, 0x00, 0x00, 0x00, 0x00, 0x00, 0x00, 0x00, 0x00, 0x00, 0x00, 0x00, 0x00, 0x00,
    0x00, 0x00, 0x00, 0x00, 0x00, 0x00, 0x00, 0x00, 0x00, 0x00, 0x00, 0x00, 0x00, 0x00, 0x00, 0x00,
    0x00, 0x00, 0x00, 0x00, 0x00, 0x00, 0x00, 0x00, 0x00, 0x00, 0x00, 0x00, 0x00, 0x00, 0x00, 0x00,
    0x00, 0x00, 0x00, 0x00, 0x00, 0x00, 0x00, 0x00, 0x00, 0x00, 0x00, 0x00, 0x00, 0x00, 0x00, 0x00,
    0x00, 0x00, 0x00, 0x00, 0x00, 0x00, 0x00, 0x00, 0x00, 0x00, 0x00, 0x00, 0x00, 0x00, 0x00, 0x00,
    0x00, 0x00, 0x00, 0x00, 0x00, 0x00, 0x00, 0x00, 0x00, 0x00, 0x00, 0x00, 0x00, 0x00, 0x00, 0x00,
    0x00, 0x00, 0x00, 0x00, 0x00, 0x00, 0x00, 0x00, 0x00, 0x00, 0x00, 0x00, 0x00, 0x00, 0x00, 0x00,
    0x00, 0x00, 0x00, 0x00, 0x00, 0x00, 0x00, 0x00, 0x00, 0x00, 0x00, 0x00, 0x00, 0x00, 0x00, 0x00,
    0x00, 0x00, 0x00, 0x00, 0x00, 0x00, 0x00, 0x00, 0x00, 0x00, 0x00, 0x00, 0x00, 0x00, 0x00, 0x00,
    0x00, 0x00, 0x00, 0x00, 0x00, 0x00, 0x00, 0x00, 0x00, 0x00, 0x00, 0x00, 0x00, 0x00, 0x00, 0x00,
    0x00, 0x00, 0x00, 0x00, 0x00, 0x00, 0x00, 0x00, 0x00, 0x00, 0x00, 0x00, 0x00, 0x00, 0x00, 0x00,
    0x00, 0x00, 0x00, 0x00, 0x00, 0x00, 0x00, 0x00, 0x00, 0x00, 0x00, 0x00, 0x00, 0x00, 0x00, 0x00,
    0x00, 0x00, 0x00, 0x00, 0x00, 0x00, 0x00, 0x00, 0x00, 0x00, 0x00, 0x00, 0x00, 0x00, 0x00, 0x00,
    0x00, 0x00, 0x00, 0x00, 0x00, 0x00, 0x00, 0x00, 0x00, 0x00, 0x00, 0x00, 0x00, 0x00, 0x00, 0x00,
    0x00, 0x00, 0x00, 0x00, 0x00, 0x00, 0x00, 0x00, 0x00, 0x00, 0x00, 0x00, 0x00, 0x00, 0x00, 0x00,
    0x00, 0x00, 0x00, 0x00, 0x00, 0x00, 0x00, 0x00, 0x00, 0x00, 0x00, 0x00, 0x00, 0x00, 0x00, 0x00,
    0x00, 0x00, 0x00, 0x00, 0x00, 0x00, 0x00, 0x00, 0x00, 0x00, 0x00, 0x00, 0x00, 0x00, 0x00, 0x00,
    0x00, 0x00, 0x00, 0x00, 0x00, 0x00, 0x00, 0x00, 0x00, 0x00, 0x00, 0x00, 0x00, 0x00, 0x00, 0x00,
    0x00, 0x00, 0x00, 0x00, 0x00, 0x00, 0x00, 0x00, 0x00, 0x00, 0x00, 0x00, 0x00, 0x00, 0x00, 0x00,
    0x00, 0x00, 0x00, 0x00, 0x00, 0x00, 0x00, 0x00, 0x00, 0x00, 0x00, 0x00, 0x00, 0x00, 0x00, 0x00,
    0x00, 0x00, 0x00, 0x00, 0x00, 0x00, 0x00, 0x00, 0x00, 0x00, 0x00, 0x00, 0x00, 0x00, 0x00, 0x00,
    0x00, 0x00, 0x00, 0x00, 0x00, 0x00, 0x00, 0x00, 0x00, 0x00, 0x00, 0x00, 0x00, 0x00, 0x00, 0x00,
    0x00, 0x00, 0x00, 0x00, 0x00, 0x00, 0x00, 0x00, 0x00, 0x00, 0x00, 0x00, 0x00, 0x00, 0x00, 0x00,
    0x00, 0x00, 0x00, 0x00, 0x00, 0x00, 0x00, 0x00, 0x00, 0x00, 0x00, 0x00, 0x00, 0x00, 0x00, 0x00,
    0x00, 0x00, 0x00, 0x00, 0x00, 0x00, 0x00, 0x00, 0x00, 0x00, 0x00, 0x00, 0x00, 0x00, 0x00, 0x00,
    0x00, 0x00, 0x00, 0x00, 0x00, 0x00, 0x00, 0x00, 0x00, 0x00, 0x00, 0x00, 0x00, 0x00, 0x00, 0x00,
    0x00, 0x00, 0x00, 0x00, 0x00, 0x00, 0x00, 0x00, 0x00, 0x00, 0x00, 0x00, 0x00, 0x00, 0x00, 0x00,
    0x00, 0x00, 0x00, 0x00, 0x00, 0x00, 0x00, 0x00, 0x00, 0x00, 0x00, 0x00, 0x00, 0x00, 0x00, 0x00,
    0x00, 0x00, 0x00, 0x00, 0x00, 0x00, 0x00, 0x00, 0x00, 0x00, 0x00, 0x00, 0x00, 0x00, 0x00, 0x00,
    0x00, 0x00, 0x00, 0x00, 0x00, 0x00, 0x00, 0x00, 0x00, 0x00, 0x00, 0x00, 0x00, 0x00, 0x00, 0x00,
    0x00, 0x00, 0x00, 0x00, 0x00, 0x00, 0x00, 0x00, 0x00, 0x00, 0x00, 0x00, 0x00, 0x00, 0x00, 0x00,
    0x00, 0x00, 0x00, 0x00, 0x00, 0x00, 0x00, 0x00, 0x00, 0x00, 0x00, 0x00, 0x00, 0x00, 0x00, 0x00,
    0x00, 0x00, 0x00, 0x00, 0x00, 0x00, 0x00, 0x00, 0x00, 0x00, 0x00, 0x00, 0x00, 0x00, 0x00, 0x00,
    0x00, 0x00, 0x00, 0x00, 0x00, 0x00, 0x00, 0x00, 0x00, 0x00, 0x00, 0x00, 0x00, 0x00, 0x00, 0x00,
    0x00, 0x00, 0x00, 0x00, 0x00, 0x00, 0x00, 0x00, 0x00, 0x00, 0x00, 0x00, 0x00, 0x00, 0x00, 0x00,
    0x00, 0x00, 0x00, 0x00, 0x00, 0x00, 0x00, 0x00, 0x00, 0x00, 0x00, 0x00, 0x00, 0x00, 0x00, 0x00,
    0x00, 0x00, 0x00, 0x00, 0x00, 0x00, 0x00, 0x00, 0x00, 0x00, 0x00, 0x00, 0x00, 0x00, 0x00, 0x00,
    0x00, 0x00, 0x00, 0x00, 0x00, 0x00, 0x00, 0x00, 0x00, 0x00, 0x00, 0x00, 0x00, 0x00, 0x00, 0x00,
    0x00, 0x00, 0x00, 0x00, 0x00, 0x00, 0x00, 0x00, 0x00, 0x00, 0x00, 0x00, 0x00, 0x00, 0x00, 0x00,
    0x00, 0x00, 0x00, 0x00, 0x00, 0x00, 0x00, 0x00, 0x00, 0x00, 0x00, 0x00, 0x00, 0x00, 0x00, 0x00,
    0x00, 0x00, 0x00, 0x00, 0x00, 0x00, 0x00, 0x00, 0x00, 0x00, 0x00, 0x00, 0x00, 0x00, 0x00, 0x00,
    0x00, 0x00, 0x00, 0x00, 0x00, 0x00, 0x00, 0x00, 0x00, 0x00, 0x00, 0x00, 0x00, 0x00, 0x00, 0x00,
    0x00, 0x00, 0x00, 0x00, 0x00, 0x00, 0x00, 0x00, 0x00, 0x00, 0x00, 0x00, 0x00, 0x00, 0x00, 0x00,
    0x00, 0x00, 0x00, 0x00, 0x00, 0x00, 0x00, 0x00, 0x00, 0x00, 0x00, 0x00, 0x00, 0x00, 0x00, 0x00,
    0x00, 0x00, 0x00, 0x00, 0x00, 0x00, 0x00, 0x00, 0x00, 0x00, 0x00, 0x00, 0x00, 0x00, 0x00, 0x00,
    0x00, 0x00, 0x00, 0x00, 0x00, 0x00, 0x00, 0x00, 0x00, 0x00, 0x00, 0x00, 0x00, 0x00, 0x00, 0x00,
    0x00, 0x00, 0x00, 0x00, 0x00, 0x00, 0x00, 0x00, 0x00, 0x00, 0x00, 0x00, 0x00, 0x00, 0x00, 0x00,
    0x00, 0x00, 0x00, 0x00, 0x00, 0x00, 0x00, 0x00, 0x00, 0x00, 0x00, 0x00, 0x00, 0x00, 0x00, 0x00,
    0x00, 0x00, 0x00, 0x00, 0x00, 0x00, 0x00, 0x00, 0x00, 0x00, 0x00, 0x00, 0x00, 0x00, 0x00, 0x00,
    0x00, 0x00, 0x00, 0x00, 0x00, 0x00, 0x00, 0x00, 0x00, 0x00, 0x00, 0x00, 0x00, 0x00, 0x00, 0x00,
    0x00, 0x00, 0x00, 0x00, 0x00, 0x00, 0x00, 0x00, 0x00, 0x00, 0x00, 0x00, 0x00, 0x00, 0x00, 0x00,
    0x00, 0x00, 0x00, 0x00, 0x00, 0x00, 0x00, 0x00, 0x00, 0x00, 0x00, 0x00, 0x00, 0x00, 0x00, 0x00,
    0x00, 0x00, 0x00, 0x00, 0x00, 0x00, 0x00, 0x00, 0x00, 0x00, 0x00, 0x00, 0x00, 0x00, 0x00, 0x00,
    0x00, 0x00, 0x00, 0x00, 0x00, 0x00, 0x00, 0x00, 0x00, 0x00, 0x00, 0x00, 0x00, 0x00, 0x00, 0x00,
    0x00, 0x00, 0x00, 0x00, 0x00, 0x00, 0x00, 0x00, 0x00, 0x00, 0x00, 0x00, 0x00, 0x00, 0x00, 0x00,
    0x00, 0x00, 0x00, 0x00, 0x00, 0x00, 0x00, 0x00, 0x00, 0x00, 0x00, 0x00, 0x00, 0x00, 0x00, 0x00,
    0x00, 0x00, 0x00, 0x00, 0x00, 0x00, 0x00, 0x00, 0x00, 0x00, 0x00, 0x00, 0x00, 0x00, 0x00, 0x00,
    0x00, 0x00, 0x00, 0x00, 0x00, 0x00, 0x00, 0x00, 0x00, 0x00, 0x00, 0x00, 0x00, 0x00, 0x00, 0x00,
    0x00, 0x00, 0x00, 0x00, 0x00, 0x00, 0x00, 0x00, 0x00, 0x00, 0x00, 0x00, 0x00, 0x00, 0x00, 0x00,
    0x00, 0x00, 0x00, 0x00, 0x00, 0x00, 0x00, 0x00, 0x00, 0x00, 0x00, 0x00, 0x00, 0x00, 0x00, 0x00,
    0x00, 0x00, 0x00, 0x00, 0x00, 0x00, 0x00, 0x00, 0x00, 0x00, 0x00, 0x00, 0x00, 0x00, 0x00, 0x00,
    0x00, 0x00, 0x00, 0x00, 0x00, 0x00, 0x00, 0x00, 0x00, 0x00, 0x00, 0x00, 0x00, 0x00, 0x00, 0x00,
    0x00, 0x00, 0x00, 0x00, 0x00, 0x00, 0x00, 0x00, 0x00, 0x00, 0x00, 0x00, 0x00, 0x00, 0x00, 0x00,
    0x00, 0x00, 0x00, 0x00, 0x00, 0x00, 0x00, 0x00, 0x00, 0x00, 0x00, 0x00, 0x00, 0x00, 0x00, 0x00,
    0x00, 0x00, 0x00, 0x00, 0x00, 0x00, 0x00, 0x00, 0x00, 0x00, 0x00, 0x00, 0x00, 0x00, 0x00, 0x00,
    0x00, 0x00, 0x00, 0x00, 0x00, 0x00, 0x00, 0x00, 0x00, 0x00, 0x00, 0x00, 0x00, 0x00, 0x00, 0x00,
    0x00, 0x00, 0x00, 0x00, 0x00, 0x00, 0x00, 0x00, 0x00, 0x00, 0x00, 0x00, 0x00, 0x00, 0x00, 0x00,
    0x00, 0x00, 0x00, 0x00, 0x00, 0x00, 0x00, 0x00, 0x00, 0x00, 0x00, 0x00, 0x00, 0x00, 0x00, 0x00,
    0x00, 0x00, 0x00, 0x00, 0x00, 0x00, 0x00, 0x00, 0x00, 0x00, 0x00, 0x00, 0x00, 0x00, 0x00, 0x00,
    0x00, 0x00, 0x00, 0x00, 0x00, 0x00, 0x00, 0x00, 0x00, 0x00, 0x00, 0x00, 0x00, 0x00, 0x00, 0x00,
    0x00, 0x00, 0x00, 0x00, 0x00, 0x00, 0x00, 0x00, 0x00, 0x00, 0x00, 0x00, 0x00, 0x00, 0x00, 0x00,
    0x00, 0x00, 0x00, 0x00, 0x00, 0x00, 0x00, 0x00, 0x00, 0x00, 0x00, 0x00, 0x00, 0x00, 0x00, 0x00,
    0x00, 0x00, 0x00, 0x00, 0x00, 0x00, 0x00, 0x00, 0x00, 0x00, 0x00, 0x00, 0x00, 0x00, 0x00, 0x00,
    0x00, 0x00, 0x00, 0x00, 0x00, 0x00, 0x00, 0x00, 0x00, 0x00, 0x00, 0x00, 0x00, 0x00, 0x00, 0x00,
    0x00, 0x00, 0x00, 0x00, 0x00, 0x00, 0x00, 0x00, 0x00, 0x00, 0x00, 0x00, 0x00, 0x00, 0x00, 0x00,
    0x00, 0x00, 0x00, 0x00, 0x00, 0x00, 0x00, 0x00, 0x00, 0x00, 0x00, 0x00, 0x00, 0x00, 0x00, 0x00,
    0x00, 0x00, 0x00, 0x00, 0x00, 0x00, 0x00, 0x00, 0x00, 0x00, 0x00, 0x00, 0x00, 0x00, 0x00, 0x00,
    0x00, 0x00, 0x00, 0x00, 0x00, 0x00, 0x00, 0x00, 0x00, 0x00, 0x00, 0x00, 0x00, 0x00, 0x00, 0x00,
    0x00, 0x00, 0x00, 0x00, 0x00, 0x00, 0x00, 0x00, 0x00, 0x00, 0x00, 0x00, 0x00, 0x00, 0x00, 0x00,
    0x00, 0x00, 0x00, 0x00, 0x00, 0x00, 0x00, 0x00, 0x00, 0x00, 0x00, 0x00, 0x00, 0x00, 0x00, 0x00,
    0x00, 0x00, 0x00, 0x00, 0x00, 0x00, 0x00, 0x00, 0x00, 0x00, 0x00, 0x00, 0x00, 0x00, 0x00, 0x00,
    0x00, 0x00, 0x00, 0x00, 0x00, 0x00, 0x00, 0x00, 0x00, 0x00, 0x00, 0x00, 0x00, 0x00, 0x00, 0x00,
    0x00, 0x00, 0x00, 0x00, 0x00, 0x00, 0x00, 0x00, 0x00, 0x00, 0x00, 0x00, 0x00, 0x00, 0x00, 0x00,
    0x00, 0x00, 0x00, 0x00, 0x00, 0x00, 0x00, 0x00, 0x00, 0x00, 0x00, 0x00, 0x00, 0x00, 0x00, 0x00,
    0x00, 0x00, 0x00, 0x00, 0x00, 0x00, 0x00, 0x00, 0x00, 0x00, 0x00, 0x00, 0x00, 0x00, 0x00, 0x00,
    0x00, 0x00, 0x00, 0x00, 0x00, 0x00, 0x00, 0x00, 0x00, 0x00, 0x00, 0x00, 0x00, 0x00, 0x00, 0x00,
    0x00, 0x00, 0x00, 0x00, 0x00, 0x00, 0x00, 0x00, 0x00, 0x00, 0x00, 0x00, 0x00, 0x00, 0x00, 0x00,
    0x00, 0x00, 0x00, 0x00, 0x00, 0x00, 0x00, 0x00, 0x00, 0x00, 0x00, 0x00, 0x00, 0x00, 0x00, 0x00,
    0x00, 0x00, 0x00, 0x00, 0x00, 0x00, 0x00, 0x00, 0x00, 0x00, 0x00, 0x00, 0x00, 0x00, 0x00, 0x00,
    0x00, 0x00, 0x00, 0x00, 0x00, 0x00, 0x00, 0x00, 0x00, 0x00, 0x00, 0x00, 0x00, 0x00, 0x00, 0x00,
    0x00, 0x72, 0x08, 0x06, 0x2f, 0x2b, 0x25, 0x79, 0x21, 0x73, 0x72, 0x63, 0x5f, 0x68, 0x63, 0x5f,
    0x74, 0x61, 0x6b, 0x65, 0x64, 0x61, 0x6d, 0x61, 0x67, 0x65, 0x48, 0x65, 0x61, 0x6c, 0x74, 0x68,
    0x43, 0x6f, 0x6d, 0x70, 0x6f, 0x6e, 0x65, 0x6e, 0x74, 0x69, 0x64, 0x61, 0x5f, 0x76, 0x65, 0x72,
    0x69, 0x66, 0x69, 0x65, 0x64, 0x64, 0x6f, 0x63, 0x73, 0x2f, 0x73, 0x72, 0x65, 0x31, 0x33, 0x2f,
    0x48, 0x65, 0x61, 0x6c, 0x74, 0x68, 0x43, 0x6f, 0x6d, 0x70, 0x6f, 0x6e, 0x65, 0x6e, 0x74, 0x2e,
    0x6d, 0x64, 0x3a, 0x32, 0x30, 0x20, 0x28, 0x54, 0x61, 0x6b, 0x65, 0x44, 0x61, 0x6d, 0x61, 0x67,
    0x65, 0x20, 0x30, 0x78, 0x33, 0x36, 0x42, 0x38, 0x32, 0x30, 0x29, 0x32, 0x30, 0x32, 0x36, 0x2d,
    0x30, 0x39, 0x2d, 0x32, 0x30, 0x5c, 0x07, 0x06, 0x27, 0x19, 0x27, 0x65, 0x21, 0x73, 0x72, 0x63,
    0x5f, 0x63, 0x61, 0x6d, 0x5f, 0x70, 0x6c, 0x61, 0x69, 0x6e, 0x43, 0x61, 0x6d, 0x65, 0x72, 0x61,
    0x6c, 0x61, 0x77, 0x6e, 0x63, 0x68, 0x65, 0x72, 0x5f, 0x73, 0x79, 0x6e, 0x63, 0x64, 0x6f, 0x63,
    0x73, 0x2f, 0x73, 0x72, 0x65, 0x31, 0x33, 0x2f, 0x43, 0x61, 0x6d, 0x65, 0x72, 0x61, 0x2e, 0x6d,
    0x64, 0x3a, 0x31, 0x35, 0x20, 0x28, 0x70, 0x6c, 0x61, 0x69, 0x6e, 0x20, 0x73, 0x74, 0x72, 0x75,
    0x63, 0x74, 0x20, 0x30, 0x78, 0x31, 0x43, 0x30, 0x29, 0x32, 0x30, 0x32, 0x36, 0x2d, 0x30, 0x39,
    0x2d, 0x32, 0x30, 0x64, 0x06, 0x06, 0x21, 0x17, 0x25, 0x7f, 0x21, 0x73, 0x72, 0x63, 0x5f, 0x73,
    0x63, 0x5f, 0x73, 0x65, 0x74, 0x53, 0x63, 0x65, 0x6e, 0x65, 0x69, 0x64, 0x61, 0x5f, 0x76, 0x65,
    0x72, 0x69, 0x66, 0x69, 0x65, 0x64, 0x64, 0x6f, 0x63, 0x73, 0x2f, 0x73, 0x72, 0x65, 0x31, 0x33,
    0x2f, 0x53, 0x63, 0x65, 0x6e, 0x65, 0x2e, 0x6d, 0x64, 0x3a, 0x36, 0x30, 0x20, 0x28, 0x46, 0x69,
    0x6e, 0x69, 0x73, 0x68, 0x4c, 0x6f, 0x61, 0x64, 0x20, 0x30, 0x78, 0x34, 0x46, 0x36, 0x38, 0x43,
    0x30, 0x20, 0x6f, 0x62, 0x6a, 0x65, 0x63, 0x74, 0x73, 0x20, 0x74, 0x72, 0x65, 0x65, 0x29, 0x32,
    0x30, 0x32, 0x36, 0x2d, 0x30, 0x39, 0x2d, 0x32, 0x30, 0x6a, 0x05, 0x06, 0x23, 0x23, 0x25, 0x7d,
    0x21, 0x73, 0x72, 0x63, 0x5f, 0x73, 0x6f, 0x5f, 0x72, 0x65, 0x6c, 0x61, 0x53, 0x63, 0x65, 0x6e,
    0x65, 0x4f, 0x62, 0x6a, 0x65, 0x63, 0x74, 0x69, 0x64, 0x61, 0x5f, 0x76, 0x65, 0x72, 0x69, 0x66,
    0x69, 0x65, 0x64, 0x64, 0x6f, 0x63, 0x73, 0x2f, 0x73, 0x72, 0x65, 0x31, 0x33, 0x2f, 0x53, 0x63,
    0x65, 0x6e, 0x65, 0x4f, 0x62, 0x6a, 0x65, 0x63, 0x74, 0x2e, 0x6d, 0x64, 0x3a, 0x35, 0x30, 0x20,
    0x28, 0x2e, 0x72, 0x65, 0x6c, 0x61, 0x2e, 0x64, 0x79, 0x6e, 0x20, 0x76, 0x74, 0x61, 0x62, 0x6c,
    0x65, 0x20, 0x30, 0x78, 0x36, 0x33, 0x33, 0x39, 0x46, 0x38, 0x29, 0x32, 0x30, 0x32, 0x36, 0x2d,
    0x30, 0x39, 0x2d, 0x32, 0x30, 0x79, 0x04, 0x07, 0x25, 0x29, 0x29, 0x81, 0x0d, 0x21, 0x73, 0x72,
    0x63, 0x5f, 0x63, 0x73, 0x5f, 0x73, 0x74, 0x61, 0x74, 0x73, 0x43, 0x68, 0x61, 0x72, 0x61, 0x63,
    0x74, 0x65, 0x72, 0x53, 0x74, 0x61, 0x74, 0x65, 0x70, 0x72, 0x6f, 0x74, 0x6f, 0x5f, 0x76, 0x65,
    0x72, 0x69, 0x66, 0x69, 0x65, 0x64, 0x64, 0x6f, 0x63, 0x73, 0x2f, 0x73, 0x72, 0x65, 0x31, 0x33,
    0x2f, 0x43, 0x68, 0x61, 0x72, 0x61, 0x63, 0x74, 0x65, 0x72, 0x53, 0x74, 0x61, 0x74, 0x65, 0x2e,
    0x6d, 0x64, 0x3a, 0x33, 0x30, 0x20, 0x28, 0x53, 0x61, 0x76, 0x65, 0x54, 0x6f, 0x50, 0x72, 0x6f,
    0x74, 0x6f, 0x62, 0x75, 0x66, 0x4d, 0x65, 0x73, 0x73, 0x61, 0x67, 0x65, 0x20, 0x30, 0x78, 0x34,
    0x36, 0x45, 0x30, 0x34, 0x34, 0x29, 0x32, 0x30, 0x32, 0x36, 0x2d, 0x30, 0x39, 0x2d, 0x32, 0x30,
    0x6f, 0x03, 0x07, 0x25, 0x1f, 0x29, 0x81, 0x03, 0x21, 0x73, 0x72, 0x63, 0x5f, 0x67, 0x73, 0x5f,
    0x70, 0x72, 0x6f, 0x74, 0x6f, 0x47, 0x61, 0x6d, 0x65, 0x53, 0x74, 0x61, 0x74, 0x65, 0x70, 0x72,
    0x6f, 0x74, 0x6f, 0x5f, 0x76, 0x65, 0x72, 0x69, 0x66, 0x69, 0x65, 0x64, 0x64, 0x6f, 0x63, 0x73,
    0x2f, 0x73, 0x72, 0x65, 0x31, 0x33, 0x2f, 0x47, 0x61, 0x6d, 0x65, 0x53, 0x74, 0x61, 0x74, 0x65,
    0x2e, 0x6d, 0x64, 0x3a, 0x34, 0x35, 0x20, 0x28, 0x53, 0x61, 0x76, 0x65, 0x54, 0x6f, 0x50, 0x72,
    0x6f, 0x74, 0x6f, 0x62, 0x75, 0x66, 0x4d, 0x65, 0x73, 0x73, 0x61, 0x67, 0x65, 0x20, 0x30, 0x78,
    0x34, 0x37, 0x34, 0x45, 0x37, 0x43, 0x29, 0x32, 0x30, 0x32, 0x36, 0x2d, 0x30, 0x39, 0x2d, 0x32,
    0x30, 0x81, 0x1b, 0x02, 0x07, 0x3b, 0x33, 0x2b, 0x81, 0x2f, 0x21, 0x73, 0x72, 0x63, 0x5f, 0x67,
    0x73, 0x63, 0x5f, 0x68, 0x65, 0x61, 0x64, 0x65, 0x72, 0x5f, 0x63, 0x6f, 0x6e, 0x66, 0x6c, 0x69,
    0x63, 0x74, 0x47, 0x61, 0x6d, 0x65, 0x53, 0x63, 0x65, 0x6e, 0x65, 0x43, 0x6f, 0x6e, 0x74, 0x72,
    0x6f, 0x6c, 0x6c, 0x65, 0x72, 0x68, 0x65, 0x61, 0x64, 0x65, 0x72, 0x5f, 0x63, 0x6f, 0x6e, 0x66,
    0x6c, 0x69, 0x63, 0x74, 0x73, 0x72, 0x63, 0x2f, 0x73, 0x72, 0x65, 0x2f, 0x73, 0x72, 0x65, 0x31,
    0x33, 0x2f, 0x63, 0x61, 0x76, 0x65, 0x72, 0x2f, 0x47, 0x61, 0x6d, 0x65, 0x53, 0x63, 0x65, 0x6e,
    0x65, 0x43, 0x6f, 0x6e, 0x74, 0x72, 0x6f, 0x6c, 0x6c, 0x65, 0x72, 0x2e, 0x68, 0x20, 0x28, 0x43,
    0x61, 0x6d, 0x65, 0x72, 0x61, 0x43, 0x6f, 0x6e, 0x74, 0x72, 0x6f, 0x6c, 0x6c, 0x65, 0x72, 0x20,
    0x77, 0x72, 0x6f, 0x6e, 0x67, 0x6c, 0x79, 0x20, 0x74, 0x79, 0x70, 0x65, 0x64, 0x20, 0x61, 0x73,
    0x20, 0x70, 0x74, 0x72, 0x29, 0x32, 0x30, 0x32, 0x36, 0x2d, 0x30, 0x39, 0x2d, 0x32, 0x30, 0x6f,
    0x01, 0x06, 0x25, 0x33, 0x25, 0x75, 0x21, 0x73, 0x72, 0x63, 0x5f, 0x67, 0x73, 0x63, 0x5f, 0x63,
    0x74, 0x6f, 0x72, 0x47, 0x61, 0x6d, 0x65, 0x53, 0x63, 0x65, 0x6e, 0x65, 0x43, 0x6f, 0x6e, 0x74,
    0x72, 0x6f, 0x6c, 0x6c, 0x65, 0x72, 0x69, 0x64, 0x61, 0x5f, 0x76, 0x65, 0x72, 0x69, 0x66, 0x69,
    0x65, 0x64, 0x64, 0x6f, 0x63, 0x73, 0x2f, 0x73, 0x72, 0x65, 0x31, 0x33, 0x2f, 0x47, 0x61, 0x6d,
    0x65, 0x53, 0x63, 0x65, 0x6e, 0x65, 0x43, 0x6f, 0x6e, 0x74, 0x72, 0x6f, 0x6c, 0x6c, 0x65, 0x72,
    0x2e, 0x6d, 0x64, 0x3a, 0x32, 0x35, 0x20, 0x28, 0x63, 0x74, 0x6f, 0x72, 0x20, 0x30, 0x78, 0x34,
    0x32, 0x35, 0x33, 0x42, 0x34, 0x29, 0x32, 0x30, 0x32, 0x36, 0x2d, 0x30, 0x39, 0x2d, 0x32, 0x30,
    0x0a, 0x00, 0x00, 0x00, 0x08, 0x0f, 0x6b, 0x00, 0x0f, 0x81, 0x0f, 0xb2, 0x0f, 0xc3, 0x0f, 0xf0,
    0x0f, 0xd4, 0x0f, 0x6b, 0x0f, 0x93, 0x0f, 0xa2, 0x00, 0x00, 0x00, 0x00, 0x00, 0x00, 0x00, 0x00,
    0x00, 0x00, 0x00, 0x00, 0x00, 0x00, 0x00, 0x00, 0x00, 0x00, 0x00, 0x00, 0x00, 0x00, 0x00, 0x00,
    0x00, 0x00, 0x00, 0x00, 0x00, 0x00, 0x00, 0x00, 0x00, 0x00, 0x00, 0x00, 0x00, 0x00, 0x00, 0x00,
    0x00, 0x00, 0x00, 0x00, 0x00, 0x00, 0x00, 0x00, 0x00, 0x00, 0x00, 0x00, 0x00, 0x00, 0x00, 0x00,
    0x00, 0x00, 0x00, 0x00, 0x00, 0x00, 0x00, 0x00, 0x00, 0x00, 0x00, 0x00, 0x00, 0x00, 0x00, 0x00,
    0x00, 0x00, 0x00, 0x00, 0x00, 0x00, 0x00, 0x00, 0x00, 0x00, 0x00, 0x00, 0x00, 0x00, 0x00, 0x00,
    0x00, 0x00, 0x00, 0x00, 0x00, 0x00, 0x00, 0x00, 0x00, 0x00, 0x00, 0x00, 0x00, 0x00, 0x00, 0x00,
    0x00, 0x00, 0x00, 0x00, 0x00, 0x00, 0x00, 0x00, 0x00, 0x00, 0x00, 0x00, 0x00, 0x00, 0x00, 0x00,
    0x00, 0x00, 0x00, 0x00, 0x00, 0x00, 0x00, 0x00, 0x00, 0x00, 0x00, 0x00, 0x00, 0x00, 0x00, 0x00,
    0x00, 0x00, 0x00, 0x00, 0x00, 0x00, 0x00, 0x00, 0x00, 0x00, 0x00, 0x00, 0x00, 0x00, 0x00, 0x00,
    0x00, 0x00, 0x00, 0x00, 0x00, 0x00, 0x00, 0x00, 0x00, 0x00, 0x00, 0x00, 0x00, 0x00, 0x00, 0x00,
    0x00, 0x00, 0x00, 0x00, 0x00, 0x00, 0x00, 0x00, 0x00, 0x00, 0x00, 0x00, 0x00, 0x00, 0x00, 0x00,
    0x00, 0x00, 0x00, 0x00, 0x00, 0x00, 0x00, 0x00, 0x00, 0x00, 0x00, 0x00, 0x00, 0x00, 0x00, 0x00,
    0x00, 0x00, 0x00, 0x00, 0x00, 0x00, 0x00, 0x00, 0x00, 0x00, 0x00, 0x00, 0x00, 0x00, 0x00, 0x00,
    0x00, 0x00, 0x00, 0x00, 0x00, 0x00, 0x00, 0x00, 0x00, 0x00, 0x00, 0x00, 0x00, 0x00, 0x00, 0x00,
    0x00, 0x00, 0x00, 0x00, 0x00, 0x00, 0x00, 0x00, 0x00, 0x00, 0x00, 0x00, 0x00, 0x00, 0x00, 0x00,
    0x00, 0x00, 0x00, 0x00, 0x00, 0x00, 0x00, 0x00, 0x00, 0x00, 0x00, 0x00, 0x00, 0x00, 0x00, 0x00,
    0x00, 0x00, 0x00, 0x00, 0x00, 0x00, 0x00, 0x00, 0x00, 0x00, 0x00, 0x00, 0x00, 0x00, 0x00, 0x00,
    0x00, 0x00, 0x00, 0x00, 0x00, 0x00, 0x00, 0x00, 0x00, 0x00, 0x00, 0x00, 0x00, 0x00, 0x00, 0x00,
    0x00, 0x00, 0x00, 0x00, 0x00, 0x00, 0x00, 0x00, 0x00, 0x00, 0x00, 0x00, 0x00, 0x00, 0x00, 0x00,
    0x00, 0x00, 0x00, 0x00, 0x00, 0x00, 0x00, 0x00, 0x00, 0x00, 0x00, 0x00, 0x00, 0x00, 0x00, 0x00,
    0x00, 0x00, 0x00, 0x00, 0x00, 0x00, 0x00, 0x00, 0x00, 0x00, 0x00, 0x00, 0x00, 0x00, 0x00, 0x00,
    0x00, 0x00, 0x00, 0x00, 0x00, 0x00, 0x00, 0x00, 0x00, 0x00, 0x00, 0x00, 0x00, 0x00, 0x00, 0x00,
    0x00, 0x00, 0x00, 0x00, 0x00, 0x00, 0x00, 0x00, 0x00, 0x00, 0x00, 0x00, 0x00, 0x00, 0x00, 0x00,
    0x00, 0x00, 0x00, 0x00, 0x00, 0x00, 0x00, 0x00, 0x00, 0x00, 0x00, 0x00, 0x00, 0x00, 0x00, 0x00,
    0x00, 0x00, 0x00, 0x00, 0x00, 0x00, 0x00, 0x00, 0x00, 0x00, 0x00, 0x00, 0x00, 0x00, 0x00, 0x00,
    0x00, 0x00, 0x00, 0x00, 0x00, 0x00, 0x00, 0x00, 0x00, 0x00, 0x00, 0x00, 0x00, 0x00, 0x00, 0x00,
    0x00, 0x00, 0x00, 0x00, 0x00, 0x00, 0x00, 0x00, 0x00, 0x00, 0x00, 0x00, 0x00, 0x00, 0x00, 0x00,
    0x00, 0x00, 0x00, 0x00, 0x00, 0x00, 0x00, 0x00, 0x00, 0x00, 0x00, 0x00, 0x00, 0x00, 0x00, 0x00,
    0x00, 0x00, 0x00, 0x00, 0x00, 0x00, 0x00, 0x00, 0x00, 0x00, 0x00, 0x00, 0x00, 0x00, 0x00, 0x00,
    0x00, 0x00, 0x00, 0x00, 0x00, 0x00, 0x00, 0x00, 0x00, 0x00, 0x00, 0x00, 0x00, 0x00, 0x00, 0x00,
    0x00, 0x00, 0x00, 0x00, 0x00, 0x00, 0x00, 0x00, 0x00, 0x00, 0x00, 0x00, 0x00, 0x00, 0x00, 0x00,
    0x00, 0x00, 0x00, 0x00, 0x00, 0x00, 0x00, 0x00, 0x00, 0x00, 0x00, 0x00, 0x00, 0x00, 0x00, 0x00,
    0x00, 0x00, 0x00, 0x00, 0x00, 0x00, 0x00, 0x00, 0x00, 0x00, 0x00, 0x00, 0x00, 0x00, 0x00, 0x00,
    0x00, 0x00, 0x00, 0x00, 0x00, 0x00, 0x00, 0x00, 0x00, 0x00, 0x00, 0x00, 0x00, 0x00, 0x00, 0x00,
    0x00, 0x00, 0x00, 0x00, 0x00, 0x00, 0x00, 0x00, 0x00, 0x00, 0x00, 0x00, 0x00, 0x00, 0x00, 0x00,
    0x00, 0x00, 0x00, 0x00, 0x00, 0x00, 0x00, 0x00, 0x00, 0x00, 0x00, 0x00, 0x00, 0x00, 0x00, 0x00,
    0x00, 0x00, 0x00, 0x00, 0x00, 0x00, 0x00, 0x00, 0x00, 0x00, 0x00, 0x00, 0x00, 0x00, 0x00, 0x00,
    0x00, 0x00, 0x00, 0x00, 0x00, 0x00, 0x00, 0x00, 0x00, 0x00, 0x00, 0x00, 0x00, 0x00, 0x00, 0x00,
    0x00, 0x00, 0x00, 0x00, 0x00, 0x00, 0x00, 0x00, 0x00, 0x00, 0x00, 0x00, 0x00, 0x00, 0x00, 0x00,
    0x00, 0x00, 0x00, 0x00, 0x00, 0x00, 0x00, 0x00, 0x00, 0x00, 0x00, 0x00, 0x00, 0x00, 0x00, 0x00,
    0x00, 0x00, 0x00, 0x00, 0x00, 0x00, 0x00, 0x00, 0x00, 0x00, 0x00, 0x00, 0x00, 0x00, 0x00, 0x00,
    0x00, 0x00, 0x00, 0x00, 0x00, 0x00, 0x00, 0x00, 0x00, 0x00, 0x00, 0x00, 0x00, 0x00, 0x00, 0x00,
    0x00, 0x00, 0x00, 0x00, 0x00, 0x00, 0x00, 0x00, 0x00, 0x00, 0x00, 0x00, 0x00, 0x00, 0x00, 0x00,
    0x00, 0x00, 0x00, 0x00, 0x00, 0x00, 0x00, 0x00, 0x00, 0x00, 0x00, 0x00, 0x00, 0x00, 0x00, 0x00,
    0x00, 0x00, 0x00, 0x00, 0x00, 0x00, 0x00, 0x00, 0x00, 0x00, 0x00, 0x00, 0x00, 0x00, 0x00, 0x00,
    0x00, 0x00, 0x00, 0x00, 0x00, 0x00, 0x00, 0x00, 0x00, 0x00, 0x00, 0x00, 0x00, 0x00, 0x00, 0x00,
    0x00, 0x00, 0x00, 0x00, 0x00, 0x00, 0x00, 0x00, 0x00, 0x00, 0x00, 0x00, 0x00, 0x00, 0x00, 0x00,
    0x00, 0x00, 0x00, 0x00, 0x00, 0x00, 0x00, 0x00, 0x00, 0x00, 0x00, 0x00, 0x00, 0x00, 0x00, 0x00,
    0x00, 0x00, 0x00, 0x00, 0x00, 0x00, 0x00, 0x00, 0x00, 0x00, 0x00, 0x00, 0x00, 0x00, 0x00, 0x00,
    0x00, 0x00, 0x00, 0x00, 0x00, 0x00, 0x00, 0x00, 0x00, 0x00, 0x00, 0x00, 0x00, 0x00, 0x00, 0x00,
    0x00, 0x00, 0x00, 0x00, 0x00, 0x00, 0x00, 0x00, 0x00, 0x00, 0x00, 0x00, 0x00, 0x00, 0x00, 0x00,
    0x00, 0x00, 0x00, 0x00, 0x00, 0x00, 0x00, 0x00, 0x00, 0x00, 0x00, 0x00, 0x00, 0x00, 0x00, 0x00,
    0x00, 0x00, 0x00, 0x00, 0x00, 0x00, 0x00, 0x00, 0x00, 0x00, 0x00, 0x00, 0x00, 0x00, 0x00, 0x00,
    0x00, 0x00, 0x00, 0x00, 0x00, 0x00, 0x00, 0x00, 0x00, 0x00, 0x00, 0x00, 0x00, 0x00, 0x00, 0x00,
    0x00, 0x00, 0x00, 0x00, 0x00, 0x00, 0x00, 0x00, 0x00, 0x00, 0x00, 0x00, 0x00, 0x00, 0x00, 0x00,
    0x00, 0x00, 0x00, 0x00, 0x00, 0x00, 0x00, 0x00, 0x00, 0x00, 0x00, 0x00, 0x00, 0x00, 0x00, 0x00,
    0x00, 0x00, 0x00, 0x00, 0x00, 0x00, 0x00, 0x00, 0x00, 0x00, 0x00, 0x00, 0x00, 0x00, 0x00, 0x00,
    0x00, 0x00, 0x00, 0x00, 0x00, 0x00, 0x00, 0x00, 0x00, 0x00, 0x00, 0x00, 0x00, 0x00, 0x00, 0x00,
    0x00, 0x00, 0x00, 0x00, 0x00, 0x00, 0x00, 0x00, 0x00, 0x00, 0x00, 0x00, 0x00, 0x00, 0x00, 0x00,
    0x00, 0x00, 0x00, 0x00, 0x00, 0x00, 0x00, 0x00, 0x00, 0x00, 0x00, 0x00, 0x00, 0x00, 0x00, 0x00,
    0x00, 0x00, 0x00, 0x00, 0x00, 0x00, 0x00, 0x00, 0x00, 0x00, 0x00, 0x00, 0x00, 0x00, 0x00, 0x00,
    0x00, 0x00, 0x00, 0x00, 0x00, 0x00, 0x00, 0x00, 0x00, 0x00, 0x00, 0x00, 0x00, 0x00, 0x00, 0x00,
    0x00, 0x00, 0x00, 0x00, 0x00, 0x00, 0x00, 0x00, 0x00, 0x00, 0x00, 0x00, 0x00, 0x00, 0x00, 0x00,
    0x00, 0x00, 0x00, 0x00, 0x00, 0x00, 0x00, 0x00, 0x00, 0x00, 0x00, 0x00, 0x00, 0x00, 0x00, 0x00,
    0x00, 0x00, 0x00, 0x00, 0x00, 0x00, 0x00, 0x00, 0x00, 0x00, 0x00, 0x00, 0x00, 0x00, 0x00, 0x00,
    0x00, 0x00, 0x00, 0x00, 0x00, 0x00, 0x00, 0x00, 0x00, 0x00, 0x00, 0x00, 0x00, 0x00, 0x00, 0x00,
    0x00, 0x00, 0x00, 0x00, 0x00, 0x00, 0x00, 0x00, 0x00, 0x00, 0x00, 0x00, 0x00, 0x00, 0x00, 0x00,
    0x00, 0x00, 0x00, 0x00, 0x00, 0x00, 0x00, 0x00, 0x00, 0x00, 0x00, 0x00, 0x00, 0x00, 0x00, 0x00,
    0x00, 0x00, 0x00, 0x00, 0x00, 0x00, 0x00, 0x00, 0x00, 0x00, 0x00, 0x00, 0x00, 0x00, 0x00, 0x00,
    0x00, 0x00, 0x00, 0x00, 0x00, 0x00, 0x00, 0x00, 0x00, 0x00, 0x00, 0x00, 0x00, 0x00, 0x00, 0x00,
    0x00, 0x00, 0x00, 0x00, 0x00, 0x00, 0x00, 0x00, 0x00, 0x00, 0x00, 0x00, 0x00, 0x00, 0x00, 0x00,
    0x00, 0x00, 0x00, 0x00, 0x00, 0x00, 0x00, 0x00, 0x00, 0x00, 0x00, 0x00, 0x00, 0x00, 0x00, 0x00,
    0x00, 0x00, 0x00, 0x00, 0x00, 0x00, 0x00, 0x00, 0x00, 0x00, 0x00, 0x00, 0x00, 0x00, 0x00, 0x00,
    0x00, 0x00, 0x00, 0x00, 0x00, 0x00, 0x00, 0x00, 0x00, 0x00, 0x00, 0x00, 0x00, 0x00, 0x00, 0x00,
    0x00, 0x00, 0x00, 0x00, 0x00, 0x00, 0x00, 0x00, 0x00, 0x00, 0x00, 0x00, 0x00, 0x00, 0x00, 0x00,
    0x00, 0x00, 0x00, 0x00, 0x00, 0x00, 0x00, 0x00, 0x00, 0x00, 0x00, 0x00, 0x00, 0x00, 0x00, 0x00,
    0x00, 0x00, 0x00, 0x00, 0x00, 0x00, 0x00, 0x00, 0x00, 0x00, 0x00, 0x00, 0x00, 0x00, 0x00, 0x00,
    0x00, 0x00, 0x00, 0x00, 0x00, 0x00, 0x00, 0x00, 0x00, 0x00, 0x00, 0x00, 0x00, 0x00, 0x00, 0x00,
    0x00, 0x00, 0x00, 0x00, 0x00, 0x00, 0x00, 0x00, 0x00, 0x00, 0x00, 0x00, 0x00, 0x00, 0x00, 0x00,
    0x00, 0x00, 0x00, 0x00, 0x00, 0x00, 0x00, 0x00, 0x00, 0x00, 0x00, 0x00, 0x00, 0x00, 0x00, 0x00,
    0x00, 0x00, 0x00, 0x00, 0x00, 0x00, 0x00, 0x00, 0x00, 0x00, 0x00, 0x00, 0x00, 0x00, 0x00, 0x00,
    0x00, 0x00, 0x00, 0x00, 0x00, 0x00, 0x00, 0x00, 0x00, 0x00, 0x00, 0x00, 0x00, 0x00, 0x00, 0x00,
    0x00, 0x00, 0x00, 0x00, 0x00, 0x00, 0x00, 0x00, 0x00, 0x00, 0x00, 0x00, 0x00, 0x00, 0x00, 0x00,
    0x00, 0x00, 0x00, 0x00, 0x00, 0x00, 0x00, 0x00, 0x00, 0x00, 0x00, 0x00, 0x00, 0x00, 0x00, 0x00,
    0x00, 0x00, 0x00, 0x00, 0x00, 0x00, 0x00, 0x00, 0x00, 0x00, 0x00, 0x00, 0x00, 0x00, 0x00, 0x00,
    0x00, 0x00, 0x00, 0x00, 0x00, 0x00, 0x00, 0x00, 0x00, 0x00, 0x00, 0x00, 0x00, 0x00, 0x00, 0x00,
    0x00, 0x00, 0x00, 0x00, 0x00, 0x00, 0x00, 0x00, 0x00, 0x00, 0x00, 0x00, 0x00, 0x00, 0x00, 0x00,
    0x00, 0x00, 0x00, 0x00, 0x00, 0x00, 0x00, 0x00, 0x00, 0x00, 0x00, 0x00, 0x00, 0x00, 0x00, 0x00,
    0x00, 0x00, 0x00, 0x00, 0x00, 0x00, 0x00, 0x00, 0x00, 0x00, 0x00, 0x00, 0x00, 0x00, 0x00, 0x00,
    0x00, 0x00, 0x00, 0x00, 0x00, 0x00, 0x00, 0x00, 0x00, 0x00, 0x00, 0x00, 0x00, 0x00, 0x00, 0x00,
    0x00, 0x00, 0x00, 0x00, 0x00, 0x00, 0x00, 0x00, 0x00, 0x00, 0x00, 0x00, 0x00, 0x00, 0x00, 0x00,
    0x00, 0x00, 0x00, 0x00, 0x00, 0x00, 0x00, 0x00, 0x00, 0x00, 0x00, 0x00, 0x00, 0x00, 0x00, 0x00,
    0x00, 0x00, 0x00, 0x00, 0x00, 0x00, 0x00, 0x00, 0x00, 0x00, 0x00, 0x00, 0x00, 0x00, 0x00, 0x00,
    0x00, 0x00, 0x00, 0x00, 0x00, 0x00, 0x00, 0x00, 0x00, 0x00, 0x00, 0x00, 0x00, 0x00, 0x00, 0x00,
    0x00, 0x00, 0x00, 0x00, 0x00, 0x00, 0x00, 0x00, 0x00, 0x00, 0x00, 0x00, 0x00, 0x00, 0x00, 0x00,
    0x00, 0x00, 0x00, 0x00, 0x00, 0x00, 0x00, 0x00, 0x00, 0x00, 0x00, 0x00, 0x00, 0x00, 0x00, 0x00,
    0x00, 0x00, 0x00, 0x00, 0x00, 0x00, 0x00, 0x00, 0x00, 0x00, 0x00, 0x00, 0x00, 0x00, 0x00, 0x00,
    0x00, 0x00, 0x00, 0x00, 0x00, 0x00, 0x00, 0x00, 0x00, 0x00, 0x00, 0x00, 0x00, 0x00, 0x00, 0x00,
    0x00, 0x00, 0x00, 0x00, 0x00, 0x00, 0x00, 0x00, 0x00, 0x00, 0x00, 0x00, 0x00, 0x00, 0x00, 0x00,
    0x00, 0x00, 0x00, 0x00, 0x00, 0x00, 0x00, 0x00, 0x00, 0x00, 0x00, 0x00, 0x00, 0x00, 0x00, 0x00,
    0x00, 0x00, 0x00, 0x00, 0x00, 0x00, 0x00, 0x00, 0x00, 0x00, 0x00, 0x00, 0x00, 0x00, 0x00, 0x00,
    0x00, 0x00, 0x00, 0x00, 0x00, 0x00, 0x00, 0x00, 0x00, 0x00, 0x00, 0x00, 0x00, 0x00, 0x00, 0x00,
    0x00, 0x00, 0x00, 0x00, 0x00, 0x00, 0x00, 0x00, 0x00, 0x00, 0x00, 0x00, 0x00, 0x00, 0x00, 0x00,
    0x00, 0x00, 0x00, 0x00, 0x00, 0x00, 0x00, 0x00, 0x00, 0x00, 0x00, 0x00, 0x00, 0x00, 0x00, 0x00,
    0x00, 0x00, 0x00, 0x00, 0x00, 0x00, 0x00, 0x00, 0x00, 0x00, 0x00, 0x00, 0x00, 0x00, 0x00, 0x00,
    0x00, 0x00, 0x00, 0x00, 0x00, 0x00, 0x00, 0x00, 0x00, 0x00, 0x00, 0x00, 0x00, 0x00, 0x00, 0x00,
    0x00, 0x00, 0x00, 0x00, 0x00, 0x00, 0x00, 0x00, 0x00, 0x00, 0x00, 0x00, 0x00, 0x00, 0x00, 0x00,
    0x00, 0x00, 0x00, 0x00, 0x00, 0x00, 0x00, 0x00, 0x00, 0x00, 0x00, 0x00, 0x00, 0x00, 0x00, 0x00,
    0x00, 0x00, 0x00, 0x00, 0x00, 0x00, 0x00, 0x00, 0x00, 0x00, 0x00, 0x00, 0x00, 0x00, 0x00, 0x00,
    0x00, 0x00, 0x00, 0x00, 0x00, 0x00, 0x00, 0x00, 0x00, 0x00, 0x00, 0x00, 0x00, 0x00, 0x00, 0x00,
    0x00, 0x00, 0x00, 0x00, 0x00, 0x00, 0x00, 0x00, 0x00, 0x00, 0x00, 0x00, 0x00, 0x00, 0x00, 0x00,
    0x00, 0x00, 0x00, 0x00, 0x00, 0x00, 0x00, 0x00, 0x00, 0x00, 0x00, 0x00, 0x00, 0x00, 0x00, 0x00,
    0x00, 0x00, 0x00, 0x00, 0x00, 0x00, 0x00, 0x00, 0x00, 0x00, 0x00, 0x00, 0x00, 0x00, 0x00, 0x00,
    0x00, 0x00, 0x00, 0x00, 0x00, 0x00, 0x00, 0x00, 0x00, 0x00, 0x00, 0x00, 0x00, 0x00, 0x00, 0x00,
    0x00, 0x00, 0x00, 0x00, 0x00, 0x00, 0x00, 0x00, 0x00, 0x00, 0x00, 0x00, 0x00, 0x00, 0x00, 0x00,
    0x00, 0x00, 0x00, 0x00, 0x00, 0x00, 0x00, 0x00, 0x00, 0x00, 0x00, 0x00, 0x00, 0x00, 0x00, 0x00,
    0x00, 0x00, 0x00, 0x00, 0x00, 0x00, 0x00, 0x00, 0x00, 0x00, 0x00, 0x00, 0x00, 0x00, 0x00, 0x00,
    0x00, 0x00, 0x00, 0x00, 0x00, 0x00, 0x00, 0x00, 0x00, 0x00, 0x00, 0x00, 0x00, 0x00, 0x00, 0x00,
    0x00, 0x00, 0x00, 0x00, 0x00, 0x00, 0x00, 0x00, 0x00, 0x00, 0x00, 0x00, 0x00, 0x00, 0x00, 0x00,
    0x00, 0x00, 0x00, 0x00, 0x00, 0x00, 0x00, 0x00, 0x00, 0x00, 0x00, 0x00, 0x00, 0x00, 0x00, 0x00,
    0x00, 0x00, 0x00, 0x00, 0x00, 0x00, 0x00, 0x00, 0x00, 0x00, 0x00, 0x00, 0x00, 0x00, 0x00, 0x00,
    0x00, 0x00, 0x00, 0x00, 0x00, 0x00, 0x00, 0x00, 0x00, 0x00, 0x00, 0x00, 0x00, 0x00, 0x00, 0x00,
    0x00, 0x00, 0x00, 0x00, 0x00, 0x00, 0x00, 0x00, 0x00, 0x00, 0x00, 0x00, 0x00, 0x00, 0x00, 0x00,
    0x00, 0x00, 0x00, 0x00, 0x00, 0x00, 0x00, 0x00, 0x00, 0x00, 0x00, 0x00, 0x00, 0x00, 0x00, 0x00,
    0x00, 0x00, 0x00, 0x00, 0x00, 0x00, 0x00, 0x00, 0x00, 0x00, 0x00, 0x00, 0x00, 0x00, 0x00, 0x00,
    0x00, 0x00, 0x00, 0x00, 0x00, 0x00, 0x00, 0x00, 0x00, 0x00, 0x00, 0x00, 0x00, 0x00, 0x00, 0x00,
    0x00, 0x00, 0x00, 0x00, 0x00, 0x00, 0x00, 0x00, 0x00, 0x00, 0x00, 0x00, 0x00, 0x00, 0x00, 0x00,
    0x00, 0x00, 0x00, 0x00, 0x00, 0x00, 0x00, 0x00, 0x00, 0x00, 0x00, 0x00, 0x00, 0x00, 0x00, 0x00,
    0x00, 0x00, 0x00, 0x00, 0x00, 0x00, 0x00, 0x00, 0x00, 0x00, 0x00, 0x00, 0x00, 0x00, 0x00, 0x00,
    0x00, 0x00, 0x00, 0x00, 0x00, 0x00, 0x00, 0x00, 0x00, 0x00, 0x00, 0x00, 0x00, 0x00, 0x00, 0x00,
    0x00, 0x00, 0x00, 0x00, 0x00, 0x00, 0x00, 0x00, 0x00, 0x00, 0x00, 0x00, 0x00, 0x00, 0x00, 0x00,
    0x00, 0x00, 0x00, 0x00, 0x00, 0x00, 0x00, 0x00, 0x00, 0x00, 0x00, 0x00, 0x00, 0x00, 0x00, 0x00,
    0x00, 0x00, 0x00, 0x00, 0x00, 0x00, 0x00, 0x00, 0x00, 0x00, 0x00, 0x00, 0x00, 0x00, 0x00, 0x00,
    0x00, 0x00, 0x00, 0x00, 0x00, 0x00, 0x00, 0x00, 0x00, 0x00, 0x00, 0x00, 0x00, 0x00, 0x00, 0x00,
    0x00, 0x00, 0x00, 0x00, 0x00, 0x00, 0x00, 0x00, 0x00, 0x00, 0x00, 0x00, 0x00, 0x00, 0x00, 0x00,
    0x00, 0x00, 0x00, 0x00, 0x00, 0x00, 0x00, 0x00, 0x00, 0x00, 0x00, 0x00, 0x00, 0x00, 0x00, 0x00,
    0x00, 0x00, 0x00, 0x00, 0x00, 0x00, 0x00, 0x00, 0x00, 0x00, 0x00, 0x00, 0x00, 0x00, 0x00, 0x00,
    0x00, 0x00, 0x00, 0x00, 0x00, 0x00, 0x00, 0x00, 0x00, 0x00, 0x00, 0x00, 0x00, 0x00, 0x00, 0x00,
    0x00, 0x00, 0x00, 0x00, 0x00, 0x00, 0x00, 0x00, 0x00, 0x00, 0x00, 0x00, 0x00, 0x00, 0x00, 0x00,
    0x00, 0x00, 0x00, 0x00, 0x00, 0x00, 0x00, 0x00, 0x00, 0x00, 0x00, 0x00, 0x00, 0x00, 0x00, 0x00,
    0x00, 0x00, 0x00, 0x00, 0x00, 0x00, 0x00, 0x00, 0x00, 0x00, 0x00, 0x00, 0x00, 0x00, 0x00, 0x00,
    0x00, 0x00, 0x00, 0x00, 0x00, 0x00, 0x00, 0x00, 0x00, 0x00, 0x00, 0x00, 0x00, 0x00, 0x00, 0x00,
    0x00, 0x00, 0x00, 0x00, 0x00, 0x00, 0x00, 0x00, 0x00, 0x00, 0x00, 0x00, 0x00, 0x00, 0x00, 0x00,
    0x00, 0x00, 0x00, 0x00, 0x00, 0x00, 0x00, 0x00, 0x00, 0x00, 0x00, 0x00, 0x00, 0x00, 0x00, 0x00,
    0x00, 0x00, 0x00, 0x00, 0x00, 0x00, 0x00, 0x00, 0x00, 0x00, 0x00, 0x00, 0x00, 0x00, 0x00, 0x00,
    0x00, 0x00, 0x00, 0x00, 0x00, 0x00, 0x00, 0x00, 0x00, 0x00, 0x00, 0x00, 0x00, 0x00, 0x00, 0x00,
    0x00, 0x00, 0x00, 0x00, 0x00, 0x00, 0x00, 0x00, 0x00, 0x00, 0x00, 0x00, 0x00, 0x00, 0x00, 0x00,
    0x00, 0x00, 0x00, 0x00, 0x00, 0x00, 0x00, 0x00, 0x00, 0x00, 0x00, 0x00, 0x00, 0x00, 0x00, 0x00,
    0x00, 0x00, 0x00, 0x00, 0x00, 0x00, 0x00, 0x00, 0x00, 0x00, 0x00, 0x00, 0x00, 0x00, 0x00, 0x00,
    0x00, 0x00, 0x00, 0x00, 0x00, 0x00, 0x00, 0x00, 0x00, 0x00, 0x00, 0x00, 0x00, 0x00, 0x00, 0x00,
    0x00, 0x00, 0x00, 0x00, 0x00, 0x00, 0x00, 0x00, 0x00, 0x00, 0x00, 0x00, 0x00, 0x00, 0x00, 0x00,
    0x00, 0x00, 0x00, 0x00, 0x00, 0x00, 0x00, 0x00, 0x00, 0x00, 0x00, 0x00, 0x00, 0x00, 0x00, 0x00,
    0x00, 0x00, 0x00, 0x00, 0x00, 0x00, 0x00, 0x00, 0x00, 0x00, 0x00, 0x00, 0x00, 0x00, 0x00, 0x00,
    0x00, 0x00, 0x00, 0x00, 0x00, 0x00, 0x00, 0x00, 0x00, 0x00, 0x00, 0x00, 0x00, 0x00, 0x00, 0x00,
    0x00, 0x00, 0x00, 0x00, 0x00, 0x00, 0x00, 0x00, 0x00, 0x00, 0x00, 0x00, 0x00, 0x00, 0x00, 0x00,
    0x00, 0x00, 0x00, 0x00, 0x00, 0x00, 0x00, 0x00, 0x00, 0x00, 0x00, 0x00, 0x00, 0x00, 0x00, 0x00,
    0x00, 0x00, 0x00, 0x00, 0x00, 0x00, 0x00, 0x00, 0x00, 0x00, 0x00, 0x00, 0x00, 0x00, 0x00, 0x00,
    0x00, 0x00, 0x00, 0x00, 0x00, 0x00, 0x00, 0x00, 0x00, 0x00, 0x00, 0x00, 0x00, 0x00, 0x00, 0x00,
    0x00, 0x00, 0x00, 0x00, 0x00, 0x00, 0x00, 0x00, 0x00, 0x00, 0x00, 0x00, 0x00, 0x00, 0x00, 0x00,
    0x00, 0x00, 0x00, 0x00, 0x00, 0x00, 0x00, 0x00, 0x00, 0x00, 0x00, 0x00, 0x00, 0x00, 0x00, 0x00,
    0x00, 0x00, 0x00, 0x00, 0x00, 0x00, 0x00, 0x00, 0x00, 0x00, 0x00, 0x00, 0x00, 0x00, 0x00, 0x00,
    0x00, 0x00, 0x00, 0x00, 0x00, 0x00, 0x00, 0x00, 0x00, 0x00, 0x00, 0x00, 0x00, 0x00, 0x00, 0x00,
    0x00, 0x00, 0x00, 0x00, 0x00, 0x00, 0x00, 0x00, 0x00, 0x00, 0x00, 0x00, 0x00, 0x00, 0x00, 0x00,
    0x00, 0x00, 0x00, 0x00, 0x00, 0x00, 0x00, 0x00, 0x00, 0x00, 0x00, 0x00, 0x00, 0x00, 0x00, 0x00,
    0x00, 0x00, 0x00, 0x00, 0x00, 0x00, 0x00, 0x00, 0x00, 0x00, 0x00, 0x00, 0x00, 0x00, 0x00, 0x00,
    0x00, 0x00, 0x00, 0x00, 0x00, 0x00, 0x00, 0x00, 0x00, 0x00, 0x00, 0x00, 0x00, 0x00, 0x00, 0x00,
    0x00, 0x00, 0x00, 0x00, 0x00, 0x00, 0x00, 0x00, 0x00, 0x00, 0x00, 0x00, 0x00, 0x00, 0x00, 0x00,
    0x00, 0x00, 0x00, 0x00, 0x00, 0x00, 0x00, 0x00, 0x00, 0x00, 0x00, 0x00, 0x00, 0x00, 0x00, 0x00,
    0x00, 0x00, 0x00, 0x00, 0x00, 0x00, 0x00, 0x00, 0x00, 0x00, 0x00, 0x00, 0x00, 0x00, 0x00, 0x00,
    0x00, 0x00, 0x00, 0x00, 0x00, 0x00, 0x00, 0x00, 0x00, 0x00, 0x00, 0x00, 0x00, 0x00, 0x00, 0x00,
    0x00, 0x00, 0x00, 0x00, 0x00, 0x00, 0x00, 0x00, 0x00, 0x00, 0x00, 0x00, 0x00, 0x00, 0x00, 0x00,
    0x00, 0x00, 0x00, 0x00, 0x00, 0x00, 0x00, 0x00, 0x00, 0x00, 0x00, 0x00, 0x00, 0x00, 0x00, 0x00,
    0x00, 0x00, 0x00, 0x00, 0x00, 0x00, 0x00, 0x00, 0x00, 0x00, 0x00, 0x00, 0x00, 0x00, 0x00, 0x00,
    0x00, 0x00, 0x00, 0x00, 0x00, 0x00, 0x00, 0x00, 0x00, 0x00, 0x00, 0x00, 0x00, 0x00, 0x00, 0x00,
    0x00, 0x00, 0x00, 0x00, 0x00, 0x00, 0x00, 0x00, 0x00, 0x00, 0x00, 0x00, 0x00, 0x00, 0x00, 0x00,
    0x00, 0x00, 0x00, 0x00, 0x00, 0x00, 0x00, 0x00, 0x00, 0x00, 0x00, 0x00, 0x00, 0x00, 0x00, 0x00,
    0x00, 0x00, 0x00, 0x00, 0x00, 0x00, 0x00, 0x00, 0x00, 0x00, 0x00, 0x00, 0x00, 0x00, 0x00, 0x00,
    0x00, 0x00, 0x00, 0x00, 0x00, 0x00, 0x00, 0x00, 0x00, 0x00, 0x00, 0x00, 0x00, 0x00, 0x00, 0x00,
    0x00, 0x00, 0x00, 0x00, 0x00, 0x00, 0x00, 0x00, 0x00, 0x00, 0x00, 0x00, 0x00, 0x00, 0x00, 0x00,
    0x00, 0x00, 0x00, 0x00, 0x00, 0x00, 0x00, 0x00, 0x00, 0x00, 0x00, 0x00, 0x00, 0x00, 0x00, 0x00,
    0x00, 0x00, 0x00, 0x00, 0x00, 0x00, 0x00, 0x00, 0x00, 0x00, 0x00, 0x00, 0x00, 0x00, 0x00, 0x00,
    0x00, 0x00, 0x00, 0x00, 0x00, 0x00, 0x00, 0x00, 0x00, 0x00, 0x00, 0x00, 0x00, 0x00, 0x00, 0x00,
    0x00, 0x00, 0x00, 0x00, 0x00, 0x00, 0x00, 0x00, 0x00, 0x00, 0x00, 0x00, 0x00, 0x00, 0x00, 0x00,
    0x00, 0x00, 0x00, 0x00, 0x00, 0x00, 0x00, 0x00, 0x00, 0x00, 0x00, 0x00, 0x00, 0x00, 0x00, 0x00,
    0x00, 0x00, 0x00, 0x00, 0x00, 0x00, 0x00, 0x00, 0x00, 0x00, 0x00, 0x00, 0x00, 0x00, 0x00, 0x00,
    0x00, 0x00, 0x00, 0x00, 0x00, 0x00, 0x00, 0x00, 0x00, 0x00, 0x00, 0x00, 0x00, 0x00, 0x00, 0x00,
    0x00, 0x00, 0x00, 0x00, 0x00, 0x00, 0x00, 0x00, 0x00, 0x00, 0x00, 0x00, 0x00, 0x00, 0x00, 0x00,
    0x00, 0x00, 0x00, 0x00, 0x00, 0x00, 0x00, 0x00, 0x00, 0x00, 0x00, 0x00, 0x00, 0x00, 0x00, 0x00,
    0x00, 0x00, 0x00, 0x00, 0x00, 0x00, 0x00, 0x00, 0x00, 0x00, 0x00, 0x00, 0x00, 0x00, 0x00, 0x00,
    0x00, 0x00, 0x00, 0x00, 0x00, 0x00, 0x00, 0x00, 0x00, 0x00, 0x00, 0x00, 0x00, 0x00, 0x00, 0x00,
    0x00, 0x00, 0x00, 0x00, 0x00, 0x00, 0x00, 0x00, 0x00, 0x00, 0x00, 0x00, 0x00, 0x00, 0x00, 0x00,
    0x00, 0x00, 0x00, 0x00, 0x00, 0x00, 0x00, 0x00, 0x00, 0x00, 0x00, 0x00, 0x00, 0x00, 0x00, 0x00,
    0x00, 0x00, 0x00, 0x00, 0x00, 0x00, 0x00, 0x00, 0x00, 0x00, 0x00, 0x00, 0x00, 0x00, 0x00, 0x00,
    0x00, 0x00, 0x00, 0x00, 0x00, 0x00, 0x00, 0x00, 0x00, 0x00, 0x00, 0x00, 0x00, 0x00, 0x00, 0x00,
    0x00, 0x00, 0x00, 0x00, 0x00, 0x00, 0x00, 0x00, 0x00, 0x00, 0x00, 0x00, 0x00, 0x00, 0x00, 0x00,
    0x00, 0x00, 0x00, 0x00, 0x00, 0x00, 0x00, 0x00, 0x00, 0x00, 0x00, 0x00, 0x00, 0x00, 0x00, 0x00,
    0x00, 0x00, 0x00, 0x00, 0x00, 0x00, 0x00, 0x00, 0x00, 0x00, 0x00, 0x00, 0x00, 0x00, 0x00, 0x00,
    0x00, 0x00, 0x00, 0x00, 0x00, 0x00, 0x00, 0x00, 0x00, 0x00, 0x00, 0x00, 0x00, 0x00, 0x00, 0x00,
    0x00, 0x00, 0x00, 0x00, 0x00, 0x00, 0x00, 0x00, 0x00, 0x00, 0x00, 0x00, 0x00, 0x00, 0x00, 0x00,
    0x00, 0x00, 0x00, 0x00, 0x00, 0x00, 0x00, 0x00, 0x00, 0x00, 0x00, 0x00, 0x00, 0x00, 0x00, 0x00,
    0x00, 0x00, 0x00, 0x00, 0x00, 0x00, 0x00, 0x00, 0x00, 0x00, 0x00, 0x00, 0x00, 0x00, 0x00, 0x00,
    0x00, 0x00, 0x00, 0x00, 0x00, 0x00, 0x00, 0x00, 0x00, 0x00, 0x00, 0x00, 0x00, 0x00, 0x00, 0x00,
    0x00, 0x00, 0x00, 0x00, 0x00, 0x00, 0x00, 0x00, 0x00, 0x00, 0x00, 0x00, 0x00, 0x00, 0x00, 0x00,
    0x00, 0x00, 0x00, 0x00, 0x00, 0x00, 0x00, 0x00, 0x00, 0x00, 0x00, 0x00, 0x00, 0x00, 0x00, 0x00,
    0x00, 0x00, 0x00, 0x00, 0x00, 0x00, 0x00, 0x00, 0x00, 0x00, 0x00, 0x00, 0x00, 0x00, 0x00, 0x00,
    0x00, 0x00, 0x00, 0x00, 0x00, 0x00, 0x00, 0x00, 0x00, 0x00, 0x00, 0x00, 0x00, 0x00, 0x00, 0x00,
    0x00, 0x00, 0x00, 0x00, 0x00, 0x00, 0x00, 0x00, 0x00, 0x00, 0x00, 0x00, 0x00, 0x00, 0x00, 0x00,
    0x00, 0x00, 0x00, 0x00, 0x00, 0x00, 0x00, 0x00, 0x00, 0x00, 0x00, 0x00, 0x00, 0x00, 0x00, 0x00,
    0x00, 0x00, 0x00, 0x00, 0x00, 0x00, 0x00, 0x00, 0x00, 0x00, 0x00, 0x00, 0x00, 0x00, 0x00, 0x00,
    0x00, 0x00, 0x00, 0x00, 0x00, 0x00, 0x00, 0x00, 0x00, 0x00, 0x00, 0x00, 0x00, 0x00, 0x00, 0x00,
    0x00, 0x00, 0x00, 0x00, 0x00, 0x00, 0x00, 0x00, 0x00, 0x00, 0x00, 0x00, 0x00, 0x00, 0x00, 0x00,
    0x00, 0x00, 0x00, 0x00, 0x00, 0x00, 0x00, 0x00, 0x00, 0x00, 0x00, 0x00, 0x00, 0x00, 0x00, 0x00,
    0x00, 0x00, 0x00, 0x00, 0x00, 0x00, 0x00, 0x00, 0x00, 0x00, 0x00, 0x00, 0x00, 0x00, 0x00, 0x00,
    0x00, 0x00, 0x00, 0x00, 0x00, 0x00, 0x00, 0x00, 0x00, 0x00, 0x00, 0x00, 0x00, 0x00, 0x00, 0x00,
    0x00, 0x00, 0x00, 0x00, 0x00, 0x00, 0x00, 0x00, 0x00, 0x00, 0x00, 0x00, 0x00, 0x00, 0x00, 0x00,
    0x00, 0x00, 0x00, 0x00, 0x00, 0x00, 0x00, 0x00, 0x00, 0x00, 0x00, 0x00, 0x00, 0x00, 0x00, 0x00,
    0x00, 0x00, 0x00, 0x00, 0x00, 0x00, 0x00, 0x00, 0x00, 0x00, 0x00, 0x00, 0x00, 0x00, 0x00, 0x00,
    0x00, 0x00, 0x00, 0x00, 0x00, 0x00, 0x00, 0x00, 0x00, 0x00, 0x00, 0x00, 0x00, 0x00, 0x00, 0x00,
    0x00, 0x00, 0x00, 0x00, 0x00, 0x00, 0x00, 0x00, 0x00, 0x00, 0x00, 0x00, 0x00, 0x00, 0x00, 0x00,
    0x00, 0x00, 0x00, 0x00, 0x00, 0x00, 0x00, 0x00, 0x00, 0x00, 0x00, 0x00, 0x00, 0x00, 0x00, 0x00,
    0x00, 0x00, 0x00, 0x00, 0x00, 0x00, 0x00, 0x00, 0x00, 0x00, 0x00, 0x00, 0x00, 0x00, 0x00, 0x00,
    0x00, 0x00, 0x00, 0x00, 0x00, 0x00, 0x00, 0x00, 0x00, 0x00, 0x00, 0x00, 0x00, 0x00, 0x00, 0x00,
    0x00, 0x00, 0x00, 0x00, 0x00, 0x00, 0x00, 0x00, 0x00, 0x00, 0x00, 0x00, 0x00, 0x00, 0x00, 0x00,
    0x00, 0x00, 0x00, 0x00, 0x00, 0x00, 0x00, 0x00, 0x00, 0x00, 0x00, 0x00, 0x00, 0x00, 0x00, 0x00,
    0x00, 0x00, 0x00, 0x00, 0x00, 0x00, 0x00, 0x00, 0x00, 0x00, 0x00, 0x00, 0x00, 0x00, 0x00, 0x00,
    0x00, 0x00, 0x00, 0x00, 0x00, 0x00, 0x00, 0x00, 0x00, 0x00, 0x00, 0x00, 0x00, 0x00, 0x00, 0x00,
    0x00, 0x00, 0x00, 0x00, 0x00, 0x00, 0x00, 0x00, 0x00, 0x00, 0x00, 0x00, 0x00, 0x00, 0x00, 0x00,
    0x00, 0x00, 0x00, 0x00, 0x00, 0x00, 0x00, 0x00, 0x00, 0x00, 0x00, 0x00, 0x00, 0x00, 0x00, 0x00,
    0x00, 0x00, 0x00, 0x00, 0x00, 0x00, 0x00, 0x00, 0x00, 0x00, 0x00, 0x00, 0x00, 0x00, 0x00, 0x00,
    0x00, 0x00, 0x00, 0x00, 0x00, 0x00, 0x00, 0x00, 0x00, 0x00, 0x00, 0x00, 0x00, 0x00, 0x00, 0x00,
    0x00, 0x00, 0x00, 0x00, 0x00, 0x00, 0x00, 0x00, 0x00, 0x00, 0x00, 0x00, 0x00, 0x00, 0x00, 0x00,
    0x00, 0x00, 0x00, 0x00, 0x00, 0x00, 0x00, 0x00, 0x00, 0x00, 0x00, 0x00, 0x00, 0x00, 0x00, 0x00,
    0x00, 0x00, 0x00, 0x00, 0x00, 0x00, 0x00, 0x00, 0x00, 0x00, 0x00, 0x00, 0x00, 0x00, 0x00, 0x00,
    0x00, 0x00, 0x00, 0x00, 0x00, 0x00, 0x00, 0x00, 0x00, 0x00, 0x00, 0x00, 0x00, 0x00, 0x00, 0x00,
    0x00, 0x00, 0x00, 0x00, 0x00, 0x00, 0x00, 0x00, 0x00, 0x00, 0x00, 0x00, 0x00, 0x00, 0x00, 0x00,
    0x00, 0x00, 0x00, 0x00, 0x00, 0x00, 0x00, 0x00, 0x00, 0x00, 0x00, 0x00, 0x00, 0x00, 0x00, 0x00,
    0x00, 0x00, 0x00, 0x00, 0x00, 0x00, 0x00, 0x00, 0x00, 0x00, 0x00, 0x00, 0x00, 0x00, 0x00, 0x00,
    0x00, 0x00, 0x00, 0x00, 0x00, 0x00, 0x00, 0x00, 0x00, 0x00, 0x00, 0x00, 0x00, 0x00, 0x00, 0x00,
    0x00, 0x00, 0x00, 0x00, 0x00, 0x00, 0x00, 0x00, 0x00, 0x00, 0x00, 0x00, 0x00, 0x00, 0x00, 0x00,
    0x00, 0x00, 0x00, 0x00, 0x00, 0x00, 0x00, 0x00, 0x00, 0x00, 0x00, 0x00, 0x00, 0x00, 0x00, 0x00,
    0x00, 0x00, 0x00, 0x00, 0x00, 0x00, 0x00, 0x00, 0x00, 0x00, 0x00, 0x00, 0x00, 0x00, 0x00, 0x00,
    0x00, 0x00, 0x00, 0x00, 0x00, 0x00, 0x00, 0x00, 0x00, 0x00, 0x00, 0x00, 0x00, 0x00, 0x00, 0x00,
    0x00, 0x00, 0x00, 0x00, 0x00, 0x00, 0x00, 0x00, 0x00, 0x00, 0x00, 0x00, 0x00, 0x00, 0x00, 0x00,
    0x00, 0x00, 0x00, 0x00, 0x00, 0x00, 0x00, 0x00, 0x00, 0x00, 0x00, 0x00, 0x00, 0x00, 0x00, 0x00,
    0x00, 0x00, 0x00, 0x00, 0x00, 0x00, 0x00, 0x00, 0x00, 0x00, 0x00, 0x15, 0x03, 0x2f, 0x01, 0x73,
    0x72, 0x63, 0x5f, 0x68, 0x63, 0x5f, 0x74, 0x61, 0x6b, 0x65, 0x64, 0x61, 0x6d, 0x61, 0x67, 0x65,
    0x08, 0x11, 0x03, 0x27, 0x01, 0x73, 0x72, 0x63, 0x5f, 0x63, 0x61, 0x6d, 0x5f, 0x70, 0x6c, 0x61,
    0x69, 0x6e, 0x07, 0x0e, 0x03, 0x21, 0x01, 0x73, 0x72, 0x63, 0x5f, 0x73, 0x63, 0x5f, 0x73, 0x65,
    0x74, 0x06, 0x0f, 0x03, 0x23, 0x01, 0x73, 0x72, 0x63, 0x5f, 0x73, 0x6f, 0x5f, 0x72, 0x65, 0x6c,
    0x61, 0x05, 0x10, 0x03, 0x25, 0x01, 0x73, 0x72, 0x63, 0x5f, 0x63, 0x73, 0x5f, 0x73, 0x74, 0x61,
    0x74, 0x73, 0x04, 0x10, 0x03, 0x25, 0x01, 0x73, 0x72, 0x63, 0x5f, 0x67, 0x73, 0x5f, 0x70, 0x72,
    0x6f, 0x74, 0x6f, 0x03, 0x1b, 0x03, 0x3b, 0x01, 0x73, 0x72, 0x63, 0x5f, 0x67, 0x73, 0x63, 0x5f,
    0x68, 0x65, 0x61, 0x64, 0x65, 0x72, 0x5f, 0x63, 0x6f, 0x6e, 0x66, 0x6c, 0x69, 0x63, 0x74, 0x02,
    0x0f, 0x03, 0x25, 0x09, 0x73, 0x72, 0x63, 0x5f, 0x67, 0x73, 0x63, 0x5f, 0x63, 0x74, 0x6f, 0x72,
    0x0d, 0x00, 0x00, 0x00, 0x27, 0x00, 0x94, 0x00, 0x0f, 0xa0, 0x0f, 0x22, 0x0e, 0xbf, 0x0e, 0x4c,
    0x0d, 0xe9, 0x0d, 0x8e, 0x0d, 0x32, 0x0c, 0xa2, 0x0c, 0x3c, 0x0b, 0xc1, 0x0b, 0x4a, 0x0a, 0xea,
    0x0a, 0x8a, 0x0a, 0x32, 0x09, 0xbc, 0x09, 0x57, 0x08, 0xec, 0x08, 0x85, 0x08, 0x1e, 0x07, 0xa1,
    0x07, 0x40, 0x06, 0xc5, 0x06, 0x7e, 0x06, 0x28, 0x05, 0xbc, 0x05, 0x5d, 0x05, 0x02, 0x04, 0xac,
    0x04, 0x4e, 0x03, 0xf5, 0x03, 0x91, 0x03, 0x31, 0x02, 0xcd, 0x02, 0x6a, 0x02, 0x06, 0x01, 0xaf,
    0x01, 0x56, 0x00, 0xfa, 0x00, 0x94, 0x00, 0x00, 0x00, 0x00, 0x00, 0x00, 0x00, 0x00, 0x00, 0x00,
    0x00, 0x00, 0x00, 0x00, 0x00, 0x00, 0x00, 0x00, 0x00, 0x00, 0x00, 0x00, 0x00, 0x00, 0x00, 0x00,
    0x00, 0x00, 0x00, 0x00, 0x00, 0x00, 0x00, 0x00, 0x00, 0x00, 0x00, 0x00, 0x00, 0x00, 0x00, 0x00,
    0x00, 0x00, 0x00, 0x00, 0x00, 0x00, 0x00, 0x00, 0x00, 0x00, 0x00, 0x00, 0x00, 0x00, 0x00, 0x00,
    0x00, 0x00, 0x00, 0x00, 0x64, 0x27, 0x0c, 0x29, 0x1f, 0x02, 0x02, 0x01, 0x23, 0x21, 0x08, 0x17,
    0x09, 0x51, 0x67, 0x73, 0x5f, 0x71, 0x75, 0x65, 0x73, 0x74, 0x5f, 0x74, 0x65, 0x78, 0x74, 0x73,
    0x47, 0x61, 0x6d, 0x65, 0x53, 0x74, 0x61, 0x74, 0x65, 0x01, 0xd0, 0x01, 0x40, 0x18, 0x73, 0x74,
    0x64, 0x3a, 0x3a, 0x76, 0x65, 0x63, 0x74, 0x6f, 0x72, 0x71, 0x75, 0x65, 0x73, 0x74, 0x54, 0x65,
    0x78, 0x74, 0x73, 0x4b, 0x4e, 0x4f, 0x57, 0x4e, 0x73, 0x74, 0x64, 0x3a, 0x3a, 0x76, 0x65, 0x63,
    0x74, 0x6f, 0x72, 0x3c, 0x73, 0x68, 0x61, 0x72, 0x65, 0x64, 0x5f, 0x70, 0x74, 0x72, 0x3c, 0x51,
    0x75, 0x65, 0x73, 0x74, 0x54, 0x65, 0x78, 0x74, 0x3e, 0x3e, 0x5a, 0x26, 0x0c, 0x2d, 0x1f, 0x02,
    0x02, 0x01, 0x23, 0x31, 0x08, 0x17, 0x08, 0x29, 0x67, 0x73, 0x5f, 0x6d, 0x61, 0x70, 0x5f, 0x6e,
    0x6f, 0x64, 0x65, 0x5f, 0x6e, 0x61, 0x6d, 0x65, 0x47, 0x61, 0x6d, 0x65, 0x53, 0x74, 0x61, 0x74,
    0x65, 0x01, 0x28, 0x00, 0xd0, 0x18, 0x73, 0x74, 0x64, 0x3a, 0x3a, 0x73, 0x74, 0x72, 0x69, 0x6e,
    0x67, 0x63, 0x75, 0x72, 0x72, 0x65, 0x6e, 0x74, 0x4d, 0x61, 0x70, 0x4e, 0x6f, 0x64, 0x65, 0x4e,
    0x61, 0x6d, 0x65, 0x4b, 0x4e, 0x4f, 0x57, 0x4e, 0x50, 0x72, 0x6f, 0x74, 0x6f, 0x20, 0x66, 0x69,
    0x65, 0x6c, 0x64, 0x20, 0x31, 0x32, 0x57, 0x25, 0x0c, 0x29, 0x1f, 0x02, 0x02, 0x01, 0x23, 0x2f,
    0x08, 0x17, 0x08, 0x29, 0x67, 0x73, 0x5f, 0x73, 0x70, 0x61, 0x77, 0x6e, 0x5f, 0x70, 0x6f, 0x69,
    0x6e, 0x74, 0x47, 0x61, 0x6d, 0x65, 0x53, 0x74, 0x61, 0x74, 0x65, 0x01, 0x10, 0x00, 0xb8, 0x18,
    0x73, 0x74, 0x64, 0x3a, 0x3a, 0x73, 0x74, 0x72, 0x69, 0x6e, 0x67, 0x63, 0x75, 0x72, 0x72, 0x65,
    0x6e, 0x74, 0x53, 0x70, 0x61, 0x77, 0x6e, 0x50, 0x6f, 0x69, 0x6e, 0x74, 0x4b, 0x4e, 0x4f, 0x57,
    0x4e, 0x50, 0x72, 0x6f, 0x74, 0x6f, 0x20, 0x66, 0x69, 0x65, 0x6c, 0x64, 0x20, 0x31, 0x31, 0x55,
    0x24, 0x0c, 0x27, 0x1f, 0x02, 0x02, 0x01, 0x23, 0x2d, 0x08, 0x17, 0x08, 0x29, 0x67, 0x73, 0x5f,
    0x6c, 0x65, 0x76, 0x65, 0x6c, 0x5f, 0x6e, 0x61, 0x6d, 0x65, 0x47, 0x61, 0x6d, 0x65, 0x53, 0x74,
    0x61, 0x74, 0x65, 0x00, 0xf8, 0x00, 0xa0, 0x18, 0x73, 0x74, 0x64, 0x3a, 0x3a, 0x73, 0x74, 0x72,
    0x69, 0x6e, 0x67, 0x63, 0x75, 0x72, 0x72, 0x65, 0x6e, 0x74, 0x4c, 0x65, 0x76, 0x65, 0x6c, 0x4e,
    0x61, 0x6d, 0x65, 0x4b, 0x4e, 0x4f, 0x57, 0x4e, 0x50, 0x72, 0x6f, 0x74, 0x6f, 0x20, 0x66, 0x69,
    0x65, 0x6c, 0x64, 0x20, 0x31, 0x30, 0x62, 0x23, 0x0c, 0x27, 0x1f, 0x02, 0x02, 0x01, 0x1d, 0x19,
    0x08, 0x17, 0x09, 0x5d, 0x67, 0x73, 0x5f, 0x71, 0x75, 0x65, 0x73, 0x74, 0x73, 0x5f, 0x6d, 0x61,
    0x70, 0x47, 0x61, 0x6d, 0x65, 0x53, 0x74, 0x61, 0x74, 0x65, 0x00, 0xc8, 0x00, 0x80, 0x18, 0x73,
    0x74, 0x64, 0x3a, 0x3a, 0x6d, 0x61, 0x70, 0x71, 0x75, 0x65, 0x73, 0x74, 0x73, 0x4b, 0x4e, 0x4f,
    0x57, 0x4e, 0x73, 0x74, 0x64, 0x3a, 0x3a, 0x6d, 0x61, 0x70, 0x3c, 0x73, 0x74, 0x72, 0x69, 0x6e,
    0x67, 0x2c, 0x20, 0x73, 0x68, 0x61, 0x72, 0x65, 0x64, 0x5f, 0x70, 0x74, 0x72, 0x3c, 0x51, 0x75,
    0x65, 0x73, 0x74, 0x53, 0x74, 0x61, 0x74, 0x65, 0x3e, 0x3e, 0x61, 0x22, 0x0c, 0x27, 0x1f, 0x02,
    0x01, 0x01, 0x1d, 0x19, 0x08, 0x17, 0x09, 0x5d, 0x67, 0x73, 0x5f, 0x6c, 0x65, 0x76, 0x65, 0x6c,
    0x73, 0x5f, 0x6d, 0x61, 0x70, 0x47, 0x61, 0x6d, 0x65, 0x53, 0x74, 0x61, 0x74, 0x65, 0x00, 0xb0,
    0x70, 0x18, 0x73, 0x74, 0x64, 0x3a, 0x3a, 0x6d, 0x61, 0x70, 0x6c, 0x65, 0x76, 0x65, 0x6c, 0x73,
    0x4b, 0x4e, 0x4f, 0x57, 0x4e, 0x73, 0x74, 0x64, 0x3a, 0x3a, 0x6d, 0x61, 0x70, 0x3c, 0x73, 0x74,
    0x72, 0x69, 0x6e, 0x67, 0x2c, 0x20, 0x73, 0x68, 0x61, 0x72, 0x65, 0x64, 0x5f, 0x70, 0x74, 0x72,
    0x3c, 0x4c, 0x65, 0x76, 0x65, 0x6c, 0x53, 0x74, 0x61, 0x74, 0x65, 0x3e, 0x3e, 0x62, 0x21, 0x0c,
    0x2b, 0x1f, 0x02, 0x01, 0x01, 0x1b, 0x23, 0x08, 0x17, 0x08, 0x53, 0x67, 0x73, 0x5f, 0x61, 0x74,
    0x74, 0x61, 0x63, 0x6b, 0x5f, 0x6c, 0x65, 0x76, 0x65, 0x6c, 0x47, 0x61, 0x6d, 0x65, 0x53, 0x74,
    0x61, 0x74, 0x65, 0x00, 0xac, 0x6c, 0x04, 0x69, 0x6e, 0x74, 0x33, 0x32, 0x5f, 0x74, 0x61, 0x74,
    0x74, 0x61, 0x63, 0x6b, 0x4c, 0x65, 0x76, 0x65, 0x6c, 0x4b, 0x4e, 0x4f, 0x57, 0x4e, 0x50, 0x72,
    0x6f, 0x74, 0x6f, 0x20, 0x66, 0x69, 0x65, 0x6c, 0x64, 0x20, 0x35, 0x30, 0x2e, 0x20, 0x43, 0x68,
    0x61, 0x72, 0x61, 0x63, 0x74, 0x65, 0x72, 0x53, 0x74, 0x61, 0x74, 0x65, 0x2b, 0x30, 0x78, 0x39,
    0x43, 0x5e, 0x20, 0x0c, 0x27, 0x1f, 0x02, 0x01, 0x01, 0x1b, 0x1f, 0x08, 0x17, 0x08, 0x53, 0x67,
    0x73, 0x5f, 0x6d, 0x61, 0x6e, 0x61, 0x5f, 0x6c, 0x65, 0x76, 0x65, 0x6c, 0x47, 0x61, 0x6d, 0x65,
    0x53, 0x74, 0x61, 0x74, 0x65, 0x00, 0xa8, 0x68, 0x04, 0x69, 0x6e, 0x74, 0x33, 0x32, 0x5f, 0x74,
    0x6d, 0x61, 0x6e, 0x61, 0x4c, 0x65, 0x76, 0x65, 0x6c, 0x4b, 0x4e, 0x4f, 0x57, 0x4e, 0x50, 0x72,
    0x6f, 0x74, 0x6f, 0x20, 0x66, 0x69, 0x65, 0x6c, 0x64, 0x20, 0x34, 0x39, 0x2e, 0x20, 0x43, 0x68,
    0x61, 0x72, 0x61, 0x63, 0x74, 0x65, 0x72, 0x53, 0x74, 0x61, 0x74, 0x65, 0x2b, 0x30, 0x78, 0x39,
    0x38, 0x62, 0x1f, 0x0c, 0x2b, 0x1f, 0x02, 0x01, 0x01, 0x1b, 0x23, 0x08, 0x17, 0x08, 0x53, 0x67,
    0x73, 0x5f, 0x68, 0x65, 0x61, 0x6c, 0x74, 0x68, 0x5f, 0x6c, 0x65, 0x76, 0x65, 0x6c, 0x47, 0x61,
    0x6d, 0x65, 0x53, 0x74, 0x61, 0x74, 0x65, 0x00, 0xa4, 0x64, 0x04, 0x69, 0x6e, 0x74, 0x33, 0x32,
    0x5f, 0x74, 0x68, 0x65, 0x61, 0x6c, 0x74, 0x68, 0x4c, 0x65, 0x76, 0x65, 0x6c, 0x4b, 0x4e, 0x4f,
    0x57, 0x4e, 0x50, 0x72, 0x6f, 0x74, 0x6f, 0x20, 0x66, 0x69, 0x65, 0x6c, 0x64, 0x20, 0x34, 0x38,
    0x2e, 0x20, 0x43, 0x68, 0x61, 0x72, 0x61, 0x63, 0x74, 0x65, 0x72, 0x53, 0x74, 0x61, 0x74, 0x65,
    0x2b, 0x30, 0x78, 0x39, 0x34, 0x57, 0x1e, 0x0c, 0x1d, 0x1f, 0x02, 0x01, 0x01, 0x1b, 0x2b, 0x08,
    0x17, 0x08, 0x43, 0x67, 0x73, 0x5f, 0x6c, 0x65, 0x76, 0x65, 0x6c, 0x47, 0x61, 0x6d, 0x65, 0x53,
    0x74, 0x61, 0x74, 0x65, 0x00, 0xa0, 0x60, 0x04, 0x69, 0x6e, 0x74, 0x33, 0x32, 0x5f, 0x74, 0x65,
    0x78, 0x70, 0x65, 0x72, 0x69, 0x65, 0x6e, 0x63, 0x65, 0x4c, 0x65, 0x76, 0x65, 0x6c, 0x4b, 0x4e,
    0x4f, 0x57, 0x4e, 0x50, 0x72, 0x6f, 0x74, 0x6f, 0x20, 0x66, 0x69, 0x65, 0x6c, 0x64, 0x20, 0x37,
    0x2e, 0x20, 0x43, 0x61, 0x70, 0x70, 0x65, 0x64, 0x20, 0x61, 0x74, 0x20, 0x39, 0x39, 0x5c, 0x1d,
    0x0c, 0x17, 0x1f, 0x02, 0x01, 0x01, 0x1b, 0x2d, 0x08, 0x17, 0x08, 0x51, 0x67, 0x73, 0x5f, 0x78,
    0x70, 0x47, 0x61, 0x6d, 0x65, 0x53, 0x74, 0x61, 0x74, 0x65, 0x00, 0x9c, 0x5c, 0x04, 0x69, 0x6e,
    0x74, 0x33, 0x32, 0x5f, 0x74, 0x65, 0x78, 0x70, 0x65, 0x72, 0x69, 0x65, 0x6e, 0x63, 0x65, 0x50,
    0x6f, 0x69, 0x6e, 0x74, 0x73, 0x4b, 0x4e, 0x4f, 0x57, 0x4e, 0x50, 0x72, 0x6f, 0x74, 0x6f, 0x20,
    0x66, 0x69, 0x65, 0x6c, 0x64, 0x20, 0x36, 0x2e, 0x20, 0x43, 0x68, 0x61, 0x72, 0x61, 0x63, 0x74,
    0x65, 0x72, 0x53, 0x74, 0x61, 0x74, 0x65, 0x2b, 0x30, 0x78, 0x38, 0x43, 0x54, 0x1c, 0x0c, 0x1d,
    0x1f, 0x02, 0x01, 0x01, 0x1b, 0x17, 0x08, 0x17, 0x08, 0x51, 0x67, 0x73, 0x5f, 0x63, 0x6f, 0x69,
    0x6e, 0x73, 0x47, 0x61, 0x6d, 0x65, 0x53, 0x74, 0x61, 0x74, 0x65, 0x00, 0x98, 0x58, 0x04, 0x69,
    0x6e, 0x74, 0x33, 0x32, 0x5f, 0x74, 0x63, 0x6f, 0x69, 0x6e, 0x73, 0x4b, 0x4e, 0x4f, 0x57, 0x4e,
    0x50, 0x72, 0x6f, 0x74, 0x6f, 0x20, 0x66, 0x69, 0x65, 0x6c, 0x64, 0x20, 0x35, 0x2e, 0x20, 0x43,
    0x68, 0x61, 0x72, 0x61, 0x63, 0x74, 0x65, 0x72, 0x53, 0x74, 0x61, 0x74, 0x65, 0x2b, 0x30, 0x78,
    0x38, 0x38, 0x59, 0x1b, 0x0c, 0x1b, 0x1f, 0x02, 0x01, 0x01, 0x1b, 0x23, 0x08, 0x17, 0x08, 0x51,
    0x67, 0x73, 0x5f, 0x6d, 0x61, 0x6e, 0x61, 0x47, 0x61, 0x6d, 0x65, 0x53, 0x74, 0x61, 0x74, 0x65,
    0x00, 0x94, 0x54, 0x04, 0x69, 0x6e, 0x74, 0x33, 0x32, 0x5f, 0x74, 0x63, 0x75, 0x72, 0x72, 0x65,
    0x6e, 0x74, 0x4d, 0x61, 0x6e, 0x61, 0x4b, 0x4e, 0x4f, 0x57, 0x4e, 0x50, 0x72, 0x6f, 0x74, 0x6f,
    0x20, 0x66, 0x69, 0x65, 0x6c, 0x64, 0x20, 0x34, 0x2e, 0x20, 0x43, 0x68, 0x61, 0x72, 0x61, 0x63,
    0x74, 0x65, 0x72, 0x53, 0x74, 0x61, 0x74, 0x65, 0x2b, 0x30, 0x78, 0x38, 0x34, 0x5d, 0x1a, 0x0c,
    0x1f, 0x1f, 0x02, 0x01, 0x01, 0x1b, 0x27, 0x08, 0x17, 0x08, 0x51, 0x67, 0x73, 0x5f, 0x68, 0x65,
    0x61, 0x6c, 0x74, 0x68, 0x47, 0x61, 0x6d, 0x65, 0x53, 0x74, 0x61, 0x74, 0x65, 0x00, 0x90, 0x50,
    0x04, 0x69, 0x6e, 0x74, 0x33, 0x32, 0x5f, 0x74, 0x63, 0x75, 0x72, 0x72, 0x65, 0x6e, 0x74, 0x48,
    0x65, 0x61, 0x6c, 0x74, 0x68, 0x4b, 0x4e, 0x4f, 0x57, 0x4e, 0x50, 0x72, 0x6f, 0x74, 0x6f, 0x20,
    0x66, 0x69, 0x65, 0x6c, 0x64, 0x20, 0x33, 0x2e, 0x20, 0x43, 0x68, 0x61, 0x72, 0x61, 0x63, 0x74,
    0x65, 0x72, 0x53, 0x74, 0x61, 0x74, 0x65, 0x2b, 0x30, 0x78, 0x38, 0x30, 0x6a, 0x19, 0x0c, 0x31,
    0x1f, 0x01, 0x01, 0x02, 0x29, 0x29, 0x09, 0x17, 0x08, 0x49, 0x67, 0x73, 0x5f, 0x63, 0x68, 0x61,
    0x72, 0x61, 0x63, 0x74, 0x65, 0x72, 0x5f, 0x73, 0x74, 0x61, 0x74, 0x65, 0x47, 0x61, 0x6d, 0x65,
    0x53, 0x74, 0x61, 0x74, 0x65, 0x10, 0x08, 0x00, 0xb0, 0x43, 0x68, 0x61, 0x72, 0x61, 0x63, 0x74,
    0x65, 0x72, 0x53, 0x74, 0x61, 0x74, 0x65, 0x63, 0x68, 0x61, 0x72, 0x61, 0x63, 0x74, 0x65, 0x72,
    0x53, 0x74, 0x61, 0x74, 0x65, 0x4b, 0x4e, 0x4f, 0x57, 0x4e, 0x45, 0x4d, 0x42, 0x45, 0x44, 0x44,
    0x45, 0x44, 0x20, 0x43, 0x68, 0x61, 0x72, 0x61, 0x63, 0x74, 0x65, 0x72, 0x53, 0x74, 0x61, 0x74,
    0x65, 0x20, 0x73, 0x74, 0x72, 0x75, 0x63, 0x74, 0x54, 0x18, 0x0c, 0x2b, 0x1f, 0x01, 0x01, 0x01,
    0x17, 0x23, 0x08, 0x17, 0x09, 0x3d, 0x67, 0x73, 0x5f, 0x67, 0x61, 0x6d, 0x65, 0x64, 0x61, 0x74,
    0x61, 0x5f, 0x72, 0x65, 0x66, 0x47, 0x61, 0x6d, 0x65, 0x53, 0x74, 0x61, 0x74, 0x65, 0x08, 0x04,
    0x08, 0x76, 0x6f, 0x69, 0x64, 0x2a, 0x67, 0x61, 0x6d, 0x65, 0x44, 0x61, 0x74, 0x61, 0x52, 0x65,
    0x66, 0x4b, 0x4e, 0x4f, 0x57, 0x4e, 0x73, 0x68, 0x61, 0x72, 0x65, 0x64, 0x5f, 0x70, 0x74, 0x72,
    0x20, 0x63, 0x6f, 0x6e, 0x74, 0x72, 0x6f, 0x6c, 0x20, 0x62, 0x6c, 0x6f, 0x63, 0x6b, 0x45, 0x17,
    0x0c, 0x23, 0x1f, 0x08, 0x08, 0x01, 0x1f, 0x1d, 0x08, 0x17, 0x08, 0x29, 0x67, 0x73, 0x5f, 0x67,
    0x61, 0x6d, 0x65, 0x64, 0x61, 0x74, 0x61, 0x47, 0x61, 0x6d, 0x65, 0x53, 0x74, 0x61, 0x74, 0x65,
    0x08, 0x47, 0x61, 0x6d, 0x65, 0x44, 0x61, 0x74, 0x61, 0x2a, 0x67, 0x61, 0x6d, 0x65, 0x44, 0x61,
    0x74, 0x61, 0x4b, 0x4e, 0x4f, 0x57, 0x4e, 0x73, 0x68, 0x61, 0x72, 0x65, 0x64, 0x5f, 0x70, 0x74,
    0x72, 0x20, 0x70, 0x74, 0x72, 0x79, 0x16, 0x0c, 0x35, 0x33, 0x02, 0x02, 0x09, 0x15, 0x2b, 0x08,
    0x17, 0x08, 0x61, 0x67, 0x73, 0x63, 0x5f, 0x75, 0x70, 0x64, 0x61, 0x74, 0x65, 0x73, 0x5f, 0x64,
    0x69, 0x73, 0x61, 0x62, 0x6c, 0x65, 0x64, 0x47, 0x61, 0x6d, 0x65, 0x53, 0x63, 0x65, 0x6e, 0x65,
    0x43, 0x6f, 0x6e, 0x74, 0x72, 0x6f, 0x6c, 0x6c, 0x65, 0x72, 0x01, 0x80, 0x01, 0x08, 0x62, 0x6f,
    0x6f, 0x6c, 0x75, 0x70, 0x64, 0x61, 0x74, 0x65, 0x73, 0x44, 0x69, 0x73, 0x61, 0x62, 0x6c, 0x65,
    0x64, 0x4b, 0x4e, 0x4f, 0x57, 0x4e, 0x54, 0x72, 0x61, 0x6e, 0x73, 0x69, 0x74, 0x69, 0x6f, 0x6e,
    0x20, 0x66, 0x6c, 0x61, 0x67, 0x3a, 0x20, 0x31, 0x20, 0x64, 0x75, 0x72, 0x69, 0x6e, 0x67, 0x20,
    0x6c, 0x65, 0x76, 0x65, 0x6c, 0x20, 0x6c, 0x6f, 0x61, 0x64, 0x2f, 0x6d, 0x65, 0x6e, 0x75, 0x73,
    0x5f, 0x15, 0x0c, 0x2f, 0x33, 0x02, 0x02, 0x01, 0x17, 0x25, 0x08, 0x17, 0x08, 0x35, 0x67, 0x73,
    0x63, 0x5f, 0x6c, 0x65, 0x76, 0x65, 0x6c, 0x75, 0x70, 0x5f, 0x74, 0x69, 0x6d, 0x65, 0x72, 0x47,
    0x61, 0x6d, 0x65, 0x53, 0x63, 0x65, 0x6e, 0x65, 0x43, 0x6f, 0x6e, 0x74, 0x72, 0x6f, 0x6c, 0x6c,
    0x65, 0x72, 0x01, 0x7c, 0x01, 0x04, 0x04, 0x66, 0x6c, 0x6f, 0x61, 0x74, 0x6c, 0x65, 0x76, 0x65,
    0x6c, 0x55, 0x70, 0x54, 0x69, 0x6d, 0x65, 0x72, 0x4b, 0x4e, 0x4f, 0x57, 0x4e, 0x30, 0x2e, 0x32,
    0x73, 0x20, 0x63, 0x6f, 0x75, 0x6e, 0x74, 0x64, 0x6f, 0x77, 0x6e, 0x20, 0x74, 0x69, 0x6d, 0x65,
    0x72, 0x7b, 0x14, 0x0c, 0x35, 0x33, 0x02, 0x02, 0x09, 0x15, 0x2f, 0x08, 0x17, 0x08, 0x61, 0x67,
    0x73, 0x63, 0x5f, 0x6c, 0x65, 0x76, 0x65, 0x6c, 0x75, 0x70, 0x5f, 0x70, 0x72, 0x6f, 0x67, 0x72,
    0x65, 0x73, 0x73, 0x47, 0x61, 0x6d, 0x65, 0x53, 0x63, 0x65, 0x6e, 0x65, 0x43, 0x6f, 0x6e, 0x74,
    0x72, 0x6f, 0x6c, 0x6c, 0x65, 0x72, 0x01, 0x78, 0x01, 0x00, 0x62, 0x6f, 0x6f, 0x6c, 0x6c, 0x65,
    0x76, 0x65, 0x6c, 0x55, 0x70, 0x49, 0x6e, 0x50, 0x72, 0x6f, 0x67, 0x72, 0x65, 0x73, 0x73, 0x4b,
    0x4e, 0x4f, 0x57, 0x4e, 0x42, 0x6c, 0x6f, 0x63, 0x6b, 0x73, 0x20, 0x48, 0x55, 0x44, 0x20, 0x61,
    0x6e, 0x64, 0x20, 0x68, 0x65, 0x72, 0x6f, 0x20, 0x66, 0x6f, 0x6c, 0x6c, 0x6f, 0x77, 0x20, 0x64,
    0x75, 0x72, 0x69, 0x6e, 0x67, 0x20, 0x6c, 0x65, 0x76, 0x65, 0x6c, 0x20, 0x75, 0x70, 0x65, 0x13,
    0x0c, 0x29, 0x33, 0x02, 0x02, 0x01, 0x25, 0x25, 0x08, 0x17, 0x08, 0x39, 0x67, 0x73, 0x63, 0x5f,
    0x74, 0x61, 0x72, 0x67, 0x65, 0x74, 0x5f, 0x6f, 0x62, 0x6a, 0x47, 0x61, 0x6d, 0x65, 0x53, 0x63,
    0x65, 0x6e, 0x65, 0x43, 0x6f, 0x6e, 0x74, 0x72, 0x6f, 0x6c, 0x6c, 0x65, 0x72, 0x01, 0x70, 0x00,
    0xf8, 0x08, 0x53, 0x63, 0x65, 0x6e, 0x65, 0x4f, 0x62, 0x6a, 0x65, 0x63, 0x74, 0x2a, 0x74, 0x61,
    0x72, 0x67, 0x65, 0x74, 0x4f, 0x62, 0x6a, 0x65, 0x63, 0x74, 0x4b, 0x4e, 0x4f, 0x57, 0x4e, 0x43,
    0x75, 0x72, 0x72, 0x65, 0x6e, 0x74, 0x20, 0x6d, 0x6f, 0x6e, 0x73, 0x74, 0x65, 0x72, 0x20, 0x74,
    0x61, 0x72, 0x67, 0x65, 0x74, 0x65, 0x12, 0x0c, 0x2f, 0x33, 0x02, 0x02, 0x01, 0x17, 0x25, 0x08,
    0x17, 0x08, 0x41, 0x67, 0x73, 0x63, 0x5f, 0x63, 0x61, 0x73, 0x74, 0x69, 0x6e, 0x67, 0x5f, 0x74,
    0x69, 0x6d, 0x65, 0x72, 0x47, 0x61, 0x6d, 0x65, 0x53, 0x63, 0x65, 0x6e, 0x65, 0x43, 0x6f, 0x6e,
    0x74, 0x72, 0x6f, 0x6c, 0x6c, 0x65, 0x72, 0x01, 0x68, 0x00, 0xf8, 0x04, 0x66, 0x6c, 0x6f, 0x61,
    0x74, 0x63, 0x61, 0x73, 0x74, 0x69, 0x6e, 0x67, 0x54, 0x69, 0x6d, 0x65, 0x72, 0x4b, 0x4e, 0x4f,
    0x57, 0x4e, 0x43, 0x6f, 0x75, 0x6e, 0x74, 0x64, 0x6f, 0x77, 0x6e, 0x20, 0x74, 0x6f, 0x20, 0x46,
    0x69, 0x6e, 0x69, 0x73, 0x68, 0x43, 0x61, 0x73, 0x74, 0x69, 0x6e, 0x67, 0x69, 0x11, 0x0c, 0x2f,
    0x33, 0x02, 0x02, 0x01, 0x17, 0x25, 0x08, 0x17, 0x09, 0x49, 0x67, 0x73, 0x63, 0x5f, 0x63, 0x61,
    0x73, 0x74, 0x69, 0x6e, 0x67, 0x5f, 0x73, 0x6b, 0x69, 0x6c, 0x6c, 0x47, 0x61, 0x6d, 0x65, 0x53,
    0x63, 0x65, 0x6e, 0x65, 0x43, 0x6f, 0x6e, 0x74, 0x72, 0x6f, 0x6c, 0x6c, 0x65, 0x72, 0x01, 0x58,
    0x00, 0xec, 0x08, 0x76, 0x6f, 0x69, 0x64, 0x2a, 0x63, 0x61, 0x73, 0x74, 0x69, 0x6e, 0x67, 0x53,
    0x6b, 0x69, 0x6c, 0x6c, 0x4b, 0x4e, 0x4f, 0x57, 0x4e, 0x73, 0x68, 0x61, 0x72, 0x65, 0x64, 0x5f,
    0x70, 0x74, 0x72, 0x20, 0x77, 0x68, 0x69, 0x6c, 0x65, 0x20, 0x63, 0x61, 0x73, 0x74, 0x69, 0x6e,
    0x67, 0x20, 0x73, 0x6b, 0x69, 0x6c, 0x6c, 0x63, 0x10, 0x0c, 0x2b, 0x33, 0x02, 0x02, 0x01, 0x17,
    0x21, 0x08, 0x17, 0x08, 0x45, 0x67, 0x73, 0x63, 0x5f, 0x68, 0x65, 0x72, 0x6f, 0x5f, 0x66, 0x61,
    0x63, 0x69, 0x6e, 0x67, 0x47, 0x61, 0x6d, 0x65, 0x53, 0x63, 0x65, 0x6e, 0x65, 0x43, 0x6f, 0x6e,
    0x74, 0x72, 0x6f, 0x6c, 0x6c, 0x65, 0x72, 0x01, 0x48, 0x00, 0xd0, 0x04, 0x66, 0x6c, 0x6f, 0x61,
    0x74, 0x68, 0x65, 0x72, 0x6f, 0x46, 0x61, 0x63, 0x69, 0x6e, 0x67, 0x4b, 0x4e, 0x4f, 0x57, 0x4e,
    0x43, 0x61, 0x6d, 0x65, 0x72, 0x61, 0x20, 0x6c, 0x65, 0x61, 0x64, 0x20, 0x64, 0x69, 0x72, 0x65,
    0x63, 0x74, 0x69, 0x6f, 0x6e, 0x20, 0x2b, 0x2f, 0x2d, 0x31, 0x2e, 0x30, 0x74, 0x0f, 0x0c, 0x27,
    0x33, 0x02, 0x02, 0x01, 0x35, 0x27, 0x09, 0x17, 0x08, 0x47, 0x67, 0x73, 0x63, 0x5f, 0x65, 0x71,
    0x75, 0x69, 0x70, 0x6d, 0x65, 0x6e, 0x74, 0x47, 0x61, 0x6d, 0x65, 0x53, 0x63, 0x65, 0x6e, 0x65,
    0x43, 0x6f, 0x6e, 0x74, 0x72, 0x6f, 0x6c, 0x6c, 0x65, 0x72, 0x01, 0x00, 0x00, 0xb8, 0x48, 0x48,
    0x65, 0x72, 0x6f, 0x45, 0x71, 0x75, 0x69, 0x70, 0x6d, 0x65, 0x6e, 0x74, 0x4d, 0x61, 0x6e, 0x61,
    0x67, 0x65, 0x72, 0x68, 0x65, 0x72, 0x6f, 0x45, 0x71, 0x75, 0x69, 0x70, 0x6d, 0x65, 0x6e, 0x74,
    0x4b, 0x4e, 0x4f, 0x57, 0x4e, 0x45, 0x4d, 0x42, 0x45, 0x44, 0x44, 0x45, 0x44, 0x20, 0x48, 0x65,
    0x72, 0x6f, 0x45, 0x71, 0x75, 0x69, 0x70, 0x6d, 0x65, 0x6e, 0x74, 0x4d, 0x61, 0x6e, 0x61, 0x67,
    0x65, 0x72, 0x56, 0x0e, 0x0c, 0x1d, 0x33, 0x02, 0x02, 0x01, 0x29, 0x15, 0x08, 0x17, 0x08, 0x33,
    0x67, 0x73, 0x63, 0x5f, 0x6d, 0x61, 0x6e, 0x61, 0x47, 0x61, 0x6d, 0x65, 0x53, 0x63, 0x65, 0x6e,
    0x65, 0x43, 0x6f, 0x6e, 0x74, 0x72, 0x6f, 0x6c, 0x6c, 0x65, 0x72, 0x00, 0xf8, 0x00, 0xb4, 0x08,
    0x4d, 0x61, 0x6e, 0x61, 0x43, 0x6f, 0x6d, 0x70, 0x6f, 0x6e, 0x65, 0x6e, 0x74, 0x2a, 0x6d, 0x61,
    0x6e, 0x61, 0x4b, 0x4e, 0x4f, 0x57, 0x4e, 0x48, 0x65, 0x72, 0x6f, 0x20, 0x6d, 0x61, 0x6e, 0x61,
    0x20, 0x63, 0x6f, 0x6d, 0x70, 0x6f, 0x6e, 0x65, 0x6e, 0x74, 0x5e, 0x0d, 0x0c, 0x21, 0x33, 0x02,
    0x02, 0x01, 0x2d, 0x19, 0x08, 0x17, 0x08, 0x37, 0x67, 0x73, 0x63, 0x5f, 0x68, 0x65, 0x61, 0x6c,
    0x74, 0x68, 0x47, 0x61, 0x6d, 0x65, 0x53, 0x63, 0x65, 0x6e, 0x65, 0x43, 0x6f, 0x6e, 0x74, 0x72,
    0x6f, 0x6c, 0x6c, 0x65, 0x72, 0x00, 0xf0, 0x00, 0xb0, 0x08, 0x48, 0x65, 0x61, 0x6c, 0x74, 0x68,
    0x43, 0x6f, 0x6d, 0x70, 0x6f, 0x6e, 0x65, 0x6e, 0x74, 0x2a, 0x68, 0x65, 0x61, 0x6c, 0x74, 0x68,
    0x4b, 0x4e, 0x4f, 0x57, 0x4e, 0x48, 0x65, 0x72, 0x6f, 0x20, 0x68, 0x65, 0x61, 0x6c, 0x74, 0x68,
    0x20, 0x63, 0x6f, 0x6d, 0x70, 0x6f, 0x6e, 0x65, 0x6e, 0x74, 0x5e, 0x0c, 0x0c, 0x21, 0x33, 0x02,
    0x02, 0x01, 0x2d, 0x19, 0x08, 0x17, 0x08, 0x37, 0x67, 0x73, 0x63, 0x5f, 0x65, 0x6e, 0x74, 0x69,
    0x74, 0x79, 0x47, 0x61, 0x6d, 0x65, 0x53, 0x63, 0x65, 0x6e, 0x65, 0x43, 0x6f, 0x6e, 0x74, 0x72,
    0x6f, 0x6c, 0x6c, 0x65, 0x72, 0x00, 0xe8, 0x00, 0xac, 0x08, 0x45, 0x6e, 0x74, 0x69, 0x74, 0x79,
    0x43, 0x6f, 0x6d, 0x70, 0x6f, 0x6e, 0x65, 0x6e, 0x74, 0x2a, 0x65, 0x6e, 0x74, 0x69, 0x74, 0x79,
    0x4b, 0x4e, 0x4f, 0x57, 0x4e, 0x48, 0x65, 0x72, 0x6f, 0x20, 0x65, 0x6e, 0x74, 0x69, 0x74, 0x79,
    0x20, 0x63, 0x6f, 0x6d, 0x70, 0x6f, 0x6e, 0x65, 0x6e, 0x74, 0x75, 0x0b, 0x0c, 0x27, 0x33, 0x02,
    0x02, 0x01, 0x3d, 0x29, 0x08, 0x17, 0x08, 0x3f, 0x67, 0x73, 0x63, 0x5f, 0x63, 0x68, 0x61, 0x72,
    0x5f, 0x63, 0x74, 0x72, 0x6c, 0x47, 0x61, 0x6d, 0x65, 0x53, 0x63, 0x65, 0x6e, 0x65, 0x43, 0x6f,
    0x6e, 0x74, 0x72, 0x6f, 0x6c, 0x6c, 0x65, 0x72, 0x00, 0xe0, 0x00, 0xa8, 0x08, 0x43, 0x68, 0x61,
    0x72, 0x43, 0x6f, 0x6e, 0x74, 0x72, 0x6f, 0x6c, 0x6c, 0x65, 0x72, 0x43, 0x6f, 0x6d, 0x70, 0x6f,
    0x6e, 0x65, 0x6e, 0x74, 0x2a, 0x63, 0x68, 0x61, 0x72, 0x43, 0x6f, 0x6e, 0x74, 0x72, 0x6f, 0x6c,
    0x6c, 0x65, 0x72, 0x4b, 0x4e, 0x4f, 0x57, 0x4e, 0x48, 0x65, 0x72, 0x6f, 0x20, 0x6c, 0x6f, 0x63,
    0x6f, 0x6d, 0x6f, 0x74, 0x69, 0x6f, 0x6e, 0x20, 0x63, 0x6f, 0x6d, 0x70, 0x6f, 0x6e, 0x65, 0x6e,
    0x74, 0x79, 0x0a, 0x0c, 0x1d, 0x33, 0x02, 0x02, 0x01, 0x25, 0x15, 0x08, 0x17, 0x08, 0x7d, 0x67,
    0x73, 0x63, 0x5f, 0x68, 0x65, 0x72, 0x6f, 0x47, 0x61, 0x6d, 0x65, 0x53, 0x63, 0x65, 0x6e, 0x65,
    0x43, 0x6f, 0x6e, 0x74, 0x72, 0x6f, 0x6c, 0x6c, 0x65, 0x72, 0x00, 0xd8, 0x00, 0xa4, 0x08, 0x53,
    0x63, 0x65, 0x6e, 0x65, 0x4f, 0x62, 0x6a, 0x65, 0x63, 0x74, 0x2a, 0x68, 0x65, 0x72, 0x6f, 0x4b,
    0x4e, 0x4f, 0x57, 0x4e, 0x48, 0x65, 0x72, 0x6f, 0x20, 0x53, 0x63, 0x65, 0x6e, 0x65, 0x4f, 0x62,
    0x6a, 0x65, 0x63, 0x74, 0x20, 0x69, 0x6e, 0x74, 0x72, 0x75, 0x73, 0x69, 0x76, 0x65, 0x5f, 0x70,
    0x74, 0x72, 0x2e, 0x20, 0x48, 0x65, 0x61, 0x64, 0x65, 0x72, 0x20, 0x73, 0x61, 0x69, 0x64, 0x20,
    0x30, 0x78, 0x42, 0x38, 0x20, 0x28, 0x57, 0x52, 0x4f, 0x4e, 0x47, 0x29, 0x64, 0x09, 0x0c, 0x21,
    0x33, 0x02, 0x01, 0x01, 0x1b, 0x19, 0x08, 0x17, 0x08, 0x57, 0x67, 0x73, 0x63, 0x5f, 0x63, 0x61,
    0x6d, 0x65, 0x72, 0x61, 0x47, 0x61, 0x6d, 0x65, 0x53, 0x63, 0x65, 0x6e, 0x65, 0x43, 0x6f, 0x6e,
    0x74, 0x72, 0x6f, 0x6c, 0x6c, 0x65, 0x72, 0x00, 0x90, 0x4c, 0x08, 0x43, 0x61, 0x6d, 0x65, 0x72,
    0x61, 0x2a, 0x63, 0x61, 0x6d, 0x65, 0x72, 0x61, 0x4b, 0x4e, 0x4f, 0x57, 0x4e, 0x43, 0x61, 0x6d,
    0x65, 0x72, 0x61, 0x2a, 0x20, 0x61, 0x74, 0x20, 0x43, 0x43, 0x2b, 0x30, 0x78, 0x35, 0x38, 0x20,
    0x28, 0x30, 0x78, 0x33, 0x38, 0x2b, 0x30, 0x78, 0x35, 0x38, 0x20, 0x3d, 0x20, 0x30, 0x78, 0x39,
    0x30, 0x29, 0x81, 0x0d, 0x08, 0x0c, 0x2b, 0x33, 0x01, 0x01, 0x02, 0x2d, 0x2d, 0x09, 0x17, 0x08,
    0x79, 0x67, 0x73, 0x63, 0x5f, 0x63, 0x61, 0x6d, 0x65, 0x72, 0x61, 0x5f, 0x63, 0x74, 0x72, 0x6c,
    0x47, 0x61, 0x6d, 0x65, 0x53, 0x63, 0x65, 0x6e, 0x65, 0x43, 0x6f, 0x6e, 0x74, 0x72, 0x6f, 0x6c,
    0x6c, 0x65, 0x72, 0x38, 0x1c, 0x00, 0xa0, 0x43, 0x61, 0x6d, 0x65, 0x72, 0x61, 0x43, 0x6f, 0x6e,
    0x74, 0x72, 0x6f, 0x6c, 0x6c, 0x65, 0x72, 0x63, 0x61, 0x6d, 0x65, 0x72, 0x61, 0x43, 0x6f, 0x6e,
    0x74, 0x72, 0x6f, 0x6c, 0x6c, 0x65, 0x72, 0x4b, 0x4e, 0x4f, 0x57, 0x4e, 0x45, 0x4d, 0x42, 0x45,
    0x44, 0x44, 0x45, 0x44, 0x20, 0x73, 0x74, 0x72, 0x75, 0x63, 0x74, 0x2c, 0x20, 0x73, 0x69, 0x7a,
    0x65, 0x20, 0x30, 0x78, 0x41, 0x30, 0x2e, 0x20, 0x48, 0x65, 0x61, 0x64, 0x65, 0x72, 0x20, 0x61,
    0x73, 0x73, 0x75, 0x6d, 0x65, 0x64, 0x20, 0x70, 0x74, 0x72, 0x20, 0x28, 0x57, 0x52, 0x4f, 0x4e,
    0x47, 0x29, 0x5a, 0x07, 0x0c, 0x23, 0x33, 0x01, 0x01, 0x01, 0x17, 0x23, 0x08, 0x1d, 0x08, 0x37,
    0x67, 0x73, 0x63, 0x5f, 0x6f, 0x76, 0x65, 0x72, 0x6c, 0x61, 0x79, 0x47, 0x61, 0x6d, 0x65, 0x53,
    0x63, 0x65, 0x6e, 0x65, 0x43, 0x6f, 0x6e, 0x74, 0x72, 0x6f, 0x6c, 0x6c, 0x65, 0x72, 0x30, 0x18,
    0x08, 0x76, 0x6f, 0x69, 0x64, 0x2a, 0x67, 0x61, 0x6d, 0x65, 0x4f, 0x76, 0x65, 0x72, 0x6c, 0x61,
    0x79, 0x49, 0x4e, 0x46, 0x45, 0x52, 0x52, 0x45, 0x44, 0x55, 0x49, 0x20, 0x63, 0x6f, 0x6e, 0x74,
    0x72, 0x6f, 0x6c, 0x6c, 0x65, 0x72, 0x20, 0x6f, 0x76, 0x65, 0x72, 0x6c, 0x61, 0x79, 0x59, 0x06,
    0x0c, 0x27, 0x33, 0x01, 0x01, 0x01, 0x17, 0x1d, 0x08, 0x17, 0x09, 0x3d, 0x67, 0x73, 0x63, 0x5f,
    0x73, 0x63, 0x65, 0x6e, 0x65, 0x5f, 0x72, 0x65, 0x66, 0x47, 0x61, 0x6d, 0x65, 0x53, 0x63, 0x65,
    0x6e, 0x65, 0x43, 0x6f, 0x6e, 0x74, 0x72, 0x6f, 0x6c, 0x6c, 0x65, 0x72, 0x28, 0x14, 0x08, 0x76,
    0x6f, 0x69, 0x64, 0x2a, 0x73, 0x63, 0x65, 0x6e, 0x65, 0x52, 0x65, 0x66, 0x4b, 0x4e, 0x4f, 0x57,
    0x4e, 0x73, 0x68, 0x61, 0x72, 0x65, 0x64, 0x5f, 0x70, 0x74, 0x72, 0x20, 0x63, 0x6f, 0x6e, 0x74,
    0x72, 0x6f, 0x6c, 0x20, 0x62, 0x6c, 0x6f, 0x63, 0x6b, 0x61, 0x05, 0x0c, 0x1f, 0x33, 0x01, 0x01,
    0x01, 0x19, 0x17, 0x08, 0x17, 0x08, 0x59, 0x67, 0x73, 0x63, 0x5f, 0x73, 0x63, 0x65, 0x6e, 0x65,
    0x47, 0x61, 0x6d, 0x65, 0x53, 0x63, 0x65, 0x6e, 0x65, 0x43, 0x6f, 0x6e, 0x74, 0x72, 0x6f, 0x6c,
    0x6c, 0x65, 0x72, 0x20, 0x10, 0x08, 0x53, 0x63, 0x65, 0x6e, 0x65, 0x2a, 0x73, 0x63, 0x65, 0x6e,
    0x65, 0x4b, 0x4e, 0x4f, 0x57, 0x4e, 0x73, 0x68, 0x61, 0x72, 0x65, 0x64, 0x5f, 0x70, 0x74, 0x72,
    0x20, 0x70, 0x74, 0x72, 0x2e, 0x20, 0x42, 0x6f, 0x75, 0x6e, 0x64, 0x20, 0x69, 0x6e, 0x20, 0x49,
    0x6e, 0x69, 0x74, 0x57, 0x69, 0x74, 0x68, 0x53, 0x63, 0x65, 0x6e, 0x65, 0x71, 0x04, 0x0c, 0x29,
    0x33, 0x01, 0x01, 0x01, 0x23, 0x2f, 0x08, 0x17, 0x08, 0x4d, 0x67, 0x73, 0x63, 0x5f, 0x6c, 0x65,
    0x76, 0x65, 0x6c, 0x73, 0x74, 0x61, 0x74, 0x65, 0x47, 0x61, 0x6d, 0x65, 0x53, 0x63, 0x65, 0x6e,
    0x65, 0x43, 0x6f, 0x6e, 0x74, 0x72, 0x6f, 0x6c, 0x6c, 0x65, 0x72, 0x18, 0x0c, 0x08, 0x4c, 0x65,
    0x76, 0x65, 0x6c, 0x53, 0x74, 0x61, 0x74, 0x65, 0x2a, 0x63, 0x75, 0x72, 0x72, 0x65, 0x6e, 0x74,
    0x4c, 0x65, 0x76, 0x65, 0x6c, 0x53, 0x74, 0x61, 0x74, 0x65, 0x4b, 0x4e, 0x4f, 0x57, 0x4e, 0x47,
    0x61, 0x6d, 0x65, 0x53, 0x74, 0x61, 0x74, 0x65, 0x3a, 0x3a, 0x53, 0x74, 0x61, 0x74, 0x65, 0x46,
    0x6f, 0x72, 0x4c, 0x65, 0x76, 0x65, 0x6c, 0x57, 0x69, 0x74, 0x68, 0x4e, 0x61, 0x6d, 0x65, 0x61,
    0x03, 0x0c, 0x2f, 0x33, 0x01, 0x01, 0x01, 0x17, 0x25, 0x08, 0x17, 0x09, 0x3d, 0x67, 0x73, 0x63,
    0x5f, 0x67, 0x61, 0x6d, 0x65, 0x73, 0x74, 0x61, 0x74, 0x65, 0x5f, 0x72, 0x65, 0x66, 0x47, 0x61,
    0x6d, 0x65, 0x53, 0x63, 0x65, 0x6e, 0x65, 0x43, 0x6f, 0x6e, 0x74, 0x72, 0x6f, 0x6c, 0x6c, 0x65,
    0x72, 0x10, 0x08, 0x08, 0x76, 0x6f, 0x69, 0x64, 0x2a, 0x67, 0x61, 0x6d, 0x65, 0x53, 0x74, 0x61,
    0x74, 0x65, 0x52, 0x65, 0x66, 0x4b, 0x4e, 0x4f, 0x57, 0x4e, 0x73, 0x68, 0x61, 0x72, 0x65, 0x64,
    0x5f, 0x70, 0x74, 0x72, 0x20, 0x63, 0x6f, 0x6e, 0x74, 0x72, 0x6f, 0x6c, 0x20, 0x62, 0x6c, 0x6f,
    0x63, 0x6b, 0x7c, 0x02, 0x0c, 0x27, 0x33, 0x01, 0x01, 0x01, 0x21, 0x1f, 0x08, 0x17, 0x08, 0x77,
    0x67, 0x73, 0x63, 0x5f, 0x67, 0x61, 0x6d, 0x65, 0x73, 0x74, 0x61, 0x74, 0x65, 0x47, 0x61, 0x6d,
    0x65, 0x53, 0x63, 0x65, 0x6e, 0x65, 0x43, 0x6f, 0x6e, 0x74, 0x72, 0x6f, 0x6c, 0x6c, 0x65, 0x72,
    0x08, 0x04, 0x08, 0x47, 0x61, 0x6d, 0x65, 0x53, 0x74, 0x61, 0x74, 0x65, 0x2a, 0x67, 0x61, 0x6d,
    0x65, 0x53, 0x74, 0x61, 0x74, 0x65, 0x4b, 0x4e, 0x4f, 0x57, 0x4e, 0x73, 0x68, 0x61, 0x72, 0x65,
    0x64, 0x5f, 0x70, 0x74, 0x72, 0x20, 0x70, 0x74, 0x72, 0x2e, 0x20, 0x48, 0x65, 0x61, 0x64, 0x65,
    0x72, 0x20, 0x63, 0x61, 0x6c, 0x6c, 0x65, 0x64, 0x20, 0x43, 0x68, 0x61, 0x72, 0x61, 0x63, 0x74,
    0x65, 0x72, 0x53, 0x74, 0x61, 0x74, 0x65, 0x2a, 0x20, 0x28, 0x57, 0x52, 0x4f, 0x4e, 0x47, 0x29,
    0x5e, 0x01, 0x0c, 0x21, 0x33, 0x08, 0x08, 0x01, 0x17, 0x19, 0x08, 0x17, 0x09, 0x55, 0x67, 0x73,
    0x63, 0x5f, 0x76, 0x74, 0x61, 0x62, 0x6c, 0x65, 0x47, 0x61, 0x6d, 0x65, 0x53, 0x63, 0x65, 0x6e,
    0x65, 0x43, 0x6f, 0x6e, 0x74, 0x72, 0x6f, 0x6c, 0x6c, 0x65, 0x72, 0x08, 0x76, 0x6f, 0x69, 0x64,
    0x2a, 0x76, 0x74, 0x61, 0x62, 0x6c, 0x65, 0x4b, 0x4e, 0x4f, 0x57, 0x4e, 0x49, 0x47, 0x61, 0x6d,
    0x65, 0x43, 0x6f, 0x6e, 0x74, 0x72, 0x6f, 0x6c, 0x44, 0x65, 0x6c, 0x65, 0x67, 0x61, 0x74, 0x65,
    0x20, 0x76, 0x74, 0x61, 0x62, 0x6c, 0x65, 0x20, 0x30, 0x78, 0x36, 0x32, 0x41, 0x35, 0x45, 0x38,
    0x0d, 0x00, 0x00, 0x00, 0x2c, 0x00, 0x8c, 0x00, 0x0f, 0xad, 0x0f, 0x53, 0x0e, 0xf5, 0x0e, 0x92,
    0x0e, 0x33, 0x0d, 0xd6, 0x0d, 0x79, 0x0d, 0x2a, 0x0c, 0xdf, 0x0c, 0x99, 0x0c, 0x4b, 0x0b, 0xfb,
    0x0b, 0xa7, 0x0b, 0x57, 0x0b, 0x03, 0x0a, 0xb9, 0x0a, 0x61, 0x0a, 0x07, 0x09, 0xb7, 0x09, 0x52,
    0x08, 0xf7, 0x08, 0x8a, 0x08, 0x27, 0x07, 0xde, 0x07, 0x95, 0x07, 0x3c, 0x06, 0xe0, 0x06, 0x91,
    0x06, 0x48, 0x05, 0xf0, 0x05, 0x86, 0x05, 0x29, 0x04, 0xe5, 0x04, 0x8b, 0x04, 0x1e, 0x03, 0xba,
    0x03, 0x54, 0x03, 0x0e, 0x02, 0xa4, 0x02, 0x2b, 0x01, 0xc8, 0x01, 0x5e, 0x00, 0xf3, 0x00, 0x8c,
    0x00, 0x00, 0x00, 0x00, 0x00, 0x00, 0x00, 0x00, 0x00, 0x00, 0x00, 0x00, 0x00, 0x00, 0x00, 0x00,
    0x00, 0x00, 0x00, 0x00, 0x00, 0x00, 0x00, 0x00, 0x00, 0x00, 0x00, 0x00, 0x00, 0x00, 0x00, 0x00,
    0x00, 0x00, 0x00, 0x00, 0x00, 0x00, 0x00, 0x00, 0x00, 0x00, 0x00, 0x00, 0x65, 0x53, 0x0c, 0x2f,
    0x17, 0x02, 0x02, 0x01, 0x1f, 0x27, 0x09, 0x17, 0x09, 0x53, 0x73, 0x63, 0x5f, 0x63, 0x6f, 0x6c,
    0x6c, 0x69, 0x73, 0x69, 0x6f, 0x6e, 0x5f, 0x67, 0x72, 0x69, 0x64, 0x53, 0x63, 0x65, 0x6e, 0x65,
    0x02, 0xd8, 0x01, 0xa4, 0x40, 0x53, 0x63, 0x65, 0x6e, 0x65, 0x47, 0x72, 0x69, 0x64, 0x63, 0x6f,
    0x6c, 0x6c, 0x69, 0x73, 0x69, 0x6f, 0x6e, 0x47, 0x72, 0x69, 0x64, 0x4b, 0x4e, 0x4f, 0x57, 0x4e,
    0x53, 0x70, 0x61, 0x74, 0x69, 0x61, 0x6c, 0x20, 0x70, 0x61, 0x72, 0x74, 0x69, 0x74, 0x69, 0x6f,
    0x6e, 0x69, 0x6e, 0x67, 0x20, 0x63, 0x6f, 0x6c, 0x6c, 0x69, 0x73, 0x69, 0x6f, 0x6e, 0x20, 0x67,
    0x72, 0x69, 0x64, 0x69, 0x52, 0x0c, 0x25, 0x17, 0x02, 0x02, 0x01, 0x2d, 0x2f, 0x09, 0x17, 0x09,
    0x4f, 0x73, 0x63, 0x5f, 0x63, 0x6f, 0x6d, 0x70, 0x5f, 0x6d, 0x67, 0x72, 0x31, 0x53, 0x63, 0x65,
    0x6e, 0x65, 0x01, 0x88, 0x00, 0xf0, 0x30, 0x43, 0x6f, 0x6d, 0x70, 0x6f, 0x6e, 0x65, 0x6e, 0x74,
    0x4d, 0x61, 0x6e, 0x61, 0x67, 0x65, 0x72, 0x63, 0x6f, 0x6d, 0x70, 0x6f, 0x6e, 0x65, 0x6e, 0x74,
    0x4d, 0x61, 0x6e, 0x61, 0x67, 0x65, 0x72, 0x31, 0x4b, 0x4e, 0x4f, 0x57, 0x4e, 0x56, 0x69, 0x73,
    0x75, 0x61, 0x6c, 0x20, 0x63, 0x6f, 0x6d, 0x70, 0x6f, 0x6e, 0x65, 0x6e, 0x74, 0x20, 0x64, 0x69,
    0x73, 0x70, 0x61, 0x74, 0x63, 0x68, 0x20, 0x6d, 0x61, 0x6e, 0x61, 0x67, 0x65, 0x72, 0x68, 0x51,
    0x0c, 0x25, 0x17, 0x02, 0x02, 0x01, 0x2d, 0x2f, 0x09, 0x17, 0x09, 0x4d, 0x73, 0x63, 0x5f, 0x63,
    0x6f, 0x6d, 0x70, 0x5f, 0x6d, 0x67, 0x72, 0x30, 0x53, 0x63, 0x65, 0x6e, 0x65, 0x01, 0x58, 0x00,
    0xd8, 0x30, 0x43, 0x6f, 0x6d, 0x70, 0x6f, 0x6e, 0x65, 0x6e, 0x74, 0x4d, 0x61, 0x6e, 0x61, 0x67,
    0x65, 0x72, 0x63, 0x6f, 0x6d, 0x70, 0x6f, 0x6e, 0x65, 0x6e, 0x74, 0x4d, 0x61, 0x6e, 0x61, 0x67,
    0x65, 0x72, 0x30, 0x4b, 0x4e, 0x4f, 0x57, 0x4e, 0x46, 0x69, 0x72, 0x73, 0x74, 0x20, 0x63, 0x6f,
    0x6d, 0x70, 0x6f, 0x6e, 0x65, 0x6e, 0x74, 0x20, 0x64, 0x69, 0x73, 0x70, 0x61, 0x74, 0x63, 0x68,
    0x20, 0x6d, 0x61, 0x6e, 0x61, 0x67, 0x65, 0x72, 0x61, 0x50, 0x0c, 0x1f, 0x17, 0x02, 0x02, 0x01,
    0x43, 0x19, 0x08, 0x17, 0x09, 0x45, 0x73, 0x63, 0x5f, 0x67, 0x72, 0x6f, 0x75, 0x70, 0x73, 0x53,
    0x63, 0x65, 0x6e, 0x65, 0x00, 0xd0, 0x00, 0x84, 0x18, 0x73, 0x74, 0x64, 0x3a, 0x3a, 0x73, 0x65,
    0x74, 0x3c, 0x53, 0x63, 0x65, 0x6e, 0x65, 0x4f, 0x62, 0x6a, 0x65, 0x63, 0x74, 0x47, 0x72, 0x6f,
    0x75, 0x70, 0x2a, 0x3e, 0x67, 0x72, 0x6f, 0x75, 0x70, 0x73, 0x4b, 0x4e, 0x4f, 0x57, 0x4e, 0x52,
    0x42, 0x2d, 0x74, 0x72, 0x65, 0x65, 0x20, 0x73, 0x65, 0x74, 0x20, 0x6f, 0x66, 0x20, 0x65, 0x6e,
    0x74, 0x69, 0x74, 0x79, 0x20, 0x67, 0x72, 0x6f, 0x75, 0x70, 0x73, 0x77, 0x4f, 0x0c, 0x21, 0x17,
    0x02, 0x01, 0x01, 0x39, 0x1b, 0x08, 0x17, 0x09, 0x79, 0x73, 0x63, 0x5f, 0x6f, 0x62, 0x6a, 0x65,
    0x63, 0x74, 0x73, 0x53, 0x63, 0x65, 0x6e, 0x65, 0x00, 0xb8, 0x74, 0x18, 0x73, 0x74, 0x64, 0x3a,
    0x3a, 0x73, 0x65, 0x74, 0x3c, 0x53, 0x63, 0x65, 0x6e, 0x65, 0x4f, 0x62, 0x6a, 0x65, 0x63, 0x74,
    0x2a, 0x3e, 0x6f, 0x62, 0x6a, 0x65, 0x63, 0x74, 0x73, 0x4b, 0x4e, 0x4f, 0x57, 0x4e, 0x52, 0x42,
    0x2d, 0x74, 0x72, 0x65, 0x65, 0x20, 0x73, 0x65, 0x74, 0x20, 0x6f, 0x66, 0x20, 0x61, 0x6c, 0x6c,
    0x20, 0x61, 0x63, 0x74, 0x69, 0x76, 0x65, 0x20, 0x65, 0x6e, 0x74, 0x69, 0x74, 0x69, 0x65, 0x73,
    0x20, 0x28, 0x4d, 0x75, 0x6c, 0x74, 0x69, 0x70, 0x6c, 0x69, 0x63, 0x69, 0x74, 0x79, 0x20, 0x52,
    0x6f, 0x6f, 0x74, 0x29, 0x68, 0x4e, 0x0c, 0x27, 0x17, 0x02, 0x01, 0x01, 0x3f, 0x27, 0x08, 0x17,
    0x09, 0x43, 0x73, 0x63, 0x5f, 0x6f, 0x62, 0x6a, 0x65, 0x63, 0x74, 0x5f, 0x6c, 0x69, 0x62, 0x53,
    0x63, 0x65, 0x6e, 0x65, 0x00, 0xa8, 0x64, 0x10, 0x73, 0x68, 0x61, 0x72, 0x65, 0x64, 0x5f, 0x70,
    0x74, 0x72, 0x3c, 0x4f, 0x62, 0x6a, 0x65, 0x63, 0x74, 0x4c, 0x69, 0x62, 0x72, 0x61, 0x72, 0x79,
    0x3e, 0x6f, 0x62, 0x6a, 0x65, 0x63, 0x74, 0x4c, 0x69, 0x62, 0x72, 0x61, 0x72, 0x79, 0x4b, 0x4e,
    0x4f, 0x57, 0x4e, 0x53, 0x63, 0x65, 0x6e, 0x65, 0x20, 0x6f, 0x62, 0x6a, 0x65, 0x63, 0x74, 0x20,
    0x70, 0x72, 0x65, 0x66, 0x61, 0x62, 0x20, 0x6c, 0x69, 0x62, 0x72, 0x61, 0x72, 0x79, 0x44, 0x4d,
    0x0c, 0x1f, 0x17, 0x02, 0x01, 0x01, 0x1f, 0x19, 0x08, 0x17, 0x08, 0x31, 0x73, 0x63, 0x5f, 0x62,
    0x6f, 0x75, 0x6e, 0x64, 0x73, 0x53, 0x63, 0x65, 0x6e, 0x65, 0x00, 0x98, 0x54, 0x10, 0x52, 0x65,
    0x63, 0x74, 0x61, 0x6e, 0x67, 0x6c, 0x65, 0x62, 0x6f, 0x75, 0x6e, 0x64, 0x73, 0x4b, 0x4e, 0x4f,
    0x57, 0x4e, 0x57, 0x6f, 0x72, 0x6c, 0x64, 0x20, 0x62, 0x6f, 0x75, 0x6e, 0x64, 0x61, 0x72, 0x79,
    0x20, 0x62, 0x6f, 0x78, 0x64, 0x4c, 0x0c, 0x2d, 0x17, 0x02, 0x01, 0x01, 0x33, 0x25, 0x08, 0x17,
    0x09, 0x43, 0x73, 0x63, 0x5f, 0x73, 0x63, 0x65, 0x6e, 0x65, 0x5f, 0x70, 0x72, 0x6f, 0x67, 0x72,
    0x61, 0x6d, 0x53, 0x63, 0x65, 0x6e, 0x65, 0x00, 0x88, 0x44, 0x10, 0x73, 0x68, 0x61, 0x72, 0x65,
    0x64, 0x5f, 0x70, 0x74, 0x72, 0x3c, 0x50, 0x72, 0x6f, 0x67, 0x72, 0x61, 0x6d, 0x3e, 0x73, 0x63,
    0x65, 0x6e, 0x65, 0x50, 0x72, 0x6f, 0x67, 0x72, 0x61, 0x6d, 0x4b, 0x4e, 0x4f, 0x57, 0x4e, 0x53,
    0x63, 0x65, 0x6e, 0x65, 0x20, 0x69, 0x6e, 0x69, 0x74, 0x69, 0x61, 0x6c, 0x69, 0x7a, 0x61, 0x74,
    0x69, 0x6f, 0x6e, 0x20, 0x73, 0x63, 0x72, 0x69, 0x70, 0x74, 0x62, 0x4b, 0x0c, 0x2d, 0x17, 0x01,
    0x01, 0x01, 0x25, 0x25, 0x09, 0x17, 0x09, 0x4f, 0x73, 0x63, 0x5f, 0x70, 0x72, 0x6f, 0x67, 0x72,
    0x61, 0x6d, 0x5f, 0x73, 0x74, 0x61, 0x74, 0x65, 0x53, 0x63, 0x65, 0x6e, 0x65, 0x28, 0x14, 0x60,
    0x50, 0x72, 0x6f, 0x67, 0x72, 0x61, 0x6d, 0x53, 0x74, 0x61, 0x74, 0x65, 0x70, 0x72, 0x6f, 0x67,
    0x72, 0x61, 0x6d, 0x53, 0x74, 0x61, 0x74, 0x65, 0x4b, 0x4e, 0x4f, 0x57, 0x4e, 0x45, 0x4d, 0x42,
    0x45, 0x44, 0x44, 0x45, 0x44, 0x20, 0x72, 0x6f, 0x6f, 0x74, 0x20, 0x4c, 0x75, 0x61, 0x20, 0x65,
    0x78, 0x65, 0x63, 0x75, 0x74, 0x69, 0x6f, 0x6e, 0x20, 0x73, 0x74, 0x61, 0x74, 0x65, 0x6b, 0x4a,
    0x0c, 0x29, 0x17, 0x01, 0x01, 0x01, 0x1b, 0x21, 0x08, 0x17, 0x08, 0x73, 0x73, 0x63, 0x5f, 0x70,
    0x61, 0x75, 0x73, 0x65, 0x5f, 0x63, 0x6f, 0x75, 0x6e, 0x74, 0x53, 0x63, 0x65, 0x6e, 0x65, 0x20,
    0x10, 0x04, 0x69, 0x6e, 0x74, 0x33, 0x32, 0x5f, 0x74, 0x70, 0x61, 0x75, 0x73, 0x65, 0x43, 0x6f,
    0x75, 0x6e, 0x74, 0x4b, 0x4e, 0x4f, 0x57, 0x4e, 0x52, 0x65, 0x66, 0x63, 0x6f, 0x75, 0x6e, 0x74,
    0x65, 0x64, 0x20, 0x70, 0x61, 0x75, 0x73, 0x65, 0x2e, 0x20, 0x44, 0x6f, 0x20, 0x6e, 0x6f, 0x74,
    0x20, 0x77, 0x72, 0x69, 0x74, 0x65, 0x20, 0x30, 0x2f, 0x31, 0x20, 0x62, 0x6f, 0x6f, 0x6c, 0x65,
    0x61, 0x6e, 0x20, 0x64, 0x69, 0x72, 0x65, 0x63, 0x74, 0x6c, 0x79, 0x58, 0x49, 0x0c, 0x33, 0x17,
    0x01, 0x01, 0x09, 0x15, 0x2b, 0x08, 0x17, 0x08, 0x41, 0x73, 0x63, 0x5f, 0x66, 0x69, 0x6e, 0x69,
    0x73, 0x68, 0x65, 0x64, 0x5f, 0x6c, 0x6f, 0x61, 0x64, 0x69, 0x6e, 0x67, 0x53, 0x63, 0x65, 0x6e,
    0x65, 0x08, 0x04, 0x62, 0x6f, 0x6f, 0x6c, 0x66, 0x69, 0x6e, 0x69, 0x73, 0x68, 0x65, 0x64, 0x4c,
    0x6f, 0x61, 0x64, 0x69, 0x6e, 0x67, 0x4b, 0x4e, 0x4f, 0x57, 0x4e, 0x46, 0x69, 0x6e, 0x69, 0x73,
    0x68, 0x4c, 0x6f, 0x61, 0x64, 0x20, 0x63, 0x6f, 0x6d, 0x70, 0x6c, 0x65, 0x74, 0x69, 0x6f, 0x6e,
    0x20, 0x66, 0x6c, 0x61, 0x67, 0x42, 0x48, 0x0c, 0x1f, 0x17, 0x08, 0x08, 0x01, 0x17, 0x19, 0x08,
    0x17, 0x09, 0x3b, 0x73, 0x63, 0x5f, 0x76, 0x74, 0x61, 0x62, 0x6c, 0x65, 0x53, 0x63, 0x65, 0x6e,
    0x65, 0x08, 0x76, 0x6f, 0x69, 0x64, 0x2a, 0x76, 0x74, 0x61, 0x62, 0x6c, 0x65, 0x4b, 0x4e, 0x4f,
    0x57, 0x4e, 0x50, 0x72, 0x69, 0x6d, 0x61, 0x72, 0x79, 0x20, 0x76, 0x74, 0x61, 0x62, 0x6c, 0x65,
    0x20, 0x30, 0x78, 0x36, 0x33, 0x33, 0x36, 0x41, 0x30, 0x5b, 0x47, 0x0c, 0x25, 0x23, 0x02, 0x02,
    0x09, 0x15, 0x1d, 0x08, 0x17, 0x08, 0x53, 0x73, 0x6f, 0x5f, 0x69, 0x73, 0x5f, 0x68, 0x69, 0x64,
    0x64, 0x65, 0x6e, 0x53, 0x63, 0x65, 0x6e, 0x65, 0x4f, 0x62, 0x6a, 0x65, 0x63, 0x74, 0x01, 0x04,
    0x00, 0x9c, 0x62, 0x6f, 0x6f, 0x6c, 0x69, 0x73, 0x48, 0x69, 0x64, 0x64, 0x65, 0x6e, 0x4b, 0x4e,
    0x4f, 0x57, 0x4e, 0x50, 0x72, 0x6f, 0x74, 0x6f, 0x20, 0x66, 0x69, 0x65, 0x6c, 0x64, 0x20, 0x31,
    0x36, 0x2e, 0x20, 0x56, 0x69, 0x73, 0x69, 0x62, 0x6c, 0x65, 0x20, 0x72, 0x65, 0x6e, 0x64, 0x65,
    0x72, 0x20, 0x66, 0x6c, 0x61, 0x67, 0x68, 0x46, 0x0c, 0x27, 0x23, 0x02, 0x02, 0x01, 0x3b, 0x21,
    0x08, 0x17, 0x09, 0x3f, 0x73, 0x6f, 0x5f, 0x63, 0x6f, 0x6d, 0x70, 0x6f, 0x6e, 0x65, 0x6e, 0x74,
    0x73, 0x53, 0x63, 0x65, 0x6e, 0x65, 0x4f, 0x62, 0x6a, 0x65, 0x63, 0x74, 0x00, 0xd0, 0x00, 0x84,
    0x18, 0x73, 0x74, 0x64, 0x3a, 0x3a, 0x76, 0x65, 0x63, 0x74, 0x6f, 0x72, 0x3c, 0x43, 0x6f, 0x6d,
    0x70, 0x6f, 0x6e, 0x65, 0x6e, 0x74, 0x2a, 0x3e, 0x63, 0x6f, 0x6d, 0x70, 0x6f, 0x6e, 0x65, 0x6e,
    0x74, 0x73, 0x4b, 0x4e, 0x4f, 0x57, 0x4e, 0x73, 0x74, 0x64, 0x3a, 0x3a, 0x76, 0x65, 0x63, 0x74,
    0x6f, 0x72, 0x20, 0x62, 0x65, 0x67, 0x69, 0x6e, 0x2f, 0x65, 0x6e, 0x64, 0x2f, 0x63, 0x61, 0x70,
    0x56, 0x45, 0x0c, 0x2b, 0x23, 0x02, 0x01, 0x09, 0x15, 0x23, 0x08, 0x17, 0x08, 0x3f, 0x73, 0x6f,
    0x5f, 0x62, 0x6f, 0x75, 0x6e, 0x64, 0x73, 0x5f, 0x64, 0x69, 0x72, 0x74, 0x79, 0x53, 0x63, 0x65,
    0x6e, 0x65, 0x4f, 0x62, 0x6a, 0x65, 0x63, 0x74, 0x00, 0xc4, 0x7c, 0x62, 0x6f, 0x6f, 0x6c, 0x62,
    0x6f, 0x75, 0x6e, 0x64, 0x73, 0x44, 0x69, 0x72, 0x74, 0x79, 0x4b, 0x4e, 0x4f, 0x57, 0x4e, 0x42,
    0x6f, 0x75, 0x6e, 0x64, 0x73, 0x20, 0x72, 0x65, 0x63, 0x61, 0x6c, 0x63, 0x75, 0x6c, 0x61, 0x74,
    0x69, 0x6f, 0x6e, 0x20, 0x66, 0x6c, 0x61, 0x67, 0x47, 0x44, 0x0c, 0x1b, 0x23, 0x02, 0x01, 0x01,
    0x1f, 0x1f, 0x08, 0x17, 0x08, 0x29, 0x73, 0x6f, 0x5f, 0x61, 0x61, 0x62, 0x62, 0x53, 0x63, 0x65,
    0x6e, 0x65, 0x4f, 0x62, 0x6a, 0x65, 0x63, 0x74, 0x00, 0xa4, 0x6c, 0x10, 0x52, 0x65, 0x63, 0x74,
    0x61, 0x6e, 0x67, 0x6c, 0x65, 0x6c, 0x6f, 0x63, 0x61, 0x6c, 0x41, 0x41, 0x42, 0x42, 0x4b, 0x4e,
    0x4f, 0x57, 0x4e, 0x50, 0x72, 0x6f, 0x74, 0x6f, 0x20, 0x66, 0x69, 0x65, 0x6c, 0x64, 0x20, 0x31,
    0x35, 0x4d, 0x43, 0x0c, 0x1d, 0x23, 0x02, 0x01, 0x01, 0x17, 0x17, 0x08, 0x17, 0x08, 0x43, 0x73,
    0x6f, 0x5f, 0x73, 0x63, 0x61, 0x6c, 0x65, 0x53, 0x63, 0x65, 0x6e, 0x65, 0x4f, 0x62, 0x6a, 0x65,
    0x63, 0x74, 0x00, 0x9c, 0x68, 0x04, 0x66, 0x6c, 0x6f, 0x61, 0x74, 0x73, 0x63, 0x61, 0x6c, 0x65,
    0x4b, 0x4e, 0x4f, 0x57, 0x4e, 0x55, 0x6e, 0x69, 0x66, 0x6f, 0x72, 0x6d, 0x20, 0x73, 0x63, 0x61,
    0x6c, 0x65, 0x2e, 0x20, 0x44, 0x65, 0x66, 0x61, 0x75, 0x6c, 0x74, 0x20, 0x31, 0x2e, 0x30, 0x66,
    0x5a, 0x42, 0x0c, 0x1d, 0x23, 0x02, 0x01, 0x01, 0x17, 0x1d, 0x08, 0x17, 0x08, 0x57, 0x73, 0x6f,
    0x5f, 0x72, 0x6f, 0x74, 0x5f, 0x7a, 0x53, 0x63, 0x65, 0x6e, 0x65, 0x4f, 0x62, 0x6a, 0x65, 0x63,
    0x74, 0x00, 0x90, 0x60, 0x04, 0x66, 0x6c, 0x6f, 0x61, 0x74, 0x72, 0x6f, 0x74, 0x61, 0x74, 0x69,
    0x6f, 0x6e, 0x4b, 0x4e, 0x4f, 0x57, 0x4e, 0x5a, 0x20, 0x72, 0x6f, 0x74, 0x61, 0x74, 0x69, 0x6f,
    0x6e, 0x20, 0x69, 0x6e, 0x20, 0x72, 0x61, 0x64, 0x69, 0x61, 0x6e, 0x73, 0x2e, 0x20, 0x50, 0x72,
    0x6f, 0x74, 0x6f, 0x20, 0x66, 0x69, 0x65, 0x6c, 0x64, 0x20, 0x32, 0x35, 0x57, 0x41, 0x0c, 0x1d,
    0x23, 0x02, 0x01, 0x01, 0x17, 0x21, 0x08, 0x17, 0x08, 0x4d, 0x73, 0x6f, 0x5f, 0x70, 0x6f, 0x73,
    0x5f, 0x7a, 0x53, 0x63, 0x65, 0x6e, 0x65, 0x4f, 0x62, 0x6a, 0x65, 0x63, 0x74, 0x00, 0x88, 0x5c,
    0x04, 0x66, 0x6c, 0x6f, 0x61, 0x74, 0x70, 0x6f, 0x73, 0x69, 0x74, 0x69, 0x6f, 0x6e, 0x5f, 0x7a,
    0x4b, 0x4e, 0x4f, 0x57, 0x4e, 0x57, 0x6f, 0x72, 0x6c, 0x64, 0x20, 0x70, 0x6f, 0x73, 0x69, 0x74,
    0x69, 0x6f, 0x6e, 0x20, 0x5a, 0x2e, 0x20, 0x50, 0x72, 0x6f, 0x74, 0x6f, 0x20, 0x66, 0x69, 0x65,
    0x6c, 0x64, 0x20, 0x32, 0x34, 0x47, 0x40, 0x0c, 0x1d, 0x23, 0x02, 0x01, 0x01, 0x17, 0x21, 0x08,
    0x17, 0x08, 0x2d, 0x73, 0x6f, 0x5f, 0x70, 0x6f, 0x73, 0x5f, 0x79, 0x53, 0x63, 0x65, 0x6e, 0x65,
    0x4f, 0x62, 0x6a, 0x65, 0x63, 0x74, 0x00, 0x84, 0x58, 0x04, 0x66, 0x6c, 0x6f, 0x61, 0x74, 0x70,
    0x6f, 0x73, 0x69, 0x74, 0x69, 0x6f, 0x6e, 0x5f, 0x79, 0x4b, 0x4e, 0x4f, 0x57, 0x4e, 0x57, 0x6f,
    0x72, 0x6c, 0x64, 0x20, 0x70, 0x6f, 0x73, 0x69, 0x74, 0x69, 0x6f, 0x6e, 0x20, 0x59, 0x47, 0x3f,
    0x0c, 0x1d, 0x23, 0x02, 0x01, 0x01, 0x17, 0x21, 0x08, 0x17, 0x08, 0x2d, 0x73, 0x6f, 0x5f, 0x70,
    0x6f, 0x73, 0x5f, 0x78, 0x53, 0x63, 0x65, 0x6e, 0x65, 0x4f, 0x62, 0x6a, 0x65, 0x63, 0x74, 0x00,
    0x80, 0x54, 0x04, 0x66, 0x6c, 0x6f, 0x61, 0x74, 0x70, 0x6f, 0x73, 0x69, 0x74, 0x69, 0x6f, 0x6e,
    0x5f, 0x78, 0x4b, 0x4e, 0x4f, 0x57, 0x4e, 0x57, 0x6f, 0x72, 0x6c, 0x64, 0x20, 0x70, 0x6f, 0x73,
    0x69, 0x74, 0x69, 0x6f, 0x6e, 0x20, 0x58, 0x61, 0x3e, 0x0c, 0x21, 0x23, 0x01, 0x01, 0x01, 0x33,
    0x1b, 0x08, 0x17, 0x09, 0x49, 0x73, 0x6f, 0x5f, 0x70, 0x72, 0x6f, 0x67, 0x72, 0x61, 0x6d, 0x53,
    0x63, 0x65, 0x6e, 0x65, 0x4f, 0x62, 0x6a, 0x65, 0x63, 0x74, 0x68, 0x44, 0x10, 0x73, 0x68, 0x61,
    0x72, 0x65, 0x64, 0x5f, 0x70, 0x74, 0x72, 0x3c, 0x50, 0x72, 0x6f, 0x67, 0x72, 0x61, 0x6d, 0x3e,
    0x70, 0x72, 0x6f, 0x67, 0x72, 0x61, 0x6d, 0x4b, 0x4e, 0x4f, 0x57, 0x4e, 0x50, 0x72, 0x6f, 0x74,
    0x6f, 0x20, 0x66, 0x69, 0x65, 0x6c, 0x64, 0x20, 0x31, 0x37, 0x2e, 0x20, 0x53, 0x63, 0x72, 0x69,
    0x70, 0x74, 0x20, 0x70, 0x72, 0x6f, 0x67, 0x72, 0x61, 0x6d, 0x6b, 0x3d, 0x0c, 0x1b, 0x23, 0x01,
    0x01, 0x01, 0x23, 0x15, 0x08, 0x17, 0x08, 0x79, 0x73, 0x6f, 0x5f, 0x6e, 0x61, 0x6d, 0x65, 0x53,
    0x63, 0x65, 0x6e, 0x65, 0x4f, 0x62, 0x6a, 0x65, 0x63, 0x74, 0x50, 0x2c, 0x18, 0x73, 0x74, 0x64,
    0x3a, 0x3a, 0x73, 0x74, 0x72, 0x69, 0x6e, 0x67, 0x6e, 0x61, 0x6d, 0x65, 0x4b, 0x4e, 0x4f, 0x57,
    0x4e, 0x50, 0x72, 0x6f, 0x74, 0x6f, 0x20, 0x66, 0x69, 0x65, 0x6c, 0x64, 0x20, 0x31, 0x2e, 0x20,
    0x53, 0x53, 0x4f, 0x20, 0x73, 0x74, 0x72, 0x69, 0x6e, 0x67, 0x2e, 0x20, 0x48, 0x65, 0x61, 0x64,
    0x65, 0x72, 0x20, 0x67, 0x75, 0x65, 0x73, 0x73, 0x65, 0x64, 0x20, 0x30, 0x78, 0x33, 0x30, 0x20,
    0x28, 0x57, 0x52, 0x4f, 0x4e, 0x47, 0x29, 0x59, 0x3c, 0x0c, 0x21, 0x23, 0x01, 0x01, 0x01, 0x17,
    0x2b, 0x08, 0x17, 0x08, 0x45, 0x73, 0x6f, 0x5f, 0x73, 0x63, 0x61, 0x6c, 0x69, 0x6e, 0x67, 0x53,
    0x63, 0x65, 0x6e, 0x65, 0x4f, 0x62, 0x6a, 0x65, 0x63, 0x74, 0x40, 0x24, 0x04, 0x66, 0x6c, 0x6f,
    0x61, 0x74, 0x69, 0x6e, 0x73, 0x74, 0x61, 0x6e, 0x63, 0x65, 0x53, 0x63, 0x61, 0x6c, 0x69, 0x6e,
    0x67, 0x4b, 0x4e, 0x4f, 0x57, 0x4e, 0x50, 0x72, 0x6f, 0x74, 0x6f, 0x20, 0x66, 0x69, 0x65, 0x6c,
    0x64, 0x20, 0x31, 0x34, 0x2e, 0x20, 0x44, 0x65, 0x66, 0x61, 0x75, 0x6c, 0x74, 0x20, 0x31, 0x2e,
    0x30, 0x66, 0x63, 0x3b, 0x0c, 0x1d, 0x23, 0x01, 0x01, 0x01, 0x19, 0x17, 0x08, 0x17, 0x08, 0x6f,
    0x73, 0x6f, 0x5f, 0x73, 0x63, 0x65, 0x6e, 0x65, 0x53, 0x63, 0x65, 0x6e, 0x65, 0x4f, 0x62, 0x6a,
    0x65, 0x63, 0x74, 0x20, 0x14, 0x08, 0x53, 0x63, 0x65, 0x6e, 0x65, 0x2a, 0x73, 0x63, 0x65, 0x6e,
    0x65, 0x4b, 0x4e, 0x4f, 0x57, 0x4e, 0x4f, 0x77, 0x6e, 0x69, 0x6e, 0x67, 0x20, 0x53, 0x63, 0x65,
    0x6e, 0x65, 0x20, 0x70, 0x6f, 0x69, 0x6e, 0x74, 0x65, 0x72, 0x2e, 0x20, 0x48, 0x65, 0x61, 0x64,
    0x65, 0x72, 0x20, 0x67, 0x75, 0x65, 0x73, 0x73, 0x65, 0x64, 0x20, 0x30, 0x78, 0x31, 0x38, 0x20,
    0x28, 0x57, 0x52, 0x4f, 0x4e, 0x47, 0x29, 0x4e, 0x3a, 0x0c, 0x21, 0x23, 0x01, 0x01, 0x01, 0x1d,
    0x23, 0x08, 0x1d, 0x08, 0x2b, 0x73, 0x6f, 0x5f, 0x65, 0x6e, 0x61, 0x62, 0x6c, 0x65, 0x64, 0x53,
    0x63, 0x65, 0x6e, 0x65, 0x4f, 0x62, 0x6a, 0x65, 0x63, 0x74, 0x18, 0x10, 0x02, 0x75, 0x69, 0x6e,
    0x74, 0x31, 0x36, 0x5f, 0x74, 0x65, 0x6e, 0x61, 0x62, 0x6c, 0x65, 0x64, 0x46, 0x6c, 0x61, 0x67,
    0x49, 0x4e, 0x46, 0x45, 0x52, 0x52, 0x45, 0x44, 0x45, 0x6e, 0x61, 0x62, 0x6c, 0x65, 0x64, 0x20,
    0x62, 0x69, 0x74, 0x66, 0x6c, 0x61, 0x67, 0x58, 0x39, 0x0c, 0x21, 0x23, 0x01, 0x01, 0x01, 0x17,
    0x1b, 0x08, 0x17, 0x09, 0x53, 0x73, 0x6f, 0x5f, 0x76, 0x74, 0x61, 0x62, 0x6c, 0x65, 0x32, 0x53,
    0x63, 0x65, 0x6e, 0x65, 0x4f, 0x62, 0x6a, 0x65, 0x63, 0x74, 0x10, 0x08, 0x08, 0x76, 0x6f, 0x69,
    0x64, 0x2a, 0x76, 0x74, 0x61, 0x62, 0x6c, 0x65, 0x32, 0x4b, 0x4e, 0x4f, 0x57, 0x4e, 0x53, 0x65,
    0x63, 0x6f, 0x6e, 0x64, 0x61, 0x72, 0x79, 0x20, 0x49, 0x42, 0x69, 0x6e, 0x64, 0x61, 0x62, 0x6c,
    0x65, 0x20, 0x76, 0x74, 0x61, 0x62, 0x6c, 0x65, 0x20, 0x30, 0x78, 0x36, 0x33, 0x33, 0x41, 0x35,
    0x38, 0x56, 0x38, 0x0c, 0x23, 0x23, 0x01, 0x01, 0x01, 0x1b, 0x1d, 0x08, 0x17, 0x09, 0x47, 0x73,
    0x6f, 0x5f, 0x72, 0x65, 0x66, 0x63, 0x6f, 0x75, 0x6e, 0x74, 0x53, 0x63, 0x65, 0x6e, 0x65, 0x4f,
    0x62, 0x6a, 0x65, 0x63, 0x74, 0x08, 0x04, 0x04, 0x69, 0x6e, 0x74, 0x33, 0x32, 0x5f, 0x74, 0x72,
    0x65, 0x66, 0x43, 0x6f, 0x75, 0x6e, 0x74, 0x4b, 0x4e, 0x4f, 0x57, 0x4e, 0x62, 0x6f, 0x6f, 0x73,
    0x74, 0x3a, 0x3a, 0x69, 0x6e, 0x74, 0x72, 0x75, 0x73, 0x69, 0x76, 0x65, 0x5f, 0x70, 0x74, 0x72,
    0x20, 0x72, 0x65, 0x66, 0x63, 0x6f, 0x75, 0x6e, 0x74, 0x48, 0x37, 0x0c, 0x1f, 0x23, 0x08, 0x08,
    0x01, 0x17, 0x19, 0x08, 0x17, 0x09, 0x3b, 0x73, 0x6f, 0x5f, 0x76, 0x74, 0x61, 0x62, 0x6c, 0x65,
    0x53, 0x63, 0x65, 0x6e, 0x65, 0x4f, 0x62, 0x6a, 0x65, 0x63, 0x74, 0x08, 0x76, 0x6f, 0x69, 0x64,
    0x2a, 0x76, 0x74, 0x61, 0x62, 0x6c, 0x65, 0x4b, 0x4e, 0x4f, 0x57, 0x4e, 0x50, 0x72, 0x69, 0x6d,
    0x61, 0x72, 0x79, 0x20, 0x76, 0x74, 0x61, 0x62, 0x6c, 0x65, 0x20, 0x30, 0x78, 0x36, 0x33, 0x33,
    0x39, 0x46, 0x38, 0x52, 0x36, 0x0c, 0x2b, 0x29, 0x02, 0x01, 0x01, 0x1b, 0x23, 0x08, 0x17, 0x08,
    0x29, 0x63, 0x73, 0x5f, 0x61, 0x74, 0x74, 0x61, 0x63, 0x6b, 0x5f, 0x6c, 0x65, 0x76, 0x65, 0x6c,
    0x43, 0x68, 0x61, 0x72, 0x61, 0x63, 0x74, 0x65, 0x72, 0x53, 0x74, 0x61, 0x74, 0x65, 0x00, 0x9c,
    0x5c, 0x04, 0x69, 0x6e, 0x74, 0x33, 0x32, 0x5f, 0x74, 0x61, 0x74, 0x74, 0x61, 0x63, 0x6b, 0x4c,
    0x65, 0x76, 0x65, 0x6c, 0x4b, 0x4e, 0x4f, 0x57, 0x4e, 0x50, 0x72, 0x6f, 0x74, 0x6f, 0x20, 0x66,
    0x69, 0x65, 0x6c, 0x64, 0x20, 0x35, 0x30, 0x4e, 0x35, 0x0c, 0x27, 0x29, 0x02, 0x01, 0x01, 0x1b,
    0x1f, 0x08, 0x17, 0x08, 0x29, 0x63, 0x73, 0x5f, 0x6d, 0x61, 0x6e, 0x61, 0x5f, 0x6c, 0x65, 0x76,
    0x65, 0x6c, 0x43, 0x68, 0x61, 0x72, 0x61, 0x63, 0x74, 0x65, 0x72, 0x53, 0x74, 0x61, 0x74, 0x65,
    0x00, 0x98, 0x58, 0x04, 0x69, 0x6e, 0x74, 0x33, 0x32, 0x5f, 0x74, 0x6d, 0x61, 0x6e, 0x61, 0x4c,
    0x65, 0x76, 0x65, 0x6c, 0x4b, 0x4e, 0x4f, 0x57, 0x4e, 0x50, 0x72, 0x6f, 0x74, 0x6f, 0x20, 0x66,
    0x69, 0x65, 0x6c, 0x64, 0x20, 0x34, 0x39, 0x52, 0x34, 0x0c, 0x2b, 0x29, 0x02, 0x01, 0x01, 0x1b,
    0x23, 0x08, 0x17, 0x08, 0x29, 0x63, 0x73, 0x5f, 0x68, 0x65, 0x61, 0x6c, 0x74, 0x68, 0x5f, 0x6c,
    0x65, 0x76, 0x65, 0x6c, 0x43, 0x68, 0x61, 0x72, 0x61, 0x63, 0x74, 0x65, 0x72, 0x53, 0x74, 0x61,
    0x74, 0x65, 0x00, 0x94, 0x54, 0x04, 0x69, 0x6e, 0x74, 0x33, 0x32, 0x5f, 0x74, 0x68, 0x65, 0x61,
    0x6c, 0x74, 0x68, 0x4c, 0x65, 0x76, 0x65, 0x6c, 0x4b, 0x4e, 0x4f, 0x57, 0x4e, 0x50, 0x72, 0x6f,
    0x74, 0x6f, 0x20, 0x66, 0x69, 0x65, 0x6c, 0x64, 0x20, 0x34, 0x38, 0x4e, 0x33, 0x0c, 0x1d, 0x29,
    0x02, 0x01, 0x01, 0x1b, 0x2b, 0x08, 0x17, 0x08, 0x27, 0x63, 0x73, 0x5f, 0x6c, 0x65, 0x76, 0x65,
    0x6c, 0x43, 0x68, 0x61, 0x72, 0x61, 0x63, 0x74, 0x65, 0x72, 0x53, 0x74, 0x61, 0x74, 0x65, 0x00,
    0x90, 0x50, 0x04, 0x69, 0x6e, 0x74, 0x33, 0x32, 0x5f, 0x74, 0x65, 0x78, 0x70, 0x65, 0x72, 0x69,
    0x65, 0x6e, 0x63, 0x65, 0x4c, 0x65, 0x76, 0x65, 0x6c, 0x4b, 0x4e, 0x4f, 0x57, 0x4e, 0x50, 0x72,
    0x6f, 0x74, 0x6f, 0x20, 0x66, 0x69, 0x65, 0x6c, 0x64, 0x20, 0x37, 0x4c, 0x32, 0x0c, 0x17, 0x29,
    0x02, 0x01, 0x01, 0x1b, 0x2d, 0x08, 0x17, 0x08, 0x27, 0x63, 0x73, 0x5f, 0x78, 0x70, 0x43, 0x68,
    0x61, 0x72, 0x61, 0x63, 0x74, 0x65, 0x72, 0x53, 0x74, 0x61, 0x74, 0x65, 0x00, 0x8c, 0x4c, 0x04,
    0x69, 0x6e, 0x74, 0x33, 0x32, 0x5f, 0x74, 0x65, 0x78, 0x70, 0x65, 0x72, 0x69, 0x65, 0x6e, 0x63,
    0x65, 0x50, 0x6f, 0x69, 0x6e, 0x74, 0x73, 0x4b, 0x4e, 0x4f, 0x57, 0x4e, 0x50, 0x72, 0x6f, 0x74,
    0x6f, 0x20, 0x66, 0x69, 0x65, 0x6c, 0x64, 0x20, 0x36, 0x44, 0x31, 0x0c, 0x1d, 0x29, 0x02, 0x01,
    0x01, 0x1b, 0x17, 0x08, 0x17, 0x08, 0x27, 0x63, 0x73, 0x5f, 0x63, 0x6f, 0x69, 0x6e, 0x73, 0x43,
    0x68, 0x61, 0x72, 0x61, 0x63, 0x74, 0x65, 0x72, 0x53, 0x74, 0x61, 0x74, 0x65, 0x00, 0x88, 0x48,
    0x04, 0x69, 0x6e, 0x74, 0x33, 0x32, 0x5f, 0x74, 0x63, 0x6f, 0x69, 0x6e, 0x73, 0x4b, 0x4e, 0x4f,
    0x57, 0x4e, 0x50, 0x72, 0x6f, 0x74, 0x6f, 0x20, 0x66, 0x69, 0x65, 0x6c, 0x64, 0x20, 0x35, 0x49,
    0x30, 0x0c, 0x1b, 0x29, 0x02, 0x01, 0x01, 0x1b, 0x23, 0x08, 0x17, 0x08, 0x27, 0x63, 0x73, 0x5f,
    0x6d, 0x61, 0x6e, 0x61, 0x43, 0x68, 0x61, 0x72, 0x61, 0x63, 0x74, 0x65, 0x72, 0x53, 0x74, 0x61,
    0x74, 0x65, 0x00, 0x84, 0x44, 0x04, 0x69, 0x6e, 0x74, 0x33, 0x32, 0x5f, 0x74, 0x63, 0x75, 0x72,
    0x72, 0x65, 0x6e, 0x74, 0x4d, 0x61, 0x6e, 0x61, 0x4b, 0x4e, 0x4f, 0x57, 0x4e, 0x50, 0x72, 0x6f,
    0x74, 0x6f, 0x20, 0x66, 0x69, 0x65, 0x6c, 0x64, 0x20, 0x34, 0x4d, 0x2f, 0x0c, 0x1f, 0x29, 0x02,
    0x01, 0x01, 0x1b, 0x27, 0x08, 0x17, 0x08, 0x27, 0x63, 0x73, 0x5f, 0x68, 0x65, 0x61, 0x6c, 0x74,
    0x68, 0x43, 0x68, 0x61, 0x72, 0x61, 0x63, 0x74, 0x65, 0x72, 0x53, 0x74, 0x61, 0x74, 0x65, 0x00,
    0x80, 0x40, 0x04, 0x69, 0x6e, 0x74, 0x33, 0x32, 0x5f, 0x74, 0x63, 0x75, 0x72, 0x72, 0x65, 0x6e,
    0x74, 0x48, 0x65, 0x61, 0x6c, 0x74, 0x68, 0x4b, 0x4e, 0x4f, 0x57, 0x4e, 0x50, 0x72, 0x6f, 0x74,
    0x6f, 0x20, 0x66, 0x69, 0x65, 0x6c, 0x64, 0x20, 0x33, 0x5b, 0x2e, 0x0c, 0x2d, 0x29, 0x01, 0x01,
    0x01, 0x1b, 0x25, 0x08, 0x17, 0x08, 0x39, 0x63, 0x73, 0x5f, 0x73, 0x6b, 0x69, 0x6c, 0x6c, 0x5f,
    0x74, 0x72, 0x69, 0x6e, 0x6b, 0x65, 0x74, 0x43, 0x68, 0x61, 0x72, 0x61, 0x63, 0x74, 0x65, 0x72,
    0x53, 0x74, 0x61, 0x74, 0x65, 0x70, 0x38, 0x08, 0x53, 0x74, 0x72, 0x69, 0x6e, 0x67, 0x2a, 0x73,
    0x6b, 0x69, 0x6c, 0x6c, 0x54, 0x72, 0x69, 0x6e, 0x6b, 0x65, 0x74, 0x4b, 0x4e, 0x4f, 0x57, 0x4e,
    0x54, 0x72, 0x69, 0x6e, 0x6b, 0x65, 0x74, 0x20, 0x73, 0x74, 0x72, 0x69, 0x6e, 0x67, 0x20, 0x70,
    0x6f, 0x69, 0x6e, 0x74, 0x65, 0x72, 0x5b, 0x2d, 0x0c, 0x2d, 0x29, 0x01, 0x01, 0x01, 0x1b, 0x25,
    0x08, 0x17, 0x08, 0x39, 0x63, 0x73, 0x5f, 0x61, 0x72, 0x6d, 0x6f, 0x72, 0x5f, 0x74, 0x72, 0x69,
    0x6e, 0x6b, 0x65, 0x74, 0x43, 0x68, 0x61, 0x72, 0x61, 0x63, 0x74, 0x65, 0x72, 0x53, 0x74, 0x61,
    0x74, 0x65, 0x60, 0x30, 0x08, 0x53, 0x74, 0x72, 0x69, 0x6e, 0x67, 0x2a, 0x61, 0x72, 0x6d, 0x6f,
    0x72, 0x54, 0x72, 0x69, 0x6e, 0x6b, 0x65, 0x74, 0x4b, 0x4e, 0x4f, 0x57, 0x4e, 0x54, 0x72, 0x69,
    0x6e, 0x6b, 0x65, 0x74, 0x20, 0x73, 0x74, 0x72, 0x69, 0x6e, 0x67, 0x20, 0x70, 0x6f, 0x69, 0x6e,
    0x74, 0x65, 0x72, 0x5d, 0x2c, 0x0c, 0x2f, 0x29, 0x01, 0x01, 0x01, 0x1b, 0x27, 0x08, 0x17, 0x08,
    0x39, 0x63, 0x73, 0x5f, 0x77, 0x65, 0x61, 0x70, 0x6f, 0x6e, 0x5f, 0x74, 0x72, 0x69, 0x6e, 0x6b,
    0x65, 0x74, 0x43, 0x68, 0x61, 0x72, 0x61, 0x63, 0x74, 0x65, 0x72, 0x53, 0x74, 0x61, 0x74, 0x65,
    0x50, 0x28, 0x08, 0x53, 0x74, 0x72, 0x69, 0x6e, 0x67, 0x2a, 0x77, 0x65, 0x61, 0x70, 0x6f, 0x6e,
    0x54, 0x72, 0x69, 0x6e, 0x6b, 0x65, 0x74, 0x4b, 0x4e, 0x4f, 0x57, 0x4e, 0x54, 0x72, 0x69, 0x6e,
    0x6b, 0x65, 0x74, 0x20, 0x73, 0x74, 0x72, 0x69, 0x6e, 0x67, 0x20, 0x70, 0x6f, 0x69, 0x6e, 0x74,
    0x65, 0x72, 0x61, 0x2b, 0x0c, 0x2d, 0x29, 0x01, 0x01, 0x01, 0x1b, 0x25, 0x08, 0x17, 0x08, 0x45,
    0x63, 0x73, 0x5f, 0x63, 0x75, 0x72, 0x72, 0x65, 0x6e, 0x74, 0x5f, 0x73, 0x6b, 0x69, 0x6c, 0x6c,
    0x43, 0x68, 0x61, 0x72, 0x61, 0x63, 0x74, 0x65, 0x72, 0x53, 0x74, 0x61, 0x74, 0x65, 0x40, 0x20,
    0x08, 0x53, 0x74, 0x72, 0x69, 0x6e, 0x67, 0x2a, 0x63, 0x75, 0x72, 0x72, 0x65, 0x6e, 0x74, 0x53,
    0x6b, 0x69, 0x6c, 0x6c, 0x4b, 0x4e, 0x4f, 0x57, 0x4e, 0x4e, 0x75, 0x6c, 0x6c, 0x61, 0x62, 0x6c,
    0x65, 0x20, 0x70, 0x72, 0x6f, 0x74, 0x6f, 0x20, 0x63, 0x75, 0x72, 0x72, 0x65, 0x6e, 0x74, 0x5f,
    0x73, 0x6b, 0x69, 0x6c, 0x6c, 0x5c, 0x2a, 0x0c, 0x2b, 0x29, 0x01, 0x01, 0x01, 0x17, 0x23, 0x08,
    0x17, 0x09, 0x43, 0x63, 0x73, 0x5f, 0x73, 0x6b, 0x69, 0x6c, 0x6c, 0x73, 0x5f, 0x62, 0x65, 0x67,
    0x69, 0x6e, 0x43, 0x68, 0x61, 0x72, 0x61, 0x63, 0x74, 0x65, 0x72, 0x53, 0x74, 0x61, 0x74, 0x65,
    0x28, 0x14, 0x08, 0x76, 0x6f, 0x69, 0x64, 0x2a, 0x73, 0x6b, 0x69, 0x6c, 0x6c, 0x73, 0x42, 0x65,
    0x67, 0x69, 0x6e, 0x4b, 0x4e, 0x4f, 0x57, 0x4e, 0x76, 0x65, 0x63, 0x74, 0x6f, 0x72, 0x20, 0x6f,
    0x66, 0x20, 0x73, 0x6b, 0x69, 0x6c, 0x6c, 0x20, 0x73, 0x68, 0x61, 0x72, 0x65, 0x64, 0x5f, 0x70,
    0x74, 0x72, 0x73, 0x58, 0x29, 0x0c, 0x29, 0x29, 0x01, 0x01, 0x01, 0x17, 0x21, 0x08, 0x17, 0x09,
    0x3f, 0x63, 0x73, 0x5f, 0x69, 0x74, 0x65, 0x6d, 0x73, 0x5f, 0x62, 0x65, 0x67, 0x69, 0x6e, 0x43,
    0x68, 0x61, 0x72, 0x61, 0x63, 0x74, 0x65, 0x72, 0x53, 0x74, 0x61, 0x74, 0x65, 0x10, 0x08, 0x08,
    0x76, 0x6f, 0x69, 0x64, 0x2a, 0x69, 0x74, 0x65, 0x6d, 0x73, 0x42, 0x65, 0x67, 0x69, 0x6e, 0x4b,
    0x4e, 0x4f, 0x57, 0x4e, 0x52, 0x42, 0x2d, 0x74, 0x72, 0x65, 0x65, 0x20, 0x73, 0x65, 0x74, 0x20,
    0x6f, 0x66, 0x20, 0x49, 0x74, 0x65, 0x6d, 0x53, 0x74, 0x61, 0x74, 0x65, 0x2a, 0x51, 0x28, 0x0c,
    0x23, 0x29, 0x08, 0x08, 0x01, 0x1f, 0x1d, 0x08, 0x17, 0x08, 0x37, 0x63, 0x73, 0x5f, 0x67, 0x61,
    0x6d, 0x65, 0x64, 0x61, 0x74, 0x61, 0x43, 0x68, 0x61, 0x72, 0x61, 0x63, 0x74, 0x65, 0x72, 0x53,
    0x74, 0x61, 0x74, 0x65, 0x08, 0x47, 0x61, 0x6d, 0x65, 0x44, 0x61, 0x74, 0x61, 0x2a, 0x67, 0x61,
    0x6d, 0x65, 0x44, 0x61, 0x74, 0x61, 0x4b, 0x4e, 0x4f, 0x57, 0x4e, 0x43, 0x6f, 0x70, 0x69, 0x65,
    0x64, 0x20, 0x66, 0x72, 0x6f, 0x6d, 0x20, 0x47, 0x61, 0x6d, 0x65, 0x53, 0x74, 0x61, 0x74, 0x65,
    0x0d, 0x00, 0x00, 0x00, 0x2d, 0x00, 0xb7, 0x00, 0x0f, 0x9c, 0x0f, 0x54, 0x0f, 0x09, 0x0e, 0xc5,
    0x0e, 0x75, 0x0e, 0x16, 0x0d, 0xc4, 0x0d, 0x7c, 0x0d, 0x24, 0x0c, 0xda, 0x0c, 0x90, 0x0c, 0x38,
    0x0b, 0xdf, 0x0b, 0x88, 0x0b, 0x34, 0x0a, 0xd7, 0x0a, 0x89, 0x0a, 0x3d, 0x09, 0xd9, 0x09, 0x80,
    0x09, 0x1a, 0x08, 0xc8, 0x08, 0x77, 0x08, 0x18, 0x07, 0xbd, 0x07, 0x5f, 0x07, 0x07, 0x06, 0xb6,
    0x06, 0x6e, 0x06, 0x03, 0x05, 0xb3, 0x05, 0x65, 0x05, 0x13, 0x04, 0xc5, 0x04, 0x69, 0x03, 0xfc,
    0x03, 0xaa, 0x03, 0x60, 0x02, 0xfb, 0x02, 0x96, 0x02, 0x3a, 0x01, 0xd3, 0x01, 0x75, 0x01, 0x24,
    0x00, 0xb7, 0x00, 0x00, 0x00, 0x00, 0x00, 0x00, 0x00, 0x00, 0x00, 0x00, 0x00, 0x00, 0x00, 0x00,
    0x00, 0x00, 0x00, 0x00, 0x00, 0x00, 0x00, 0x00, 0x00, 0x00, 0x00, 0x00, 0x00, 0x00, 0x00, 0x00,
    0x00, 0x00, 0x00, 0x00, 0x00, 0x00, 0x00, 0x00, 0x00, 0x00, 0x00, 0x00, 0x00, 0x00, 0x00, 0x00,
    0x00, 0x00, 0x00, 0x00, 0x00, 0x00, 0x00, 0x00, 0x00, 0x00, 0x00, 0x00, 0x00, 0x00, 0x00, 0x00,
    0x00, 0x00, 0x00, 0x00, 0x00, 0x00, 0x00, 0x00, 0x00, 0x00, 0x00, 0x00, 0x00, 0x00, 0x00, 0x00,
    0x00, 0x00, 0x00, 0x00, 0x00, 0x00, 0x00, 0x6a, 0x81, 0x00, 0x0c, 0x21, 0x3b, 0x02, 0x02, 0x01,
    0x1b, 0x2b, 0x08, 0x17, 0x08, 0x47, 0x63, 0x63, 0x63, 0x5f, 0x66, 0x61, 0x63, 0x69, 0x6e, 0x67,
    0x43, 0x68, 0x61, 0x72, 0x43, 0x6f, 0x6e, 0x74, 0x72, 0x6f, 0x6c, 0x6c, 0x65, 0x72, 0x43, 0x6f,
    0x6d, 0x70, 0x6f, 0x6e, 0x65, 0x6e, 0x74, 0x02, 0x1c, 0x01, 0x3c, 0x04, 0x69, 0x6e, 0x74, 0x33,
    0x32, 0x5f, 0x74, 0x66, 0x61, 0x63, 0x69, 0x6e, 0x67, 0x44, 0x69, 0x72, 0x65, 0x63, 0x74, 0x69,
    0x6f, 0x6e, 0x4b, 0x4e, 0x4f, 0x57, 0x4e, 0x46, 0x61, 0x63, 0x69, 0x6e, 0x67, 0x20, 0x64, 0x69,
    0x72, 0x65, 0x63, 0x74, 0x69, 0x6f, 0x6e, 0x20, 0x69, 0x6e, 0x74, 0x20, 0x61, 0x74, 0x20, 0x30,
    0x78, 0x32, 0x31, 0x43, 0x4f, 0x7f, 0x0c, 0x1f, 0x31, 0x01, 0x01, 0x01, 0x17, 0x17, 0x08, 0x17,
    0x08, 0x39, 0x70, 0x6f, 0x73, 0x5f, 0x61, 0x63, 0x63, 0x65, 0x6c, 0x50, 0x68, 0x79, 0x73, 0x69,
    0x63, 0x73, 0x4f, 0x62, 0x6a, 0x65, 0x63, 0x74, 0x53, 0x74, 0x61, 0x74, 0x65, 0x38, 0x2c, 0x04,
    0x66, 0x6c, 0x6f, 0x61, 0x74, 0x61, 0x63, 0x63, 0x65, 0x6c, 0x4b, 0x4e, 0x4f, 0x57, 0x4e, 0x4b,
    0x69, 0x6e, 0x65, 0x6d, 0x61, 0x74, 0x69, 0x63, 0x20, 0x61, 0x63, 0x63, 0x65, 0x6c, 0x65, 0x72,
    0x61, 0x74, 0x69, 0x6f, 0x6e, 0x5c, 0x7e, 0x0c, 0x25, 0x31, 0x01, 0x01, 0x01, 0x17, 0x29, 0x08,
    0x17, 0x08, 0x3b, 0x70, 0x6f, 0x73, 0x5f, 0x66, 0x72, 0x69, 0x63, 0x74, 0x69, 0x6f, 0x6e, 0x50,
    0x68, 0x79, 0x73, 0x69, 0x63, 0x73, 0x4f, 0x62, 0x6a, 0x65, 0x63, 0x74, 0x53, 0x74, 0x61, 0x74,
    0x65, 0x30, 0x24, 0x04, 0x66, 0x6c, 0x6f, 0x61, 0x74, 0x67, 0x72, 0x6f, 0x75, 0x6e, 0x64, 0x46,
    0x72, 0x69, 0x63, 0x74, 0x69, 0x6f, 0x6e, 0x4b, 0x4e, 0x4f, 0x57, 0x4e, 0x53, 0x75, 0x72, 0x66,
    0x61, 0x63, 0x65, 0x20, 0x66, 0x72, 0x69, 0x63, 0x74, 0x69, 0x6f, 0x6e, 0x20, 0x73, 0x63, 0x61,
    0x6c, 0x61, 0x72, 0x65, 0x7d, 0x0c, 0x29, 0x31, 0x01, 0x01, 0x01, 0x17, 0x25, 0x08, 0x17, 0x08,
    0x4d, 0x70, 0x6f, 0x73, 0x5f, 0x67, 0x72, 0x6f, 0x75, 0x6e, 0x64, 0x5f, 0x6f, 0x62, 0x6a, 0x50,
    0x68, 0x79, 0x73, 0x69, 0x63, 0x73, 0x4f, 0x62, 0x6a, 0x65, 0x63, 0x74, 0x53, 0x74, 0x61, 0x74,
    0x65, 0x20, 0x18, 0x08, 0x76, 0x6f, 0x69, 0x64, 0x2a, 0x67, 0x72, 0x6f, 0x75, 0x6e, 0x64, 0x4f,
    0x62, 0x6a, 0x65, 0x63, 0x74, 0x4b, 0x4e, 0x4f, 0x57, 0x4e, 0x43, 0x75, 0x72, 0x72, 0x65, 0x6e,
    0x74, 0x20, 0x73, 0x74, 0x61, 0x6e, 0x64, 0x69, 0x6e, 0x67, 0x20, 0x73, 0x75, 0x72, 0x66, 0x61,
    0x63, 0x65, 0x20, 0x70, 0x6f, 0x69, 0x6e, 0x74, 0x65, 0x72, 0x5a, 0x7c, 0x0c, 0x25, 0x31, 0x01,
    0x01, 0x09, 0x15, 0x27, 0x08, 0x17, 0x08, 0x3d, 0x70, 0x6f, 0x73, 0x5f, 0x6f, 0x6e, 0x5f, 0x73,
    0x74, 0x65, 0x65, 0x70, 0x50, 0x68, 0x79, 0x73, 0x69, 0x63, 0x73, 0x4f, 0x62, 0x6a, 0x65, 0x63,
    0x74, 0x53, 0x74, 0x61, 0x74, 0x65, 0x18, 0x14, 0x62, 0x6f, 0x6f, 0x6c, 0x6f, 0x6e, 0x53, 0x74,
    0x65, 0x65, 0x70, 0x47, 0x72, 0x6f, 0x75, 0x6e, 0x64, 0x4b, 0x4e, 0x4f, 0x57, 0x4e, 0x53, 0x74,
    0x65, 0x65, 0x70, 0x20, 0x73, 0x6c, 0x6f, 0x70, 0x65, 0x20, 0x73, 0x6c, 0x69, 0x64, 0x69, 0x6e,
    0x67, 0x20, 0x66, 0x6c, 0x61, 0x67, 0x63, 0x7b, 0x0c, 0x25, 0x31, 0x01, 0x01, 0x01, 0x17, 0x27,
    0x08, 0x17, 0x08, 0x4b, 0x70, 0x6f, 0x73, 0x5f, 0x6e, 0x6f, 0x72, 0x6d, 0x61, 0x6c, 0x5f, 0x79,
    0x50, 0x68, 0x79, 0x73, 0x69, 0x63, 0x73, 0x4f, 0x62, 0x6a, 0x65, 0x63, 0x74, 0x53, 0x74, 0x61,
    0x74, 0x65, 0x14, 0x10, 0x04, 0x66, 0x6c, 0x6f, 0x61, 0x74, 0x67, 0x72, 0x6f, 0x75, 0x6e, 0x64,
    0x4e, 0x6f, 0x72, 0x6d, 0x61, 0x6c, 0x59, 0x4b, 0x4e, 0x4f, 0x57, 0x4e, 0x47, 0x72, 0x6f, 0x75,
    0x6e, 0x64, 0x20, 0x63, 0x6f, 0x6e, 0x74, 0x61, 0x63, 0x74, 0x20, 0x73, 0x75, 0x72, 0x66, 0x61,
    0x63, 0x65, 0x20, 0x6e, 0x6f, 0x72, 0x6d, 0x61, 0x6c, 0x20, 0x59, 0x63, 0x7a, 0x0c, 0x25, 0x31,
    0x01, 0x01, 0x01, 0x17, 0x27, 0x08, 0x17, 0x08, 0x4b, 0x70, 0x6f, 0x73, 0x5f, 0x6e, 0x6f, 0x72,
    0x6d, 0x61, 0x6c, 0x5f, 0x78, 0x50, 0x68, 0x79, 0x73, 0x69, 0x63, 0x73, 0x4f, 0x62, 0x6a, 0x65,
    0x63, 0x74, 0x53, 0x74, 0x61, 0x74, 0x65, 0x10, 0x0c, 0x04, 0x66, 0x6c, 0x6f, 0x61, 0x74, 0x67,
    0x72, 0x6f, 0x75, 0x6e, 0x64, 0x4e, 0x6f, 0x72, 0x6d, 0x61, 0x6c, 0x58, 0x4b, 0x4e, 0x4f, 0x57,
    0x4e, 0x47, 0x72, 0x6f, 0x75, 0x6e, 0x64, 0x20, 0x63, 0x6f, 0x6e, 0x74, 0x61, 0x63, 0x74, 0x20,
    0x73, 0x75, 0x72, 0x66, 0x61, 0x63, 0x65, 0x20, 0x6e, 0x6f, 0x72, 0x6d, 0x61, 0x6c, 0x20, 0x58,
    0x48, 0x79, 0x0c, 0x23, 0x31, 0x01, 0x01, 0x01, 0x17, 0x1b, 0x08, 0x17, 0x08, 0x23, 0x70, 0x6f,
    0x73, 0x5f, 0x61, 0x69, 0x72, 0x74, 0x69, 0x6d, 0x65, 0x50, 0x68, 0x79, 0x73, 0x69, 0x63, 0x73,
    0x4f, 0x62, 0x6a, 0x65, 0x63, 0x74, 0x53, 0x74, 0x61, 0x74, 0x65, 0x08, 0x04, 0x04, 0x66, 0x6c,
    0x6f, 0x61, 0x74, 0x61, 0x69, 0x72, 0x54, 0x69, 0x6d, 0x65, 0x4b, 0x4e, 0x4f, 0x57, 0x4e, 0x54,
    0x69, 0x6d, 0x65, 0x20, 0x69, 0x6e, 0x20, 0x61, 0x69, 0x72, 0x50, 0x78, 0x0c, 0x1f, 0x31, 0x08,
    0x08, 0x01, 0x25, 0x17, 0x08, 0x17, 0x08, 0x31, 0x70, 0x6f, 0x73, 0x5f, 0x6f, 0x77, 0x6e, 0x65,
    0x72, 0x50, 0x68, 0x79, 0x73, 0x69, 0x63, 0x73, 0x4f, 0x62, 0x6a, 0x65, 0x63, 0x74, 0x53, 0x74,
    0x61, 0x74, 0x65, 0x08, 0x53, 0x63, 0x65, 0x6e, 0x65, 0x4f, 0x62, 0x6a, 0x65, 0x63, 0x74, 0x2a,
    0x6f, 0x77, 0x6e, 0x65, 0x72, 0x4b, 0x4e, 0x4f, 0x57, 0x4e, 0x4f, 0x77, 0x6e, 0x69, 0x6e, 0x67,
    0x20, 0x53, 0x63, 0x65, 0x6e, 0x65, 0x4f, 0x62, 0x6a, 0x65, 0x63, 0x74, 0x6b, 0x77, 0x0c, 0x21,
    0x2b, 0x01, 0x01, 0x02, 0x31, 0x1b, 0x09, 0x17, 0x08, 0x55, 0x65, 0x63, 0x5f, 0x70, 0x68, 0x79,
    0x73, 0x69, 0x63, 0x73, 0x45, 0x6e, 0x74, 0x69, 0x74, 0x79, 0x43, 0x6f, 0x6d, 0x70, 0x6f, 0x6e,
    0x65, 0x6e, 0x74, 0x70, 0x38, 0x00, 0x80, 0x50, 0x68, 0x79, 0x73, 0x69, 0x63, 0x73, 0x4f, 0x62,
    0x6a, 0x65, 0x63, 0x74, 0x53, 0x74, 0x61, 0x74, 0x65, 0x70, 0x68, 0x79, 0x73, 0x69, 0x63, 0x73,
    0x4b, 0x4e, 0x4f, 0x57, 0x4e, 0x45, 0x4d, 0x42, 0x45, 0x44, 0x44, 0x45, 0x44, 0x20, 0x50, 0x68,
    0x79, 0x73, 0x69, 0x63, 0x73, 0x4f, 0x62, 0x6a, 0x65, 0x63, 0x74, 0x53, 0x74, 0x61, 0x74, 0x65,
    0x20, 0x61, 0x74, 0x20, 0x2b, 0x30, 0x78, 0x37, 0x30, 0x5a, 0x76, 0x0c, 0x1f, 0x2b, 0x01, 0x01,
    0x01, 0x1b, 0x2b, 0x08, 0x17, 0x08, 0x3d, 0x65, 0x63, 0x5f, 0x66, 0x61, 0x63, 0x69, 0x6e, 0x67,
    0x45, 0x6e, 0x74, 0x69, 0x74, 0x79, 0x43, 0x6f, 0x6d, 0x70, 0x6f, 0x6e, 0x65, 0x6e, 0x74, 0x68,
    0x34, 0x04, 0x69, 0x6e, 0x74, 0x33, 0x32, 0x5f, 0x74, 0x66, 0x61, 0x63, 0x69, 0x6e, 0x67, 0x44,
    0x69, 0x72, 0x65, 0x63, 0x74, 0x69, 0x6f, 0x6e, 0x4b, 0x4e, 0x4f, 0x57, 0x4e, 0x46, 0x61, 0x63,
    0x69, 0x6e, 0x67, 0x20, 0x64, 0x69, 0x72, 0x65, 0x63, 0x74, 0x69, 0x6f, 0x6e, 0x20, 0x28, 0x2b,
    0x31, 0x2f, 0x2d, 0x31, 0x29, 0x4c, 0x75, 0x0c, 0x1b, 0x2b, 0x08, 0x08, 0x01, 0x1f, 0x15, 0x09,
    0x17, 0x09, 0x3b, 0x65, 0x63, 0x5f, 0x62, 0x61, 0x73, 0x65, 0x45, 0x6e, 0x74, 0x69, 0x74, 0x79,
    0x43, 0x6f, 0x6d, 0x70, 0x6f, 0x6e, 0x65, 0x6e, 0x74, 0x68, 0x43, 0x6f, 0x6d, 0x70, 0x6f, 0x6e,
    0x65, 0x6e, 0x74, 0x62, 0x61, 0x73, 0x65, 0x4b, 0x4e, 0x4f, 0x57, 0x4e, 0x53, 0x68, 0x61, 0x72,
    0x65, 0x64, 0x20, 0x43, 0x6f, 0x6d, 0x70, 0x6f, 0x6e, 0x65, 0x6e, 0x74, 0x20, 0x68, 0x65, 0x61,
    0x64, 0x65, 0x72, 0x50, 0x74, 0x0c, 0x29, 0x2b, 0x02, 0x01, 0x09, 0x15, 0x21, 0x08, 0x17, 0x08,
    0x2f, 0x68, 0x63, 0x5f, 0x74, 0x6f, 0x6f, 0x6b, 0x5f, 0x64, 0x61, 0x6d, 0x61, 0x67, 0x65, 0x48,
    0x65, 0x61, 0x6c, 0x74, 0x68, 0x43, 0x6f, 0x6d, 0x70, 0x6f, 0x6e, 0x65, 0x6e, 0x74, 0x00, 0xb8,
    0x5c, 0x62, 0x6f, 0x6f, 0x6c, 0x74, 0x6f, 0x6f, 0x6b, 0x44, 0x61, 0x6d, 0x61, 0x67, 0x65, 0x4b,
    0x4e, 0x4f, 0x57, 0x4e, 0x48, 0x69, 0x74, 0x20, 0x66, 0x65, 0x65, 0x64, 0x62, 0x61, 0x63, 0x6b,
    0x20, 0x66, 0x6c, 0x61, 0x67, 0x4c, 0x73, 0x0c, 0x1d, 0x2b, 0x02, 0x01, 0x01, 0x17, 0x29, 0x08,
    0x17, 0x08, 0x27, 0x68, 0x63, 0x5f, 0x72, 0x65, 0x67, 0x65, 0x6e, 0x48, 0x65, 0x61, 0x6c, 0x74,
    0x68, 0x43, 0x6f, 0x6d, 0x70, 0x6f, 0x6e, 0x65, 0x6e, 0x74, 0x00, 0x84, 0x48, 0x04, 0x66, 0x6c,
    0x6f, 0x61, 0x74, 0x72, 0x65, 0x67, 0x65, 0x6e, 0x50, 0x65, 0x72, 0x53, 0x65, 0x63, 0x6f, 0x6e,
    0x64, 0x4b, 0x4e, 0x4f, 0x57, 0x4e, 0x50, 0x72, 0x6f, 0x74, 0x6f, 0x20, 0x66, 0x69, 0x65, 0x6c,
    0x64, 0x20, 0x33, 0x4e, 0x72, 0x0c, 0x27, 0x2b, 0x02, 0x01, 0x01, 0x1b, 0x1f, 0x08, 0x17, 0x08,
    0x27, 0x68, 0x63, 0x5f, 0x6d, 0x61, 0x78, 0x5f, 0x68, 0x65, 0x61, 0x6c, 0x74, 0x68, 0x48, 0x65,
    0x61, 0x6c, 0x74, 0x68, 0x43, 0x6f, 0x6d, 0x70, 0x6f, 0x6e, 0x65, 0x6e, 0x74, 0x00, 0x80, 0x44,
    0x04, 0x69, 0x6e, 0x74, 0x33, 0x32, 0x5f, 0x74, 0x6d, 0x61, 0x78, 0x48, 0x65, 0x61, 0x6c, 0x74,
    0x68, 0x4b, 0x4e, 0x4f, 0x57, 0x4e, 0x50, 0x72, 0x6f, 0x74, 0x6f, 0x20, 0x66, 0x69, 0x65, 0x6c,
    0x64, 0x20, 0x32, 0x69, 0x71, 0x0c, 0x2f, 0x2b, 0x01, 0x01, 0x01, 0x1b, 0x27, 0x08, 0x17, 0x08,
    0x4f, 0x68, 0x63, 0x5f, 0x63, 0x75, 0x72, 0x72, 0x65, 0x6e, 0x74, 0x5f, 0x68, 0x65, 0x61, 0x6c,
    0x74, 0x68, 0x48, 0x65, 0x61, 0x6c, 0x74, 0x68, 0x43, 0x6f, 0x6d, 0x70, 0x6f, 0x6e, 0x65, 0x6e,
    0x74, 0x78, 0x3c, 0x04, 0x69, 0x6e, 0x74, 0x33, 0x32, 0x5f, 0x74, 0x63, 0x75, 0x72, 0x72, 0x65,
    0x6e, 0x74, 0x48, 0x65, 0x61, 0x6c, 0x74, 0x68, 0x4b, 0x4e, 0x4f, 0x57, 0x4e, 0x4c, 0x69, 0x76,
    0x65, 0x20, 0x68, 0x65, 0x61, 0x6c, 0x74, 0x68, 0x20, 0x6d, 0x75, 0x74, 0x61, 0x74, 0x65, 0x64,
    0x20, 0x62, 0x79, 0x20, 0x54, 0x61, 0x6b, 0x65, 0x44, 0x61, 0x6d, 0x61, 0x67, 0x65, 0x46, 0x70,
    0x0c, 0x1f, 0x2b, 0x01, 0x01, 0x01, 0x1b, 0x19, 0x08, 0x17, 0x08, 0x27, 0x68, 0x63, 0x5f, 0x68,
    0x65, 0x61, 0x6c, 0x74, 0x68, 0x48, 0x65, 0x61, 0x6c, 0x74, 0x68, 0x43, 0x6f, 0x6d, 0x70, 0x6f,
    0x6e, 0x65, 0x6e, 0x74, 0x74, 0x38, 0x04, 0x69, 0x6e, 0x74, 0x33, 0x32, 0x5f, 0x74, 0x68, 0x65,
    0x61, 0x6c, 0x74, 0x68, 0x4b, 0x4e, 0x4f, 0x57, 0x4e, 0x50, 0x72, 0x6f, 0x74, 0x6f, 0x20, 0x66,
    0x69, 0x65, 0x6c, 0x64, 0x20, 0x31, 0x4f, 0x6f, 0x0c, 0x21, 0x2b, 0x01, 0x01, 0x09, 0x15, 0x19,
    0x08, 0x17, 0x08, 0x3f, 0x68, 0x63, 0x5f, 0x69, 0x73, 0x5f, 0x64, 0x65, 0x61, 0x64, 0x48, 0x65,
    0x61, 0x6c, 0x74, 0x68, 0x43, 0x6f, 0x6d, 0x70, 0x6f, 0x6e, 0x65, 0x6e, 0x74, 0x70, 0x34, 0x62,
    0x6f, 0x6f, 0x6c, 0x69, 0x73, 0x44, 0x65, 0x61, 0x64, 0x4b, 0x4e, 0x4f, 0x57, 0x4e, 0x53, 0x65,
    0x74, 0x20, 0x77, 0x68, 0x65, 0x6e, 0x20, 0x68, 0x65, 0x61, 0x6c, 0x74, 0x68, 0x20, 0x72, 0x65,
    0x61, 0x63, 0x68, 0x65, 0x73, 0x20, 0x30, 0x56, 0x6e, 0x0c, 0x1b, 0x2b, 0x08, 0x08, 0x01, 0x1f,
    0x15, 0x09, 0x17, 0x09, 0x4f, 0x68, 0x63, 0x5f, 0x62, 0x61, 0x73, 0x65, 0x48, 0x65, 0x61, 0x6c,
    0x74, 0x68, 0x43, 0x6f, 0x6d, 0x70, 0x6f, 0x6e, 0x65, 0x6e, 0x74, 0x68, 0x43, 0x6f, 0x6d, 0x70,
    0x6f, 0x6e, 0x65, 0x6e, 0x74, 0x62, 0x61, 0x73, 0x65, 0x4b, 0x4e, 0x4f, 0x57, 0x4e, 0x53, 0x68,
    0x61, 0x72, 0x65, 0x64, 0x20, 0x43, 0x6f, 0x6d, 0x70, 0x6f, 0x6e, 0x65, 0x6e, 0x74, 0x20, 0x68,
    0x65, 0x61, 0x64, 0x65, 0x72, 0x20, 0x30, 0x78, 0x30, 0x30, 0x2d, 0x30, 0x78, 0x36, 0x37, 0x5c,
    0x6d, 0x0c, 0x21, 0x1f, 0x01, 0x01, 0x01, 0x19, 0x17, 0x08, 0x17, 0x08, 0x61, 0x63, 0x6f, 0x6d,
    0x70, 0x5f, 0x6c, 0x61, 0x62, 0x65, 0x6c, 0x43, 0x6f, 0x6d, 0x70, 0x6f, 0x6e, 0x65, 0x6e, 0x74,
    0x38, 0x1c, 0x18, 0x53, 0x74, 0x72, 0x69, 0x6e, 0x67, 0x6c, 0x61, 0x62, 0x65, 0x6c, 0x4b, 0x4e,
    0x4f, 0x57, 0x4e, 0x50, 0x72, 0x6f, 0x74, 0x6f, 0x20, 0x66, 0x69, 0x65, 0x6c, 0x64, 0x20, 0x37,
    0x2e, 0x20, 0x43, 0x6f, 0x6d, 0x70, 0x6f, 0x6e, 0x65, 0x6e, 0x74, 0x20, 0x69, 0x64, 0x65, 0x6e,
    0x74, 0x69, 0x66, 0x69, 0x65, 0x72, 0x20, 0x73, 0x74, 0x72, 0x69, 0x6e, 0x67, 0x59, 0x6c, 0x0c,
    0x23, 0x1f, 0x01, 0x01, 0x01, 0x25, 0x19, 0x08, 0x17, 0x08, 0x4b, 0x63, 0x6f, 0x6d, 0x70, 0x5f,
    0x6f, 0x62, 0x6a, 0x65, 0x63, 0x74, 0x43, 0x6f, 0x6d, 0x70, 0x6f, 0x6e, 0x65, 0x6e, 0x74, 0x28,
    0x14, 0x08, 0x53, 0x63, 0x65, 0x6e, 0x65, 0x4f, 0x62, 0x6a, 0x65, 0x63, 0x74, 0x2a, 0x6f, 0x62,
    0x6a, 0x65, 0x63, 0x74, 0x4b, 0x4e, 0x4f, 0x57, 0x4e, 0x4f, 0x77, 0x6e, 0x69, 0x6e, 0x67, 0x20,
    0x53, 0x63, 0x65, 0x6e, 0x65, 0x4f, 0x62, 0x6a, 0x65, 0x63, 0x74, 0x20, 0x62, 0x61, 0x63, 0x6b,
    0x2d, 0x70, 0x6f, 0x69, 0x6e, 0x74, 0x65, 0x72, 0x5d, 0x6b, 0x0c, 0x2b, 0x1f, 0x01, 0x01, 0x01,
    0x1d, 0x21, 0x08, 0x17, 0x08, 0x4b, 0x63, 0x6f, 0x6d, 0x70, 0x5f, 0x69, 0x64, 0x65, 0x6e, 0x74,
    0x69, 0x66, 0x69, 0x65, 0x72, 0x43, 0x6f, 0x6d, 0x70, 0x6f, 0x6e, 0x65, 0x6e, 0x74, 0x20, 0x10,
    0x08, 0x75, 0x69, 0x6e, 0x74, 0x36, 0x34, 0x5f, 0x74, 0x69, 0x64, 0x65, 0x6e, 0x74, 0x69, 0x66,
    0x69, 0x65, 0x72, 0x4b, 0x4e, 0x4f, 0x57, 0x4e, 0x50, 0x72, 0x6f, 0x74, 0x6f, 0x20, 0x66, 0x69,
    0x65, 0x6c, 0x64, 0x20, 0x36, 0x2e, 0x20, 0x53, 0x69, 0x6e, 0x67, 0x6c, 0x65, 0x20, 0x36, 0x34,
    0x2d, 0x62, 0x69, 0x74, 0x20, 0x49, 0x44, 0x4f, 0x6a, 0x0c, 0x27, 0x1f, 0x01, 0x01, 0x01, 0x1b,
    0x1d, 0x08, 0x17, 0x09, 0x39, 0x63, 0x6f, 0x6d, 0x70, 0x5f, 0x72, 0x65, 0x66, 0x63, 0x6f, 0x75,
    0x6e, 0x74, 0x43, 0x6f, 0x6d, 0x70, 0x6f, 0x6e, 0x65, 0x6e, 0x74, 0x08, 0x04, 0x04, 0x69, 0x6e,
    0x74, 0x33, 0x32, 0x5f, 0x74, 0x72, 0x65, 0x66, 0x43, 0x6f, 0x75, 0x6e, 0x74, 0x4b, 0x4e, 0x4f,
    0x57, 0x4e, 0x69, 0x6e, 0x74, 0x72, 0x75, 0x73, 0x69, 0x76, 0x65, 0x5f, 0x70, 0x74, 0x72, 0x20,
    0x72, 0x65, 0x66, 0x63, 0x6f, 0x75, 0x6e, 0x74, 0x50, 0x69, 0x0c, 0x23, 0x1f, 0x08, 0x08, 0x01,
    0x17, 0x19, 0x08, 0x17, 0x09, 0x4b, 0x63, 0x6f, 0x6d, 0x70, 0x5f, 0x76, 0x74, 0x61, 0x62, 0x6c,
    0x65, 0x43, 0x6f, 0x6d, 0x70, 0x6f, 0x6e, 0x65, 0x6e, 0x74, 0x08, 0x76, 0x6f, 0x69, 0x64, 0x2a,
    0x76, 0x74, 0x61, 0x62, 0x6c, 0x65, 0x4b, 0x4e, 0x4f, 0x57, 0x4e, 0x42, 0x61, 0x73, 0x65, 0x20,
    0x76, 0x74, 0x61, 0x62, 0x6c, 0x65, 0x20, 0x30, 0x78, 0x36, 0x31, 0x42, 0x46, 0x44, 0x38, 0x20,
    0x28, 0x33, 0x33, 0x20, 0x73, 0x6c, 0x6f, 0x74, 0x73, 0x29, 0x64, 0x68, 0x0c, 0x27, 0x2d, 0x01,
    0x01, 0x01, 0x25, 0x25, 0x08, 0x17, 0x08, 0x43, 0x63, 0x63, 0x5f, 0x66, 0x6f, 0x6c, 0x6c, 0x6f,
    0x77, 0x5f, 0x6f, 0x62, 0x6a, 0x43, 0x61, 0x6d, 0x65, 0x72, 0x61, 0x43, 0x6f, 0x6e, 0x74, 0x72,
    0x6f, 0x6c, 0x6c, 0x65, 0x72, 0x68, 0x38, 0x08, 0x53, 0x63, 0x65, 0x6e, 0x65, 0x4f, 0x62, 0x6a,
    0x65, 0x63, 0x74, 0x2a, 0x66, 0x6f, 0x6c, 0x6c, 0x6f, 0x77, 0x4f, 0x62, 0x6a, 0x65, 0x63, 0x74,
    0x4b, 0x4e, 0x4f, 0x57, 0x4e, 0x46, 0x6f, 0x6c, 0x6c, 0x6f, 0x77, 0x20, 0x74, 0x61, 0x72, 0x67,
    0x65, 0x74, 0x20, 0x69, 0x6e, 0x74, 0x72, 0x75, 0x73, 0x69, 0x76, 0x65, 0x5f, 0x70, 0x74, 0x72,
    0x57, 0x67, 0x0c, 0x27, 0x2d, 0x01, 0x01, 0x01, 0x17, 0x1f, 0x08, 0x17, 0x09, 0x3d, 0x63, 0x63,
    0x5f, 0x63, 0x61, 0x6d, 0x65, 0x72, 0x61, 0x5f, 0x72, 0x65, 0x66, 0x43, 0x61, 0x6d, 0x65, 0x72,
    0x61, 0x43, 0x6f, 0x6e, 0x74, 0x72, 0x6f, 0x6c, 0x6c, 0x65, 0x72, 0x60, 0x34, 0x08, 0x76, 0x6f,
    0x69, 0x64, 0x2a, 0x63, 0x61, 0x6d, 0x65, 0x72, 0x61, 0x52, 0x65, 0x66, 0x4b, 0x4e, 0x4f, 0x57,
    0x4e, 0x73, 0x68, 0x61, 0x72, 0x65, 0x64, 0x5f, 0x70, 0x74, 0x72, 0x20, 0x63, 0x6f, 0x6e, 0x74,
    0x72, 0x6f, 0x6c, 0x20, 0x62, 0x6c, 0x6f, 0x63, 0x6b, 0x62, 0x66, 0x0c, 0x1f, 0x2d, 0x01, 0x01,
    0x01, 0x1b, 0x19, 0x08, 0x17, 0x08, 0x5d, 0x63, 0x63, 0x5f, 0x63, 0x61, 0x6d, 0x65, 0x72, 0x61,
    0x43, 0x61, 0x6d, 0x65, 0x72, 0x61, 0x43, 0x6f, 0x6e, 0x74, 0x72, 0x6f, 0x6c, 0x6c, 0x65, 0x72,
    0x58, 0x30, 0x08, 0x43, 0x61, 0x6d, 0x65, 0x72, 0x61, 0x2a, 0x63, 0x61, 0x6d, 0x65, 0x72, 0x61,
    0x4b, 0x4e, 0x4f, 0x57, 0x4e, 0x73, 0x68, 0x61, 0x72, 0x65, 0x64, 0x5f, 0x70, 0x74, 0x72, 0x20,
    0x70, 0x74, 0x72, 0x2e, 0x20, 0x48, 0x65, 0x61, 0x64, 0x65, 0x72, 0x20, 0x73, 0x61, 0x69, 0x64,
    0x20, 0x30, 0x78, 0x35, 0x30, 0x20, 0x28, 0x57, 0x52, 0x4f, 0x4e, 0x47, 0x29, 0x4a, 0x65, 0x0c,
    0x25, 0x2d, 0x01, 0x01, 0x01, 0x1b, 0x1d, 0x08, 0x17, 0x08, 0x23, 0x63, 0x63, 0x5f, 0x66, 0x6f,
    0x63, 0x75, 0x73, 0x5f, 0x70, 0x6f, 0x73, 0x43, 0x61, 0x6d, 0x65, 0x72, 0x61, 0x43, 0x6f, 0x6e,
    0x74, 0x72, 0x6f, 0x6c, 0x6c, 0x65, 0x72, 0x30, 0x30, 0x0c, 0x56, 0x65, 0x63, 0x74, 0x6f, 0x72,
    0x33, 0x66, 0x6f, 0x63, 0x75, 0x73, 0x50, 0x6f, 0x73, 0x4b, 0x4e, 0x4f, 0x57, 0x4e, 0x46, 0x6f,
    0x63, 0x75, 0x73, 0x20, 0x70, 0x6f, 0x69, 0x6e, 0x74, 0x4c, 0x64, 0x0c, 0x1b, 0x2d, 0x01, 0x01,
    0x01, 0x17, 0x15, 0x08, 0x17, 0x08, 0x3d, 0x63, 0x63, 0x5f, 0x7a, 0x6f, 0x6f, 0x6d, 0x43, 0x61,
    0x6d, 0x65, 0x72, 0x61, 0x43, 0x6f, 0x6e, 0x74, 0x72, 0x6f, 0x6c, 0x6c, 0x65, 0x72, 0x2c, 0x2c,
    0x04, 0x66, 0x6c, 0x6f, 0x61, 0x74, 0x7a, 0x6f, 0x6f, 0x6d, 0x4b, 0x4e, 0x4f, 0x57, 0x4e, 0x43,
    0x61, 0x6d, 0x65, 0x72, 0x61, 0x20, 0x7a, 0x6f, 0x6f, 0x6d, 0x20, 0x73, 0x63, 0x61, 0x6c, 0x61,
    0x72, 0x20, 0x28, 0x30, 0x2e, 0x38, 0x29, 0x5b, 0x63, 0x0c, 0x29, 0x2d, 0x01, 0x01, 0x01, 0x1b,
    0x21, 0x08, 0x17, 0x08, 0x3d, 0x63, 0x63, 0x5f, 0x63, 0x75, 0x72, 0x72, 0x65, 0x6e, 0x74, 0x5f,
    0x70, 0x6f, 0x73, 0x43, 0x61, 0x6d, 0x65, 0x72, 0x61, 0x43, 0x6f, 0x6e, 0x74, 0x72, 0x6f, 0x6c,
    0x6c, 0x65, 0x72, 0x20, 0x20, 0x0c, 0x56, 0x65, 0x63, 0x74, 0x6f, 0x72, 0x33, 0x63, 0x75, 0x72,
    0x72, 0x65, 0x6e, 0x74, 0x50, 0x6f, 0x73, 0x4b, 0x4e, 0x4f, 0x57, 0x4e, 0x41, 0x63, 0x74, 0x75,
    0x61, 0x6c, 0x20, 0x73, 0x6d, 0x6f, 0x6f, 0x74, 0x68, 0x65, 0x64, 0x20, 0x70, 0x6f, 0x73, 0x69,
    0x74, 0x69, 0x6f, 0x6e, 0x52, 0x62, 0x0c, 0x1b, 0x2d, 0x01, 0x01, 0x01, 0x17, 0x21, 0x08, 0x17,
    0x08, 0x3d, 0x63, 0x63, 0x5f, 0x6c, 0x65, 0x72, 0x70, 0x43, 0x61, 0x6d, 0x65, 0x72, 0x61, 0x43,
    0x6f, 0x6e, 0x74, 0x72, 0x6f, 0x6c, 0x6c, 0x65, 0x72, 0x1c, 0x1c, 0x04, 0x66, 0x6c, 0x6f, 0x61,
    0x74, 0x6c, 0x65, 0x72, 0x70, 0x46, 0x61, 0x63, 0x74, 0x6f, 0x72, 0x4b, 0x4e, 0x4f, 0x57, 0x4e,
    0x53, 0x6d, 0x6f, 0x6f, 0x74, 0x68, 0x69, 0x6e, 0x67, 0x20, 0x66, 0x61, 0x63, 0x74, 0x6f, 0x72,
    0x20, 0x28, 0x30, 0x2e, 0x39, 0x38, 0x35, 0x29, 0x55, 0x61, 0x0c, 0x27, 0x2d, 0x01, 0x01, 0x01,
    0x1b, 0x1f, 0x08, 0x17, 0x08, 0x35, 0x63, 0x63, 0x5f, 0x74, 0x61, 0x72, 0x67, 0x65, 0x74, 0x5f,
    0x70, 0x6f, 0x73, 0x43, 0x61, 0x6d, 0x65, 0x72, 0x61, 0x43, 0x6f, 0x6e, 0x74, 0x72, 0x6f, 0x6c,
    0x6c, 0x65, 0x72, 0x10, 0x10, 0x0c, 0x56, 0x65, 0x63, 0x74, 0x6f, 0x72, 0x33, 0x74, 0x61, 0x72,
    0x67, 0x65, 0x74, 0x50, 0x6f, 0x73, 0x4b, 0x4e, 0x4f, 0x57, 0x4e, 0x54, 0x61, 0x72, 0x67, 0x65,
    0x74, 0x20, 0x6c, 0x6f, 0x6f, 0x6b, 0x20, 0x70, 0x6f, 0x73, 0x69, 0x74, 0x69, 0x6f, 0x6e, 0x57,
    0x60, 0x0c, 0x1f, 0x2d, 0x01, 0x01, 0x01, 0x1b, 0x25, 0x08, 0x17, 0x08, 0x3b, 0x63, 0x63, 0x5f,
    0x6f, 0x66, 0x66, 0x73, 0x65, 0x74, 0x43, 0x61, 0x6d, 0x65, 0x72, 0x61, 0x43, 0x6f, 0x6e, 0x74,
    0x72, 0x6f, 0x6c, 0x6c, 0x65, 0x72, 0x04, 0x04, 0x0c, 0x56, 0x65, 0x63, 0x74, 0x6f, 0x72, 0x33,
    0x63, 0x61, 0x6d, 0x65, 0x72, 0x61, 0x4f, 0x66, 0x66, 0x73, 0x65, 0x74, 0x4b, 0x4e, 0x4f, 0x57,
    0x4e, 0x44, 0x65, 0x76, 0x69, 0x63, 0x65, 0x2d, 0x64, 0x65, 0x70, 0x65, 0x6e, 0x64, 0x65, 0x6e,
    0x74, 0x20, 0x6f, 0x66, 0x66, 0x73, 0x65, 0x74, 0x56, 0x5f, 0x0c, 0x1d, 0x2d, 0x08, 0x08, 0x01,
    0x1b, 0x17, 0x08, 0x17, 0x08, 0x4d, 0x63, 0x63, 0x5f, 0x66, 0x6c, 0x61, 0x67, 0x73, 0x43, 0x61,
    0x6d, 0x65, 0x72, 0x61, 0x43, 0x6f, 0x6e, 0x74, 0x72, 0x6f, 0x6c, 0x6c, 0x65, 0x72, 0x04, 0x69,
    0x6e, 0x74, 0x33, 0x32, 0x5f, 0x74, 0x66, 0x6c, 0x61, 0x67, 0x73, 0x4b, 0x4e, 0x4f, 0x57, 0x4e,
    0x30, 0x3d, 0x69, 0x64, 0x6c, 0x65, 0x2c, 0x20, 0x31, 0x3d, 0x66, 0x6f, 0x63, 0x75, 0x73, 0x69,
    0x6e, 0x67, 0x2c, 0x20, 0x32, 0x3d, 0x6b, 0x65, 0x65, 0x70, 0x2d, 0x66, 0x6f, 0x63, 0x75, 0x73,
    0x48, 0x5e, 0x0c, 0x1b, 0x19, 0x02, 0x02, 0x01, 0x17, 0x1d, 0x08, 0x17, 0x08, 0x3d, 0x63, 0x61,
    0x6d, 0x5f, 0x66, 0x61, 0x72, 0x43, 0x61, 0x6d, 0x65, 0x72, 0x61, 0x00, 0xfc, 0x00, 0xfc, 0x04,
    0x66, 0x6c, 0x6f, 0x61, 0x74, 0x66, 0x61, 0x72, 0x50, 0x6c, 0x61, 0x6e, 0x65, 0x4b, 0x4e, 0x4f,
    0x57, 0x4e, 0x46, 0x61, 0x72, 0x20, 0x63, 0x6c, 0x69, 0x70, 0x20, 0x70, 0x6c, 0x61, 0x6e, 0x65,
    0x20, 0x28, 0x32, 0x30, 0x30, 0x30, 0x30, 0x2e, 0x30, 0x29, 0x48, 0x5d, 0x0c, 0x1d, 0x19, 0x02,
    0x02, 0x01, 0x17, 0x1f, 0x08, 0x17, 0x08, 0x39, 0x63, 0x61, 0x6d, 0x5f, 0x6e, 0x65, 0x61, 0x72,
    0x43, 0x61, 0x6d, 0x65, 0x72, 0x61, 0x00, 0xf8, 0x00, 0xf8, 0x04, 0x66, 0x6c, 0x6f, 0x61, 0x74,
    0x6e, 0x65, 0x61, 0x72, 0x50, 0x6c, 0x61, 0x6e, 0x65, 0x4b, 0x4e, 0x4f, 0x57, 0x4e, 0x4e, 0x65,
    0x61, 0x72, 0x20, 0x63, 0x6c, 0x69, 0x70, 0x20, 0x70, 0x6c, 0x61, 0x6e, 0x65, 0x20, 0x28, 0x35,
    0x30, 0x2e, 0x30, 0x29, 0x56, 0x5c, 0x0c, 0x1b, 0x19, 0x02, 0x02, 0x01, 0x17, 0x13, 0x08, 0x17,
    0x08, 0x63, 0x63, 0x61, 0x6d, 0x5f, 0x66, 0x6f, 0x76, 0x43, 0x61, 0x6d, 0x65, 0x72, 0x61, 0x00,
    0xf4, 0x00, 0xf4, 0x04, 0x66, 0x6c, 0x6f, 0x61, 0x74, 0x66, 0x6f, 0x76, 0x4b, 0x4e, 0x4f, 0x57,
    0x4e, 0x46, 0x69, 0x65, 0x6c, 0x64, 0x20, 0x6f, 0x66, 0x20, 0x76, 0x69, 0x65, 0x77, 0x20, 0x69,
    0x6e, 0x20, 0x72, 0x61, 0x64, 0x69, 0x61, 0x6e, 0x73, 0x20, 0x28, 0x30, 0x2e, 0x33, 0x34, 0x39,
    0x30, 0x37, 0x20, 0x3d, 0x20, 0x32, 0x30, 0x20, 0x64, 0x65, 0x67, 0x29, 0x46, 0x5b, 0x0c, 0x21,
    0x19, 0x02, 0x02, 0x01, 0x17, 0x19, 0x08, 0x17, 0x08, 0x37, 0x63, 0x61, 0x6d, 0x5f, 0x61, 0x73,
    0x70, 0x65, 0x63, 0x74, 0x43, 0x61, 0x6d, 0x65, 0x72, 0x61, 0x00, 0xf0, 0x00, 0xf0, 0x04, 0x66,
    0x6c, 0x6f, 0x61, 0x74, 0x61, 0x73, 0x70, 0x65, 0x63, 0x74, 0x4b, 0x4e, 0x4f, 0x57, 0x4e, 0x56,
    0x69, 0x65, 0x77, 0x70, 0x6f, 0x72, 0x74, 0x20, 0x61, 0x73, 0x70, 0x65, 0x63, 0x74, 0x20, 0x72,
    0x61, 0x74, 0x69, 0x6f, 0x50, 0x5a, 0x0c, 0x25, 0x19, 0x02, 0x02, 0x09, 0x15, 0x1b, 0x08, 0x17,
    0x08, 0x49, 0x63, 0x61, 0x6d, 0x5f, 0x69, 0x73, 0x5f, 0x6f, 0x72, 0x74, 0x68, 0x6f, 0x43, 0x61,
    0x6d, 0x65, 0x72, 0x61, 0x00, 0xec, 0x00, 0xec, 0x62, 0x6f, 0x6f, 0x6c, 0x69, 0x73, 0x4f, 0x72,
    0x74, 0x68, 0x6f, 0x4b, 0x4e, 0x4f, 0x57, 0x4e, 0x4f, 0x72, 0x74, 0x68, 0x6f, 0x67, 0x72, 0x61,
    0x70, 0x68, 0x69, 0x63, 0x20, 0x70, 0x72, 0x6f, 0x6a, 0x65, 0x63, 0x74, 0x69, 0x6f, 0x6e, 0x20,
    0x74, 0x6f, 0x67, 0x67, 0x6c, 0x65, 0x5d, 0x59, 0x0c, 0x27, 0x19, 0x02, 0x02, 0x01, 0x1b, 0x29,
    0x08, 0x17, 0x08, 0x4b, 0x63, 0x61, 0x6d, 0x5f, 0x76, 0x69, 0x65, 0x77, 0x5f, 0x70, 0x72, 0x6f,
    0x6a, 0x43, 0x61, 0x6d, 0x65, 0x72, 0x61, 0x00, 0xac, 0x00, 0xac, 0x40, 0x4d, 0x61, 0x74, 0x72,
    0x69, 0x78, 0x34, 0x76, 0x69, 0x65, 0x77, 0x50, 0x72, 0x6f, 0x6a, 0x65, 0x63, 0x74, 0x69, 0x6f,
    0x6e, 0x4b, 0x4e, 0x4f, 0x57, 0x4e, 0x43, 0x6f, 0x6d, 0x62, 0x69, 0x6e, 0x65, 0x64, 0x20, 0x76,
    0x69, 0x65, 0x77, 0x2d, 0x70, 0x72, 0x6f, 0x6a, 0x65, 0x63, 0x74, 0x69, 0x6f, 0x6e, 0x20, 0x6d,
    0x61, 0x74, 0x72, 0x69, 0x78, 0x4e, 0x58, 0x0c, 0x1d, 0x19, 0x01, 0x01, 0x01, 0x1b, 0x21, 0x08,
    0x17, 0x08, 0x43, 0x63, 0x61, 0x6d, 0x5f, 0x70, 0x72, 0x6f, 0x6a, 0x43, 0x61, 0x6d, 0x65, 0x72,
    0x61, 0x6c, 0x6c, 0x40, 0x4d, 0x61, 0x74, 0x72, 0x69, 0x78, 0x34, 0x70, 0x72, 0x6f, 0x6a, 0x65,
    0x63, 0x74, 0x69, 0x6f, 0x6e, 0x4b, 0x4e, 0x4f, 0x57, 0x4e, 0x50, 0x72, 0x6f, 0x6a, 0x65, 0x63,
    0x74, 0x69, 0x6f, 0x6e, 0x20, 0x74, 0x72, 0x61, 0x6e, 0x73, 0x66, 0x6f, 0x72, 0x6d, 0x20, 0x6d,
    0x61, 0x74, 0x72, 0x69, 0x78, 0x42, 0x57, 0x0c, 0x1d, 0x19, 0x01, 0x01, 0x01, 0x1b, 0x15, 0x08,
    0x17, 0x08, 0x37, 0x63, 0x61, 0x6d, 0x5f, 0x76, 0x69, 0x65, 0x77, 0x43, 0x61, 0x6d, 0x65, 0x72,
    0x61, 0x2c, 0x2c, 0x40, 0x4d, 0x61, 0x74, 0x72, 0x69, 0x78, 0x34, 0x76, 0x69, 0x65, 0x77, 0x4b,
    0x4e, 0x4f, 0x57, 0x4e, 0x56, 0x69, 0x65, 0x77, 0x20, 0x74, 0x72, 0x61, 0x6e, 0x73, 0x66, 0x6f,
    0x72, 0x6d, 0x20, 0x6d, 0x61, 0x74, 0x72, 0x69, 0x78, 0x49, 0x56, 0x0c, 0x1b, 0x19, 0x01, 0x01,
    0x01, 0x21, 0x1d, 0x08, 0x17, 0x08, 0x39, 0x63, 0x61, 0x6d, 0x5f, 0x72, 0x6f, 0x74, 0x43, 0x61,
    0x6d, 0x65, 0x72, 0x61, 0x1c, 0x1c, 0x10, 0x51, 0x75, 0x61, 0x74, 0x65, 0x72, 0x6e, 0x69, 0x6f,
    0x6e, 0x72, 0x6f, 0x74, 0x61, 0x74, 0x69, 0x6f, 0x6e, 0x4b, 0x4e, 0x4f, 0x57, 0x4e, 0x4f, 0x72,
    0x69, 0x65, 0x6e, 0x74, 0x61, 0x74, 0x69, 0x6f, 0x6e, 0x20, 0x71, 0x75, 0x61, 0x74, 0x65, 0x72,
    0x6e, 0x69, 0x6f, 0x6e, 0x46, 0x55, 0x0c, 0x1b, 0x19, 0x01, 0x01, 0x01, 0x1b, 0x1d, 0x08, 0x17,
    0x08, 0x39, 0x63, 0x61, 0x6d, 0x5f, 0x70, 0x6f, 0x73, 0x43, 0x61, 0x6d, 0x65, 0x72, 0x61, 0x10,
    0x10, 0x0c, 0x56, 0x65, 0x63, 0x74, 0x6f, 0x72, 0x33, 0x70, 0x6f, 0x73, 0x69, 0x74, 0x69, 0x6f,
    0x6e, 0x4b, 0x4e, 0x4f, 0x57, 0x4e, 0x57, 0x6f, 0x72, 0x6c, 0x64, 0x20, 0x70, 0x6f, 0x73, 0x69,
    0x74, 0x69, 0x6f, 0x6e, 0x20, 0x58, 0x2c, 0x20, 0x59, 0x2c, 0x20, 0x5a, 0x62, 0x54, 0x0c, 0x2d,
    0x17, 0x02, 0x02, 0x01, 0x1f, 0x25, 0x09, 0x17, 0x09, 0x51, 0x73, 0x63, 0x5f, 0x67, 0x61, 0x6d,
    0x65, 0x70, 0x6c, 0x61, 0x79, 0x5f, 0x67, 0x72, 0x69, 0x64, 0x53, 0x63, 0x65, 0x6e, 0x65, 0x03,
    0x18, 0x01, 0xc4, 0x40, 0x53, 0x63, 0x65, 0x6e, 0x65, 0x47, 0x72, 0x69, 0x64, 0x67, 0x61, 0x6d,
    0x65, 0x70, 0x6c, 0x61, 0x79, 0x47, 0x72, 0x69, 0x64, 0x4b, 0x4e, 0x4f, 0x57, 0x4e, 0x53, 0x70,
    0x61, 0x74, 0x69, 0x61, 0x6c, 0x20, 0x70, 0x61, 0x72, 0x74, 0x69, 0x74, 0x69, 0x6f, 0x6e, 0x69,
    0x6e, 0x67, 0x20, 0x67, 0x61, 0x6d, 0x65, 0x70, 0x6c, 0x61, 0x79, 0x20, 0x67, 0x72, 0x69, 0x64,
    0x0d, 0x00, 0x00, 0x00, 0x10, 0x09, 0xed, 0x00, 0x0f, 0x98, 0x0f, 0x3c, 0x0e, 0xd7, 0x0e, 0x6d,
    0x0e, 0x0c, 0x0d, 0xb0, 0x0d, 0x4d, 0x0c, 0xeb, 0x0c, 0x85, 0x0c, 0x28, 0x0b, 0xba, 0x0b, 0x6d,
    0x0b, 0x06, 0x0a, 0xac, 0x0a, 0x50, 0x09, 0xed, 0x00, 0x00, 0x00, 0x00, 0x00, 0x00, 0x00, 0x00,
    0x00, 0x00, 0x00, 0x00, 0x00, 0x00, 0x00, 0x00, 0x00, 0x00, 0x00, 0x00, 0x00, 0x00, 0x00, 0x00,
    0x00, 0x00, 0x00, 0x00, 0x00, 0x00, 0x00, 0x00, 0x00, 0x00, 0x00, 0x00, 0x00, 0x00, 0x00, 0x00,
    0x00, 0x00, 0x00, 0x00, 0x00, 0x00, 0x00, 0x00, 0x00, 0x00, 0x00, 0x00, 0x00, 0x00, 0x00, 0x00,
    0x00, 0x00, 0x00, 0x00, 0x00, 0x00, 0x00, 0x00, 0x00, 0x00, 0x00, 0x00, 0x00, 0x00, 0x00, 0x00,
    0x00, 0x00, 0x00, 0x00, 0x00, 0x00, 0x00, 0x00, 0x00, 0x00, 0x00, 0x00, 0x00, 0x00, 0x00, 0x00,
    0x00, 0x00, 0x00, 0x00, 0x00, 0x00, 0x00, 0x00, 0x00, 0x00, 0x00, 0x00, 0x00, 0x00, 0x00, 0x00,
    0x00, 0x00, 0x00, 0x00, 0x00, 0x00, 0x00, 0x00, 0x00, 0x00, 0x00, 0x00, 0x00, 0x00, 0x00, 0x00,
    0x00, 0x00, 0x00, 0x00, 0x00, 0x00, 0x00, 0x00, 0x00, 0x00, 0x00, 0x00, 0x00, 0x00, 0x00, 0x00,
    0x00, 0x00, 0x00, 0x00, 0x00, 0x00, 0x00, 0x00, 0x00, 0x00, 0x00, 0x00, 0x00, 0x00, 0x00, 0x00,
    0x00, 0x00, 0x00, 0x00, 0x00, 0x00, 0x00, 0x00, 0x00, 0x00, 0x00, 0x00, 0x00, 0x00, 0x00, 0x00,
    0x00, 0x00, 0x00, 0x00, 0x00, 0x00, 0x00, 0x00, 0x00, 0x00, 0x00, 0x00, 0x00, 0x00, 0x00, 0x00,
    0x00, 0x00, 0x00, 0x00, 0x00, 0x00, 0x00, 0x00, 0x00, 0x00, 0x00, 0x00, 0x00, 0x00, 0x00, 0x00,
    0x00, 0x00, 0x00, 0x00, 0x00, 0x00, 0x00, 0x00, 0x00, 0x00, 0x00, 0x00, 0x00, 0x00, 0x00, 0x00,
    0x00, 0x00, 0x00, 0x00, 0x00, 0x00, 0x00, 0x00, 0x00, 0x00, 0x00, 0x00, 0x00, 0x00, 0x00, 0x00,
    0x00, 0x00, 0x00, 0x00, 0x00, 0x00, 0x00, 0x00, 0x00, 0x00, 0x00, 0x00, 0x00, 0x00, 0x00, 0x00,
    0x00, 0x00, 0x00, 0x00, 0x00, 0x00, 0x00, 0x00, 0x00, 0x00, 0x00, 0x00, 0x00, 0x00, 0x00, 0x00,
    0x00, 0x00, 0x00, 0x00, 0x00, 0x00, 0x00, 0x00, 0x00, 0x00, 0x00, 0x00, 0x00, 0x00, 0x00, 0x00,
    0x00, 0x00, 0x00, 0x00, 0x00, 0x00, 0x00, 0x00, 0x00, 0x00, 0x00, 0x00, 0x00, 0x00, 0x00, 0x00,
    0x00, 0x00, 0x00, 0x00, 0x00, 0x00, 0x00, 0x00, 0x00, 0x00, 0x00, 0x00, 0x00, 0x00, 0x00, 0x00,
    0x00, 0x00, 0x00, 0x00, 0x00, 0x00, 0x00, 0x00, 0x00, 0x00, 0x00, 0x00, 0x00, 0x00, 0x00, 0x00,
    0x00, 0x00, 0x00, 0x00, 0x00, 0x00, 0x00, 0x00, 0x00, 0x00, 0x00, 0x00, 0x00, 0x00, 0x00, 0x00,
    0x00, 0x00, 0x00, 0x00, 0x00, 0x00, 0x00, 0x00, 0x00, 0x00, 0x00, 0x00, 0x00, 0x00, 0x00, 0x00,
    0x00, 0x00, 0x00, 0x00, 0x00, 0x00, 0x00, 0x00, 0x00, 0x00, 0x00, 0x00, 0x00, 0x00, 0x00, 0x00,
    0x00, 0x00, 0x00, 0x00, 0x00, 0x00, 0x00, 0x00, 0x00, 0x00, 0x00, 0x00, 0x00, 0x00, 0x00, 0x00,
    0x00, 0x00, 0x00, 0x00, 0x00, 0x00, 0x00, 0x00, 0x00, 0x00, 0x00, 0x00, 0x00, 0x00, 0x00, 0x00,
    0x00, 0x00, 0x00, 0x00, 0x00, 0x00, 0x00, 0x00, 0x00, 0x00, 0x00, 0x00, 0x00, 0x00, 0x00, 0x00,
    0x00, 0x00, 0x00, 0x00, 0x00, 0x00, 0x00, 0x00, 0x00, 0x00, 0x00, 0x00, 0x00, 0x00, 0x00, 0x00,
    0x00, 0x00, 0x00, 0x00, 0x00, 0x00, 0x00, 0x00, 0x00, 0x00, 0x00, 0x00, 0x00, 0x00, 0x00, 0x00,
    0x00, 0x00, 0x00, 0x00, 0x00, 0x00, 0x00, 0x00, 0x00, 0x00, 0x00, 0x00, 0x00, 0x00, 0x00, 0x00,
    0x00, 0x00, 0x00, 0x00, 0x00, 0x00, 0x00, 0x00, 0x00, 0x00, 0x00, 0x00, 0x00, 0x00, 0x00, 0x00,
    0x00, 0x00, 0x00, 0x00, 0x00, 0x00, 0x00, 0x00, 0x00, 0x00, 0x00, 0x00, 0x00, 0x00, 0x00, 0x00,
    0x00, 0x00, 0x00, 0x00, 0x00, 0x00, 0x00, 0x00, 0x00, 0x00, 0x00, 0x00, 0x00, 0x00, 0x00, 0x00,
    0x00, 0x00, 0x00, 0x00, 0x00, 0x00, 0x00, 0x00, 0x00, 0x00, 0x00, 0x00, 0x00, 0x00, 0x00, 0x00,
    0x00, 0x00, 0x00, 0x00, 0x00, 0x00, 0x00, 0x00, 0x00, 0x00, 0x00, 0x00, 0x00, 0x00, 0x00, 0x00,
    0x00, 0x00, 0x00, 0x00, 0x00, 0x00, 0x00, 0x00, 0x00, 0x00, 0x00, 0x00, 0x00, 0x00, 0x00, 0x00,
    0x00, 0x00, 0x00, 0x00, 0x00, 0x00, 0x00, 0x00, 0x00, 0x00, 0x00, 0x00, 0x00, 0x00, 0x00, 0x00,
    0x00, 0x00, 0x00, 0x00, 0x00, 0x00, 0x00, 0x00, 0x00, 0x00, 0x00, 0x00, 0x00, 0x00, 0x00, 0x00,
    0x00, 0x00, 0x00, 0x00, 0x00, 0x00, 0x00, 0x00, 0x00, 0x00, 0x00, 0x00, 0x00, 0x00, 0x00, 0x00,
    0x00, 0x00, 0x00, 0x00, 0x00, 0x00, 0x00, 0x00, 0x00, 0x00, 0x00, 0x00, 0x00, 0x00, 0x00, 0x00,
    0x00, 0x00, 0x00, 0x00, 0x00, 0x00, 0x00, 0x00, 0x00, 0x00, 0x00, 0x00, 0x00, 0x00, 0x00, 0x00,
    0x00, 0x00, 0x00, 0x00, 0x00, 0x00, 0x00, 0x00, 0x00, 0x00, 0x00, 0x00, 0x00, 0x00, 0x00, 0x00,
    0x00, 0x00, 0x00, 0x00, 0x00, 0x00, 0x00, 0x00, 0x00, 0x00, 0x00, 0x00, 0x00, 0x00, 0x00, 0x00,
    0x00, 0x00, 0x00, 0x00, 0x00, 0x00, 0x00, 0x00, 0x00, 0x00, 0x00, 0x00, 0x00, 0x00, 0x00, 0x00,
    0x00, 0x00, 0x00, 0x00, 0x00, 0x00, 0x00, 0x00, 0x00, 0x00, 0x00, 0x00, 0x00, 0x00, 0x00, 0x00,
    0x00, 0x00, 0x00, 0x00, 0x00, 0x00, 0x00, 0x00, 0x00, 0x00, 0x00, 0x00, 0x00, 0x00, 0x00, 0x00,
    0x00, 0x00, 0x00, 0x00, 0x00, 0x00, 0x00, 0x00, 0x00, 0x00, 0x00, 0x00, 0x00, 0x00, 0x00, 0x00,
    0x00, 0x00, 0x00, 0x00, 0x00, 0x00, 0x00, 0x00, 0x00, 0x00, 0x00, 0x00, 0x00, 0x00, 0x00, 0x00,
    0x00, 0x00, 0x00, 0x00, 0x00, 0x00, 0x00, 0x00, 0x00, 0x00, 0x00, 0x00, 0x00, 0x00, 0x00, 0x00,
    0x00, 0x00, 0x00, 0x00, 0x00, 0x00, 0x00, 0x00, 0x00, 0x00, 0x00, 0x00, 0x00, 0x00, 0x00, 0x00,
    0x00, 0x00, 0x00, 0x00, 0x00, 0x00, 0x00, 0x00, 0x00, 0x00, 0x00, 0x00, 0x00, 0x00, 0x00, 0x00,
    0x00, 0x00, 0x00, 0x00, 0x00, 0x00, 0x00, 0x00, 0x00, 0x00, 0x00, 0x00, 0x00, 0x00, 0x00, 0x00,
    0x00, 0x00, 0x00, 0x00, 0x00, 0x00, 0x00, 0x00, 0x00, 0x00, 0x00, 0x00, 0x00, 0x00, 0x00, 0x00,
    0x00, 0x00, 0x00, 0x00, 0x00, 0x00, 0x00, 0x00, 0x00, 0x00, 0x00, 0x00, 0x00, 0x00, 0x00, 0x00,
    0x00, 0x00, 0x00, 0x00, 0x00, 0x00, 0x00, 0x00, 0x00, 0x00, 0x00, 0x00, 0x00, 0x00, 0x00, 0x00,
    0x00, 0x00, 0x00, 0x00, 0x00, 0x00, 0x00, 0x00, 0x00, 0x00, 0x00, 0x00, 0x00, 0x00, 0x00, 0x00,
    0x00, 0x00, 0x00, 0x00, 0x00, 0x00, 0x00, 0x00, 0x00, 0x00, 0x00, 0x00, 0x00, 0x00, 0x00, 0x00,
    0x00, 0x00, 0x00, 0x00, 0x00, 0x00, 0x00, 0x00, 0x00, 0x00, 0x00, 0x00, 0x00, 0x00, 0x00, 0x00,
    0x00, 0x00, 0x00, 0x00, 0x00, 0x00, 0x00, 0x00, 0x00, 0x00, 0x00, 0x00, 0x00, 0x00, 0x00, 0x00,
    0x00, 0x00, 0x00, 0x00, 0x00, 0x00, 0x00, 0x00, 0x00, 0x00, 0x00, 0x00, 0x00, 0x00, 0x00, 0x00,
    0x00, 0x00, 0x00, 0x00, 0x00, 0x00, 0x00, 0x00, 0x00, 0x00, 0x00, 0x00, 0x00, 0x00, 0x00, 0x00,
    0x00, 0x00, 0x00, 0x00, 0x00, 0x00, 0x00, 0x00, 0x00, 0x00, 0x00, 0x00, 0x00, 0x00, 0x00, 0x00,
    0x00, 0x00, 0x00, 0x00, 0x00, 0x00, 0x00, 0x00, 0x00, 0x00, 0x00, 0x00, 0x00, 0x00, 0x00, 0x00,
    0x00, 0x00, 0x00, 0x00, 0x00, 0x00, 0x00, 0x00, 0x00, 0x00, 0x00, 0x00, 0x00, 0x00, 0x00, 0x00,
    0x00, 0x00, 0x00, 0x00, 0x00, 0x00, 0x00, 0x00, 0x00, 0x00, 0x00, 0x00, 0x00, 0x00, 0x00, 0x00,
    0x00, 0x00, 0x00, 0x00, 0x00, 0x00, 0x00, 0x00, 0x00, 0x00, 0x00, 0x00, 0x00, 0x00, 0x00, 0x00,
    0x00, 0x00, 0x00, 0x00, 0x00, 0x00, 0x00, 0x00, 0x00, 0x00, 0x00, 0x00, 0x00, 0x00, 0x00, 0x00,
    0x00, 0x00, 0x00, 0x00, 0x00, 0x00, 0x00, 0x00, 0x00, 0x00, 0x00, 0x00, 0x00, 0x00, 0x00, 0x00,
    0x00, 0x00, 0x00, 0x00, 0x00, 0x00, 0x00, 0x00, 0x00, 0x00, 0x00, 0x00, 0x00, 0x00, 0x00, 0x00,
    0x00, 0x00, 0x00, 0x00, 0x00, 0x00, 0x00, 0x00, 0x00, 0x00, 0x00, 0x00, 0x00, 0x00, 0x00, 0x00,
    0x00, 0x00, 0x00, 0x00, 0x00, 0x00, 0x00, 0x00, 0x00, 0x00, 0x00, 0x00, 0x00, 0x00, 0x00, 0x00,
    0x00, 0x00, 0x00, 0x00, 0x00, 0x00, 0x00, 0x00, 0x00, 0x00, 0x00, 0x00, 0x00, 0x00, 0x00, 0x00,
    0x00, 0x00, 0x00, 0x00, 0x00, 0x00, 0x00, 0x00, 0x00, 0x00, 0x00, 0x00, 0x00, 0x00, 0x00, 0x00,
    0x00, 0x00, 0x00, 0x00, 0x00, 0x00, 0x00, 0x00, 0x00, 0x00, 0x00, 0x00, 0x00, 0x00, 0x00, 0x00,
    0x00, 0x00, 0x00, 0x00, 0x00, 0x00, 0x00, 0x00, 0x00, 0x00, 0x00, 0x00, 0x00, 0x00, 0x00, 0x00,
    0x00, 0x00, 0x00, 0x00, 0x00, 0x00, 0x00, 0x00, 0x00, 0x00, 0x00, 0x00, 0x00, 0x00, 0x00, 0x00,
    0x00, 0x00, 0x00, 0x00, 0x00, 0x00, 0x00, 0x00, 0x00, 0x00, 0x00, 0x00, 0x00, 0x00, 0x00, 0x00,
    0x00, 0x00, 0x00, 0x00, 0x00, 0x00, 0x00, 0x00, 0x00, 0x00, 0x00, 0x00, 0x00, 0x00, 0x00, 0x00,
    0x00, 0x00, 0x00, 0x00, 0x00, 0x00, 0x00, 0x00, 0x00, 0x00, 0x00, 0x00, 0x00, 0x00, 0x00, 0x00,
    0x00, 0x00, 0x00, 0x00, 0x00, 0x00, 0x00, 0x00, 0x00, 0x00, 0x00, 0x00, 0x00, 0x00, 0x00, 0x00,
    0x00, 0x00, 0x00, 0x00, 0x00, 0x00, 0x00, 0x00, 0x00, 0x00, 0x00, 0x00, 0x00, 0x00, 0x00, 0x00,
    0x00, 0x00, 0x00, 0x00, 0x00, 0x00, 0x00, 0x00, 0x00, 0x00, 0x00, 0x00, 0x00, 0x00, 0x00, 0x00,
    0x00, 0x00, 0x00, 0x00, 0x00, 0x00, 0x00, 0x00, 0x00, 0x00, 0x00, 0x00, 0x00, 0x00, 0x00, 0x00,
    0x00, 0x00, 0x00, 0x00, 0x00, 0x00, 0x00, 0x00, 0x00, 0x00, 0x00, 0x00, 0x00, 0x00, 0x00, 0x00,
    0x00, 0x00, 0x00, 0x00, 0x00, 0x00, 0x00, 0x00, 0x00, 0x00, 0x00, 0x00, 0x00, 0x00, 0x00, 0x00,
    0x00, 0x00, 0x00, 0x00, 0x00, 0x00, 0x00, 0x00, 0x00, 0x00, 0x00, 0x00, 0x00, 0x00, 0x00, 0x00,
    0x00, 0x00, 0x00, 0x00, 0x00, 0x00, 0x00, 0x00, 0x00, 0x00, 0x00, 0x00, 0x00, 0x00, 0x00, 0x00,
    0x00, 0x00, 0x00, 0x00, 0x00, 0x00, 0x00, 0x00, 0x00, 0x00, 0x00, 0x00, 0x00, 0x00, 0x00, 0x00,
    0x00, 0x00, 0x00, 0x00, 0x00, 0x00, 0x00, 0x00, 0x00, 0x00, 0x00, 0x00, 0x00, 0x00, 0x00, 0x00,
    0x00, 0x00, 0x00, 0x00, 0x00, 0x00, 0x00, 0x00, 0x00, 0x00, 0x00, 0x00, 0x00, 0x00, 0x00, 0x00,
    0x00, 0x00, 0x00, 0x00, 0x00, 0x00, 0x00, 0x00, 0x00, 0x00, 0x00, 0x00, 0x00, 0x00, 0x00, 0x00,
    0x00, 0x00, 0x00, 0x00, 0x00, 0x00, 0x00, 0x00, 0x00, 0x00, 0x00, 0x00, 0x00, 0x00, 0x00, 0x00,
    0x00, 0x00, 0x00, 0x00, 0x00, 0x00, 0x00, 0x00, 0x00, 0x00, 0x00, 0x00, 0x00, 0x00, 0x00, 0x00,
    0x00, 0x00, 0x00, 0x00, 0x00, 0x00, 0x00, 0x00, 0x00, 0x00, 0x00, 0x00, 0x00, 0x00, 0x00, 0x00,
    0x00, 0x00, 0x00, 0x00, 0x00, 0x00, 0x00, 0x00, 0x00, 0x00, 0x00, 0x00, 0x00, 0x00, 0x00, 0x00,
    0x00, 0x00, 0x00, 0x00, 0x00, 0x00, 0x00, 0x00, 0x00, 0x00, 0x00, 0x00, 0x00, 0x00, 0x00, 0x00,
    0x00, 0x00, 0x00, 0x00, 0x00, 0x00, 0x00, 0x00, 0x00, 0x00, 0x00, 0x00, 0x00, 0x00, 0x00, 0x00,
    0x00, 0x00, 0x00, 0x00, 0x00, 0x00, 0x00, 0x00, 0x00, 0x00, 0x00, 0x00, 0x00, 0x00, 0x00, 0x00,
    0x00, 0x00, 0x00, 0x00, 0x00, 0x00, 0x00, 0x00, 0x00, 0x00, 0x00, 0x00, 0x00, 0x00, 0x00, 0x00,
    0x00, 0x00, 0x00, 0x00, 0x00, 0x00, 0x00, 0x00, 0x00, 0x00, 0x00, 0x00, 0x00, 0x00, 0x00, 0x00,
    0x00, 0x00, 0x00, 0x00, 0x00, 0x00, 0x00, 0x00, 0x00, 0x00, 0x00, 0x00, 0x00, 0x00, 0x00, 0x00,
    0x00, 0x00, 0x00, 0x00, 0x00, 0x00, 0x00, 0x00, 0x00, 0x00, 0x00, 0x00, 0x00, 0x00, 0x00, 0x00,
    0x00, 0x00, 0x00, 0x00, 0x00, 0x00, 0x00, 0x00, 0x00, 0x00, 0x00, 0x00, 0x00, 0x00, 0x00, 0x00,
    0x00, 0x00, 0x00, 0x00, 0x00, 0x00, 0x00, 0x00, 0x00, 0x00, 0x00, 0x00, 0x00, 0x00, 0x00, 0x00,
    0x00, 0x00, 0x00, 0x00, 0x00, 0x00, 0x00, 0x00, 0x00, 0x00, 0x00, 0x00, 0x00, 0x00, 0x00, 0x00,
    0x00, 0x00, 0x00, 0x00, 0x00, 0x00, 0x00, 0x00, 0x00, 0x00, 0x00, 0x00, 0x00, 0x00, 0x00, 0x00,
    0x00, 0x00, 0x00, 0x00, 0x00, 0x00, 0x00, 0x00, 0x00, 0x00, 0x00, 0x00, 0x00, 0x00, 0x00, 0x00,
    0x00, 0x00, 0x00, 0x00, 0x00, 0x00, 0x00, 0x00, 0x00, 0x00, 0x00, 0x00, 0x00, 0x00, 0x00, 0x00,
    0x00, 0x00, 0x00, 0x00, 0x00, 0x00, 0x00, 0x00, 0x00, 0x00, 0x00, 0x00, 0x00, 0x00, 0x00, 0x00,
    0x00, 0x00, 0x00, 0x00, 0x00, 0x00, 0x00, 0x00, 0x00, 0x00, 0x00, 0x00, 0x00, 0x00, 0x00, 0x00,
    0x00, 0x00, 0x00, 0x00, 0x00, 0x00, 0x00, 0x00, 0x00, 0x00, 0x00, 0x00, 0x00, 0x00, 0x00, 0x00,
    0x00, 0x00, 0x00, 0x00, 0x00, 0x00, 0x00, 0x00, 0x00, 0x00, 0x00, 0x00, 0x00, 0x00, 0x00, 0x00,
    0x00, 0x00, 0x00, 0x00, 0x00, 0x00, 0x00, 0x00, 0x00, 0x00, 0x00, 0x00, 0x00, 0x00, 0x00, 0x00,
    0x00, 0x00, 0x00, 0x00, 0x00, 0x00, 0x00, 0x00, 0x00, 0x00, 0x00, 0x00, 0x00, 0x00, 0x00, 0x00,
    0x00, 0x00, 0x00, 0x00, 0x00, 0x00, 0x00, 0x00, 0x00, 0x00, 0x00, 0x00, 0x00, 0x00, 0x00, 0x00,
    0x00, 0x00, 0x00, 0x00, 0x00, 0x00, 0x00, 0x00, 0x00, 0x00, 0x00, 0x00, 0x00, 0x00, 0x00, 0x00,
    0x00, 0x00, 0x00, 0x00, 0x00, 0x00, 0x00, 0x00, 0x00, 0x00, 0x00, 0x00, 0x00, 0x00, 0x00, 0x00,
    0x00, 0x00, 0x00, 0x00, 0x00, 0x00, 0x00, 0x00, 0x00, 0x00, 0x00, 0x00, 0x00, 0x00, 0x00, 0x00,
    0x00, 0x00, 0x00, 0x00, 0x00, 0x00, 0x00, 0x00, 0x00, 0x00, 0x00, 0x00, 0x00, 0x00, 0x00, 0x00,
    0x00, 0x00, 0x00, 0x00, 0x00, 0x00, 0x00, 0x00, 0x00, 0x00, 0x00, 0x00, 0x00, 0x00, 0x00, 0x00,
    0x00, 0x00, 0x00, 0x00, 0x00, 0x00, 0x00, 0x00, 0x00, 0x00, 0x00, 0x00, 0x00, 0x00, 0x00, 0x00,
    0x00, 0x00, 0x00, 0x00, 0x00, 0x00, 0x00, 0x00, 0x00, 0x00, 0x00, 0x00, 0x00, 0x00, 0x00, 0x00,
    0x00, 0x00, 0x00, 0x00, 0x00, 0x00, 0x00, 0x00, 0x00, 0x00, 0x00, 0x00, 0x00, 0x00, 0x00, 0x00,
    0x00, 0x00, 0x00, 0x00, 0x00, 0x00, 0x00, 0x00, 0x00, 0x00, 0x00, 0x00, 0x00, 0x00, 0x00, 0x00,
    0x00, 0x00, 0x00, 0x00, 0x00, 0x00, 0x00, 0x00, 0x00, 0x00, 0x00, 0x00, 0x00, 0x00, 0x00, 0x00,
    0x00, 0x00, 0x00, 0x00, 0x00, 0x00, 0x00, 0x00, 0x00, 0x00, 0x00, 0x00, 0x00, 0x00, 0x00, 0x00,
    0x00, 0x00, 0x00, 0x00, 0x00, 0x00, 0x00, 0x00, 0x00, 0x00, 0x00, 0x00, 0x00, 0x00, 0x00, 0x00,
    0x00, 0x00, 0x00, 0x00, 0x00, 0x00, 0x00, 0x00, 0x00, 0x00, 0x00, 0x00, 0x00, 0x00, 0x00, 0x00,
    0x00, 0x00, 0x00, 0x00, 0x00, 0x00, 0x00, 0x00, 0x00, 0x00, 0x00, 0x00, 0x00, 0x00, 0x00, 0x00,
    0x00, 0x00, 0x00, 0x00, 0x00, 0x00, 0x00, 0x00, 0x00, 0x00, 0x00, 0x00, 0x00, 0x00, 0x00, 0x00,
    0x00, 0x00, 0x00, 0x00, 0x00, 0x00, 0x00, 0x00, 0x00, 0x00, 0x00, 0x00, 0x00, 0x00, 0x00, 0x00,
    0x00, 0x00, 0x00, 0x00, 0x00, 0x00, 0x00, 0x00, 0x00, 0x00, 0x00, 0x00, 0x00, 0x00, 0x00, 0x00,
    0x00, 0x00, 0x00, 0x00, 0x00, 0x00, 0x00, 0x00, 0x00, 0x00, 0x00, 0x00, 0x00, 0x00, 0x00, 0x00,
    0x00, 0x00, 0x00, 0x00, 0x00, 0x00, 0x00, 0x00, 0x00, 0x00, 0x00, 0x00, 0x00, 0x00, 0x00, 0x00,
    0x00, 0x00, 0x00, 0x00, 0x00, 0x00, 0x00, 0x00, 0x00, 0x00, 0x00, 0x00, 0x00, 0x00, 0x00, 0x00,
    0x00, 0x00, 0x00, 0x00, 0x00, 0x00, 0x00, 0x00, 0x00, 0x00, 0x00, 0x00, 0x00, 0x00, 0x00, 0x00,
    0x00, 0x00, 0x00, 0x00, 0x00, 0x00, 0x00, 0x00, 0x00, 0x00, 0x00, 0x00, 0x00, 0x00, 0x00, 0x00,
    0x00, 0x00, 0x00, 0x00, 0x00, 0x00, 0x00, 0x00, 0x00, 0x00, 0x00, 0x00, 0x00, 0x00, 0x00, 0x00,
    0x00, 0x00, 0x00, 0x00, 0x00, 0x00, 0x00, 0x00, 0x00, 0x00, 0x00, 0x00, 0x00, 0x00, 0x00, 0x00,
    0x00, 0x00, 0x00, 0x00, 0x00, 0x00, 0x00, 0x00, 0x00, 0x00, 0x00, 0x00, 0x00, 0x00, 0x00, 0x00,
    0x00, 0x00, 0x00, 0x00, 0x00, 0x00, 0x00, 0x00, 0x00, 0x00, 0x00, 0x00, 0x00, 0x00, 0x00, 0x00,
    0x00, 0x00, 0x00, 0x00, 0x00, 0x00, 0x00, 0x00, 0x00, 0x00, 0x00, 0x00, 0x00, 0x00, 0x00, 0x00,
    0x00, 0x00, 0x00, 0x00, 0x00, 0x00, 0x00, 0x00, 0x00, 0x00, 0x00, 0x00, 0x00, 0x00, 0x00, 0x00,
    0x00, 0x00, 0x00, 0x00, 0x00, 0x00, 0x00, 0x00, 0x00, 0x00, 0x00, 0x00, 0x00, 0x00, 0x00, 0x00,
    0x00, 0x00, 0x00, 0x00, 0x00, 0x00, 0x00, 0x00, 0x00, 0x00, 0x00, 0x00, 0x00, 0x00, 0x00, 0x00,
    0x00, 0x00, 0x00, 0x00, 0x00, 0x00, 0x00, 0x00, 0x00, 0x00, 0x00, 0x00, 0x00, 0x00, 0x00, 0x00,
    0x00, 0x00, 0x00, 0x00, 0x00, 0x00, 0x00, 0x00, 0x00, 0x00, 0x00, 0x00, 0x00, 0x00, 0x00, 0x00,
    0x00, 0x00, 0x00, 0x00, 0x00, 0x00, 0x00, 0x00, 0x00, 0x00, 0x00, 0x00, 0x00, 0x00, 0x00, 0x00,
    0x00, 0x00, 0x00, 0x00, 0x00, 0x00, 0x00, 0x00, 0x00, 0x00, 0x00, 0x00, 0x00, 0x00, 0x00, 0x00,
    0x00, 0x00, 0x00, 0x00, 0x00, 0x00, 0x00, 0x00, 0x00, 0x00, 0x00, 0x00, 0x00, 0x00, 0x00, 0x00,
    0x00, 0x00, 0x00, 0x00, 0x00, 0x00, 0x00, 0x00, 0x00, 0x00, 0x00, 0x00, 0x00, 0x00, 0x00, 0x00,
    0x00, 0x00, 0x00, 0x00, 0x00, 0x00, 0x00, 0x00, 0x00, 0x00, 0x00, 0x00, 0x00, 0x00, 0x00, 0x00,
    0x00, 0x00, 0x00, 0x00, 0x00, 0x00, 0x00, 0x00, 0x00, 0x00, 0x00, 0x00, 0x00, 0x00, 0x00, 0x00,
    0x00, 0x00, 0x00, 0x00, 0x00, 0x00, 0x00, 0x00, 0x00, 0x00, 0x00, 0x00, 0x00, 0x00, 0x00, 0x00,
    0x00, 0x00, 0x00, 0x00, 0x00, 0x00, 0x00, 0x00, 0x00, 0x00, 0x00, 0x00, 0x00, 0x00, 0x00, 0x00,
    0x00, 0x00, 0x00, 0x00, 0x00, 0x00, 0x00, 0x00, 0x00, 0x00, 0x00, 0x00, 0x00, 0x00, 0x00, 0x00,
    0x00, 0x00, 0x00, 0x00, 0x00, 0x00, 0x00, 0x00, 0x00, 0x00, 0x00, 0x00, 0x00, 0x60, 0x81, 0x10,
    0x0c, 0x23, 0x27, 0x02, 0x02, 0x01, 0x1d, 0x1d, 0x08, 0x17, 0x09, 0x51, 0x70, 0x70, 0x5f, 0x63,
    0x6f, 0x75, 0x6e, 0x74, 0x65, 0x72, 0x73, 0x50, 0x6c, 0x61, 0x79, 0x65, 0x72, 0x50, 0x72, 0x6f,
    0x66, 0x69, 0x6c, 0x65, 0x01, 0x00, 0x00, 0x80, 0x18, 0x73, 0x74, 0x64, 0x3a, 0x3a, 0x6d, 0x61,
    0x70, 0x63, 0x6f, 0x75, 0x6e, 0x74, 0x65, 0x72, 0x73, 0x4b, 0x4e, 0x4f, 0x57, 0x4e, 0x73, 0x74,
    0x64, 0x3a, 0x3a, 0x6d, 0x61, 0x70, 0x3c, 0x73, 0x74, 0x72, 0x69, 0x6e, 0x67, 0x2c, 0x20, 0x69,
    0x6e, 0x74, 0x33, 0x32, 0x5f, 0x74, 0x3e, 0x20, 0x63, 0x6f, 0x75, 0x6e, 0x74, 0x65, 0x72, 0x73,
    0x59, 0x81, 0x0f, 0x0c, 0x25, 0x27, 0x02, 0x01, 0x01, 0x21, 0x1f, 0x08, 0x17, 0x08, 0x3d, 0x70,
    0x70, 0x5f, 0x67, 0x61, 0x6d, 0x65, 0x73, 0x74, 0x61, 0x74, 0x65, 0x50, 0x6c, 0x61, 0x79, 0x65,
    0x72, 0x50, 0x72, 0x6f, 0x66, 0x69, 0x6c, 0x65, 0x00, 0xf0, 0x78, 0x08, 0x47, 0x61, 0x6d, 0x65,
    0x53, 0x74, 0x61, 0x74, 0x65, 0x2a, 0x67, 0x61, 0x6d, 0x65, 0x53, 0x74, 0x61, 0x74, 0x65, 0x4b,
    0x4e, 0x4f, 0x57, 0x4e, 0x41, 0x63, 0x74, 0x69, 0x76, 0x65, 0x20, 0x47, 0x61, 0x6d, 0x65, 0x53,
    0x74, 0x61, 0x74, 0x65, 0x20, 0x70, 0x6f, 0x69, 0x6e, 0x74, 0x65, 0x72, 0x57, 0x81, 0x0e, 0x0c,
    0x29, 0x27, 0x01, 0x01, 0x01, 0x19, 0x21, 0x08, 0x17, 0x08, 0x3d, 0x70, 0x70, 0x5f, 0x74, 0x69,
    0x6d, 0x65, 0x5f, 0x70, 0x6c, 0x61, 0x79, 0x65, 0x64, 0x50, 0x6c, 0x61, 0x79, 0x65, 0x72, 0x50,
    0x72, 0x6f, 0x66, 0x69, 0x6c, 0x65, 0x70, 0x44, 0x08, 0x64, 0x6f, 0x75, 0x62, 0x6c, 0x65, 0x74,
    0x69, 0x6d, 0x65, 0x50, 0x6c, 0x61, 0x79, 0x65, 0x64, 0x4b, 0x4e, 0x4f, 0x57, 0x4e, 0x50, 0x6c,
    0x61, 0x79, 0x20, 0x64, 0x75, 0x72, 0x61, 0x74, 0x69, 0x6f, 0x6e, 0x20, 0x69, 0x6e, 0x20, 0x73,
    0x65, 0x63, 0x6f, 0x6e, 0x64, 0x73, 0x64, 0x81, 0x0d, 0x0c, 0x21, 0x27, 0x01, 0x01, 0x01, 0x17,
    0x2d, 0x08, 0x17, 0x08, 0x55, 0x70, 0x70, 0x5f, 0x70, 0x65, 0x72, 0x63, 0x65, 0x6e, 0x74, 0x50,
    0x6c, 0x61, 0x79, 0x65, 0x72, 0x50, 0x72, 0x6f, 0x66, 0x69, 0x6c, 0x65, 0x6c, 0x40, 0x04, 0x66,
    0x6c, 0x6f, 0x61, 0x74, 0x70, 0x65, 0x72, 0x63, 0x65, 0x6e, 0x74, 0x43, 0x6f, 0x6d, 0x70, 0x6c,
    0x65, 0x74, 0x65, 0x64, 0x4b, 0x4e, 0x4f, 0x57, 0x4e, 0x43, 0x6f, 0x6d, 0x70, 0x6c, 0x65, 0x74,
    0x69, 0x6f, 0x6e, 0x20, 0x70, 0x65, 0x72, 0x63, 0x65, 0x6e, 0x74, 0x61, 0x67, 0x65, 0x20, 0x28,
    0x30, 0x2e, 0x30, 0x20, 0x74, 0x6f, 0x20, 0x31, 0x30, 0x30, 0x2e, 0x30, 0x29, 0x4a, 0x81, 0x0c,
    0x0c, 0x1d, 0x27, 0x01, 0x01, 0x01, 0x1b, 0x17, 0x08, 0x17, 0x08, 0x37, 0x70, 0x70, 0x5f, 0x6c,
    0x65, 0x76, 0x65, 0x6c, 0x50, 0x6c, 0x61, 0x79, 0x65, 0x72, 0x50, 0x72, 0x6f, 0x66, 0x69, 0x6c,
    0x65, 0x68, 0x3c, 0x04, 0x69, 0x6e, 0x74, 0x33, 0x32, 0x5f, 0x74, 0x6c, 0x65, 0x76, 0x65, 0x6c,
    0x4b, 0x4e, 0x4f, 0x57, 0x4e, 0x50, 0x72, 0x6f, 0x66, 0x69, 0x6c, 0x65, 0x20, 0x64, 0x69, 0x73,
    0x70, 0x6c, 0x61, 0x79, 0x20, 0x6c, 0x65, 0x76, 0x65, 0x6c, 0x6b, 0x81, 0x0b, 0x0c, 0x29, 0x27,
    0x01, 0x01, 0x01, 0x1d, 0x29, 0x08, 0x17, 0x08, 0x59, 0x70, 0x70, 0x5f, 0x6c, 0x61, 0x73, 0x74,
    0x5f, 0x70, 0x6c, 0x61, 0x79, 0x65, 0x64, 0x50, 0x6c, 0x61, 0x79, 0x65, 0x72, 0x50, 0x72, 0x6f,
    0x66, 0x69, 0x6c, 0x65, 0x48, 0x28, 0x10, 0x44, 0x61, 0x74, 0x65, 0x54, 0x69, 0x6d, 0x65, 0x6c,
    0x61, 0x73, 0x74, 0x50, 0x6c, 0x61, 0x79, 0x65, 0x64, 0x54, 0x69, 0x6d, 0x65, 0x4b, 0x4e, 0x4f,
    0x57, 0x4e, 0x54, 0x69, 0x6d, 0x65, 0x73, 0x74, 0x61, 0x6d, 0x70, 0x2e, 0x20, 0x48, 0x65, 0x61,
    0x64, 0x65, 0x72, 0x20, 0x67, 0x75, 0x65, 0x73, 0x73, 0x65, 0x64, 0x20, 0x30, 0x78, 0x34, 0x30,
    0x20, 0x28, 0x57, 0x52, 0x4f, 0x4e, 0x47, 0x29, 0x5a, 0x81, 0x0a, 0x0c, 0x1b, 0x27, 0x01, 0x01,
    0x01, 0x23, 0x15, 0x08, 0x17, 0x08, 0x53, 0x70, 0x70, 0x5f, 0x6e, 0x61, 0x6d, 0x65, 0x50, 0x6c,
    0x61, 0x79, 0x65, 0x72, 0x50, 0x72, 0x6f, 0x66, 0x69, 0x6c, 0x65, 0x30, 0x18, 0x18, 0x73, 0x74,
    0x64, 0x3a, 0x3a, 0x73, 0x74, 0x72, 0x69, 0x6e, 0x67, 0x6e, 0x61, 0x6d, 0x65, 0x4b, 0x4e, 0x4f,
    0x57, 0x4e, 0x50, 0x72, 0x6f, 0x66, 0x69, 0x6c, 0x65, 0x20, 0x64, 0x69, 0x73, 0x70, 0x6c, 0x61,
    0x79, 0x20, 0x6e, 0x61, 0x6d, 0x65, 0x2e, 0x20, 0x50, 0x72, 0x6f, 0x74, 0x6f, 0x20, 0x66, 0x69,
    0x65, 0x6c, 0x64, 0x20, 0x32, 0x63, 0x81, 0x09, 0x0c, 0x27, 0x27, 0x01, 0x01, 0x01, 0x23, 0x21,
    0x08, 0x17, 0x08, 0x4d, 0x70, 0x70, 0x5f, 0x69, 0x64, 0x65, 0x6e, 0x74, 0x69, 0x66, 0x69, 0x65,
    0x72, 0x50, 0x6c, 0x61, 0x79, 0x65, 0x72, 0x50, 0x72, 0x6f, 0x66, 0x69, 0x6c, 0x65, 0x18, 0x0c,
    0x18, 0x73, 0x74, 0x64, 0x3a, 0x3a, 0x73, 0x74, 0x72, 0x69, 0x6e, 0x67, 0x69, 0x64, 0x65, 0x6e,
    0x74, 0x69, 0x66, 0x69, 0x65, 0x72, 0x4b, 0x4e, 0x4f, 0x57, 0x4e, 0x50, 0x72, 0x6f, 0x66, 0x69,
    0x6c, 0x65, 0x20, 0x73, 0x61, 0x76, 0x65, 0x20, 0x47, 0x55, 0x49, 0x44, 0x2e, 0x20, 0x50, 0x72,
    0x6f, 0x74, 0x6f, 0x20, 0x66, 0x69, 0x65, 0x6c, 0x64, 0x20, 0x31, 0x5f, 0x81, 0x08, 0x0c, 0x29,
    0x3b, 0x02, 0x02, 0x09, 0x15, 0x1f, 0x08, 0x17, 0x08, 0x3d, 0x63, 0x63, 0x63, 0x5f, 0x69, 0x73,
    0x5f, 0x63, 0x61, 0x73, 0x74, 0x69, 0x6e, 0x67, 0x43, 0x68, 0x61, 0x72, 0x43, 0x6f, 0x6e, 0x74,
    0x72, 0x6f, 0x6c, 0x6c, 0x65, 0x72, 0x43, 0x6f, 0x6d, 0x70, 0x6f, 0x6e, 0x65, 0x6e, 0x74, 0x02,
    0xe0, 0x01, 0xc0, 0x62, 0x6f, 0x6f, 0x6c, 0x69, 0x73, 0x43, 0x61, 0x73, 0x74, 0x69, 0x6e, 0x67,
    0x4b, 0x4e, 0x4f, 0x57, 0x4e, 0x53, 0x70, 0x65, 0x6c, 0x6c, 0x20, 0x63, 0x61, 0x73, 0x74, 0x69,
    0x6e, 0x67, 0x20, 0x73, 0x74, 0x61, 0x74, 0x65, 0x20, 0x66, 0x6c, 0x61, 0x67, 0x60, 0x81, 0x07,
    0x0c, 0x31, 0x3b, 0x02, 0x02, 0x01, 0x17, 0x25, 0x08, 0x17, 0x08, 0x2d, 0x63, 0x63, 0x63, 0x5f,
    0x66, 0x61, 0x73, 0x74, 0x5f, 0x72, 0x75, 0x6e, 0x5f, 0x73, 0x70, 0x65, 0x65, 0x64, 0x43, 0x68,
    0x61, 0x72, 0x43, 0x6f, 0x6e, 0x74, 0x72, 0x6f, 0x6c, 0x6c, 0x65, 0x72, 0x43, 0x6f, 0x6d, 0x70,
    0x6f, 0x6e, 0x65, 0x6e, 0x74, 0x02, 0x70, 0x01, 0x78, 0x04, 0x66, 0x6c, 0x6f, 0x61, 0x74, 0x66,
    0x61, 0x73, 0x74, 0x52, 0x75, 0x6e, 0x53, 0x70, 0x65, 0x65, 0x64, 0x4b, 0x4e, 0x4f, 0x57, 0x4e,
    0x53, 0x70, 0x72, 0x69, 0x6e, 0x74, 0x20, 0x72, 0x75, 0x6e, 0x20, 0x73, 0x70, 0x65, 0x65, 0x64,
    0x59, 0x81, 0x06, 0x0c, 0x27, 0x3b, 0x02, 0x02, 0x01, 0x17, 0x1d, 0x08, 0x17, 0x08, 0x31, 0x63,
    0x63, 0x63, 0x5f, 0x72, 0x75, 0x6e, 0x5f, 0x73, 0x70, 0x65, 0x65, 0x64, 0x43, 0x68, 0x61, 0x72,
    0x43, 0x6f, 0x6e, 0x74, 0x72, 0x6f, 0x6c, 0x6c, 0x65, 0x72, 0x43, 0x6f, 0x6d, 0x70, 0x6f, 0x6e,
    0x65, 0x6e, 0x74, 0x02, 0x68, 0x01, 0x70, 0x04, 0x66, 0x6c, 0x6f, 0x61, 0x74, 0x72, 0x75, 0x6e,
    0x53, 0x70, 0x65, 0x65, 0x64, 0x4b, 0x4e, 0x4f, 0x57, 0x4e, 0x53, 0x74, 0x61, 0x6e, 0x64, 0x61,
    0x72, 0x64, 0x20, 0x72, 0x75, 0x6e, 0x20, 0x73, 0x70, 0x65, 0x65, 0x64, 0x5e, 0x81, 0x05, 0x0c,
    0x29, 0x3b, 0x02, 0x02, 0x01, 0x17, 0x1f, 0x08, 0x17, 0x08, 0x37, 0x63, 0x63, 0x63, 0x5f, 0x6a,
    0x75, 0x6d, 0x70, 0x5f, 0x73, 0x70, 0x65, 0x65, 0x64, 0x43, 0x68, 0x61, 0x72, 0x43, 0x6f, 0x6e,
    0x74, 0x72, 0x6f, 0x6c, 0x6c, 0x65, 0x72, 0x43, 0x6f, 0x6d, 0x70, 0x6f, 0x6e, 0x65, 0x6e, 0x74,
    0x02, 0x5c, 0x01, 0x64, 0x04, 0x66, 0x6c, 0x6f, 0x61, 0x74, 0x6a, 0x75, 0x6d, 0x70, 0x53, 0x70,
    0x65, 0x65, 0x64, 0x4b, 0x4e, 0x4f, 0x57, 0x4e, 0x49, 0x6e, 0x69, 0x74, 0x69, 0x61, 0x6c, 0x20,
    0x6a, 0x75, 0x6d, 0x70, 0x20, 0x76, 0x65, 0x6c, 0x6f, 0x63, 0x69, 0x74, 0x79, 0x67, 0x81, 0x04,
    0x0c, 0x29, 0x3b, 0x02, 0x02, 0x01, 0x1b, 0x1f, 0x08, 0x17, 0x08, 0x45, 0x63, 0x63, 0x63, 0x5f,
    0x6a, 0x75, 0x6d, 0x70, 0x5f, 0x73, 0x74, 0x61, 0x74, 0x65, 0x43, 0x68, 0x61, 0x72, 0x43, 0x6f,
    0x6e, 0x74, 0x72, 0x6f, 0x6c, 0x6c, 0x65, 0x72, 0x43, 0x6f, 0x6d, 0x70, 0x6f, 0x6e, 0x65, 0x6e,
    0x74, 0x02, 0x40, 0x01, 0x50, 0x04, 0x69, 0x6e, 0x74, 0x33, 0x32, 0x5f, 0x74, 0x6a, 0x75, 0x6d,
    0x70, 0x53, 0x74, 0x61, 0x74, 0x65, 0x4b, 0x4e, 0x4f, 0x57, 0x4e, 0x4a, 0x75, 0x6d, 0x70, 0x20,
    0x73, 0x74, 0x61, 0x74, 0x65, 0x20, 0x6d, 0x61, 0x63, 0x68, 0x69, 0x6e, 0x65, 0x20, 0x61, 0x74,
    0x20, 0x2b, 0x30, 0x78, 0x32, 0x34, 0x30, 0x62, 0x81, 0x03, 0x0c, 0x29, 0x3b, 0x02, 0x02, 0x09,
    0x15, 0x1f, 0x08, 0x17, 0x08, 0x43, 0x63, 0x63, 0x63, 0x5f, 0x69, 0x73, 0x5f, 0x6a, 0x75, 0x6d,
    0x70, 0x69, 0x6e, 0x67, 0x43, 0x68, 0x61, 0x72, 0x43, 0x6f, 0x6e, 0x74, 0x72, 0x6f, 0x6c, 0x6c,
    0x65, 0x72, 0x43, 0x6f, 0x6d, 0x70, 0x6f, 0x6e, 0x65, 0x6e, 0x74, 0x02, 0x3c, 0x01, 0x4c, 0x62,
    0x6f, 0x6f, 0x6c, 0x69, 0x73, 0x4a, 0x75, 0x6d, 0x70, 0x69, 0x6e, 0x67, 0x4b, 0x4e, 0x4f, 0x57,
    0x4e, 0x4a, 0x75, 0x6d, 0x70, 0x20, 0x74, 0x72, 0x61, 0x6a, 0x65, 0x63, 0x74, 0x6f, 0x72, 0x79,
    0x20, 0x61, 0x63, 0x74, 0x69, 0x76, 0x65, 0x20, 0x66, 0x6c, 0x61, 0x67, 0x59, 0x81, 0x02, 0x0c,
    0x27, 0x3b, 0x02, 0x02, 0x09, 0x15, 0x1d, 0x08, 0x17, 0x08, 0x35, 0x63, 0x63, 0x63, 0x5f, 0x69,
    0x73, 0x5f, 0x6d, 0x6f, 0x76, 0x69, 0x6e, 0x67, 0x43, 0x68, 0x61, 0x72, 0x43, 0x6f, 0x6e, 0x74,
    0x72, 0x6f, 0x6c, 0x6c, 0x65, 0x72, 0x43, 0x6f, 0x6d, 0x70, 0x6f, 0x6e, 0x65, 0x6e, 0x74, 0x02,
    0x24, 0x01, 0x44, 0x62, 0x6f, 0x6f, 0x6c, 0x69, 0x73, 0x4d, 0x6f, 0x76, 0x69, 0x6e, 0x67, 0x4b,
    0x4e, 0x4f, 0x57, 0x4e, 0x4d, 0x6f, 0x76, 0x65, 0x6d, 0x65, 0x6e, 0x74, 0x20, 0x61, 0x63, 0x74,
    0x69, 0x76, 0x65, 0x20, 0x66, 0x6c, 0x61, 0x67, 0x65, 0x81, 0x01, 0x0c, 0x25, 0x3b, 0x02, 0x02,
    0x01, 0x1b, 0x27, 0x08, 0x17, 0x08, 0x3d, 0x63, 0x63, 0x63, 0x5f, 0x6d, 0x6f, 0x76, 0x65, 0x5f,
    0x64, 0x69, 0x72, 0x43, 0x68, 0x61, 0x72, 0x43, 0x6f, 0x6e, 0x74, 0x72, 0x6f, 0x6c, 0x6c, 0x65,
    0x72, 0x43, 0x6f, 0x6d, 0x70, 0x6f, 0x6e, 0x65, 0x6e, 0x74, 0x02, 0x20, 0x01, 0x40, 0x04, 0x69,
    0x6e, 0x74, 0x33, 0x32, 0x5f, 0x74, 0x6d, 0x6f, 0x76, 0x65, 0x44, 0x69, 0x72, 0x65, 0x63, 0x74,
    0x69, 0x6f, 0x6e, 0x4b, 0x4e, 0x4f, 0x57, 0x4e, 0x4d, 0x6f, 0x76, 0x65, 0x6d, 0x65, 0x6e, 0x74,
    0x20, 0x69, 0x6e, 0x70, 0x75, 0x74, 0x20, 0x64, 0x69, 0x72, 0x65, 0x63, 0x74, 0x69, 0x6f, 0x6e,
};

const unsigned char* embedded_recovery_db_data() { return kEmbeddedRecoveryDbBytes; }
size_t embedded_recovery_db_size() { return sizeof(kEmbeddedRecoveryDbBytes); }

} // namespace swordfare::research
